  0
SECTION
  2
HEADER
  9
$ACADVER
  1
AC1027
  9
$ACADMAINTVER
 70
105
  9
$DWGCODEPAGE
  3
ANSI_1252
  9
$LASTSAVEDBY
  1
ezdxf
  9
$REQUIREDVERSIONS
160
0
  9
$INSBASE
 10
0.0
 20
0.0
 30
0.0
  9
$EXTMIN
 10
1e+20
 20
1e+20
 30
1e+20
  9
$EXTMAX
 10
-1e+20
 20
-1e+20
 30
-1e+20
  9
$LIMMIN
 10
0.0
 20
0.0
  9
$LIMMAX
 10
420.0
 20
297.0
  9
$ORTHOMODE
 70
0
  9
$REGENMODE
 70
1
  9
$FILLMODE
 70
1
  9
$QTEXTMODE
 70
0
  9
$MIRRTEXT
 70
1
  9
$LTSCALE
 40
1.0
  9
$ATTMODE
 70
1
  9
$TEXTSIZE
 40
2.5
  9
$TRACEWID
 40
1.0
  9
$TEXTSTYLE
  7
OpenSans
  9
$CLAYER
  8
0
  9
$CELTYPE
  6
ByLayer
  9
$CECOLOR
 62
256
  9
$CELTSCALE
 40
1.0
  9
$DISPSILH
 70
0
  9
$DIMSCALE
 40
1.0
  9
$DIMASZ
 40
0.175
  9
$DIMEXO
 40
0.125
  9
$DIMDLI
 40
3.75
  9
$DIMRND
 40
0.0
  9
$DIMDLE
 40
0.0
  9
$DIMEXE
 40
0.375
  9
$DIMTP
 40
0.0
  9
$DIMTM
 40
0.0
  9
$DIMTXT
 40
0.25
  9
$DIMCEN
 40
2.5
  9
$DIMTSZ
 40
0.0
  9
$DIMTOL
 70
0
  9
$DIMLIM
 70
0
  9
$DIMTIH
 70
0
  9
$DIMTOH
 70
0
  9
$DIMSE1
 70
0
  9
$DIMSE2
 70
0
  9
$DIMTAD
 70
1
  9
$DIMZIN
 70
12
  9
$DIMBLK
  1
ARCHTICK
  9
$DIMASO
 70
1
  9
$DIMSHO
 70
1
  9
$DIMPOST
  1

  9
$DIMAPOST
  1

  9
$DIMALT
 70
0
  9
$DIMALTD
 70
3
  9
$DIMALTF
 40
0.03937007874
  9
$DIMLFAC
 40
100.0
  9
$DIMTOFL
 70
1
  9
$DIMTVP
 40
0.0
  9
$DIMTIX
 70
0
  9
$DIMSOXD
 70
0
  9
$DIMSAH
 70
0
  9
$DIMBLK1
  1

  9
$DIMBLK2
  1

  9
$DIMSTYLE
  2
EZDXF
  9
$DIMCLRD
 70
0
  9
$DIMCLRE
 70
0
  9
$DIMCLRT
 70
0
  9
$DIMTFAC
 40
0.5
  9
$DIMGAP
 40
0.1
  9
$DIMJUST
 70
0
  9
$DIMSD1
 70
0
  9
$DIMSD2
 70
0
  9
$DIMTOLJ
 70
0
  9
$DIMTZIN
 70
8
  9
$DIMALTZ
 70
0
  9
$DIMALTTZ
 70
0
  9
$DIMUPT
 70
1
  9
$DIMDEC
 70
2
  9
$DIMTDEC
 70
2
  9
$DIMALTU
 70
2
  9
$DIMALTTD
 70
3
  9
$DIMTXSTY
  7
OpenSansCondensed-Light
  9
$DIMAUNIT
 70
0
  9
$DIMADEC
 70
2
  9
$DIMALTRND
 40
0.0
  9
$DIMAZIN
 70
3
  9
$DIMDSEP
 70
46
  9
$DIMATFIT
 70
3
  9
$DIMFRAC
 70
0
  9
$DIMLDRBLK
  1

  9
$DIMLUNIT
 70
2
  9
$DIMLWD
 70
-2
  9
$DIMLWE
 70
-2
  9
$DIMTMOVE
 70
2
  9
$DIMFXL
 40
1.0
  9
$DIMFXLON
 70
0
  9
$DIMJOGANG
 40
0.785398163397
  9
$DIMTFILL
 70
0
  9
$DIMTFILLCLR
 70
0
  9
$DIMARCSYM
 70
0
  9
$DIMLTYPE
  6

  9
$DIMLTEX1
  6

  9
$DIMLTEX2
  6

  9
$DIMTXTDIRECTION
 70
0
  9
$LUNITS
 70
2
  9
$LUPREC
 70
4
  9
$SKETCHINC
 40
1.0
  9
$FILLETRAD
 40
10.0
  9
$AUNITS
 70
0
  9
$AUPREC
 70
2
  9
$MENU
  1
.
  9
$ELEVATION
 40
0.0
  9
$PELEVATION
 40
0.0
  9
$THICKNESS
 40
0.0
  9
$LIMCHECK
 70
0
  9
$CHAMFERA
 40
0.0
  9
$CHAMFERB
 40
0.0
  9
$CHAMFERC
 40
0.0
  9
$CHAMFERD
 40
0.0
  9
$SKPOLY
 70
0
  9
$TDCREATE
 40
2461286.8225
  9
$TDUCREATE
 40
2458532.153996898
  9
$TDUPDATE
 40
2461286.8225
  9
$TDUUPDATE
 40
2458532.1544311
  9
$TDINDWG
 40
0.0
  9
$TDUSRTIMER
 40
0.0
  9
$USRTIMER
 70
1
  9
$ANGBASE
 50
0.0
  9
$ANGDIR
 70
0
  9
$PDMODE
 70
0
  9
$PDSIZE
 40
0.0
  9
$PLINEWID
 40
0.0
  9
$SPLFRAME
 70
0
  9
$SPLINETYPE
 70
6
  9
$SPLINESEGS
 70
8
  9
$HANDSEED
  5
6FB
  9
$SURFTAB1
 70
6
  9
$SURFTAB2
 70
6
  9
$SURFTYPE
 70
6
  9
$SURFU
 70
6
  9
$SURFV
 70
6
  9
$UCSBASE
  2

  9
$UCSNAME
  2

  9
$UCSORG
 10
0.0
 20
0.0
 30
0.0
  9
$UCSXDIR
 10
1.0
 20
0.0
 30
0.0
  9
$UCSYDIR
 10
0.0
 20
1.0
 30
0.0
  9
$UCSORTHOREF
  2

  9
$UCSORTHOVIEW
 70
0
  9
$UCSORGTOP
 10
0.0
 20
0.0
 30
0.0
  9
$UCSORGBOTTOM
 10
0.0
 20
0.0
 30
0.0
  9
$UCSORGLEFT
 10
0.0
 20
0.0
 30
0.0
  9
$UCSORGRIGHT
 10
0.0
 20
0.0
 30
0.0
  9
$UCSORGFRONT
 10
0.0
 20
0.0
 30
0.0
  9
$UCSORGBACK
 10
0.0
 20
0.0
 30
0.0
  9
$PUCSBASE
  2

  9
$PUCSNAME
  2

  9
$PUCSORG
 10
0.0
 20
0.0
 30
0.0
  9
$PUCSXDIR
 10
1.0
 20
0.0
 30
0.0
  9
$PUCSYDIR
 10
0.0
 20
1.0
 30
0.0
  9
$PUCSORTHOREF
  2

  9
$PUCSORTHOVIEW
 70
0
  9
$PUCSORGTOP
 10
0.0
 20
0.0
 30
0.0
  9
$PUCSORGBOTTOM
 10
0.0
 20
0.0
 30
0.0
  9
$PUCSORGLEFT
 10
0.0
 20
0.0
 30
0.0
  9
$PUCSORGRIGHT
 10
0.0
 20
0.0
 30
0.0
  9
$PUCSORGFRONT
 10
0.0
 20
0.0
 30
0.0
  9
$PUCSORGBACK
 10
0.0
 20
0.0
 30
0.0
  9
$USERI1
 70
0
  9
$USERI2
 70
0
  9
$USERI3
 70
0
  9
$USERI4
 70
0
  9
$USERI5
 70
0
  9
$USERR1
 40
0.0
  9
$USERR2
 40
0.0
  9
$USERR3
 40
0.0
  9
$USERR4
 40
0.0
  9
$USERR5
 40
0.0
  9
$WORLDVIEW
 70
1
  9
$SHADEDGE
 70
3
  9
$SHADEDIF
 70
70
  9
$TILEMODE
 70
1
  9
$MAXACTVP
 70
64
  9
$PINSBASE
 10
0.0
 20
0.0
 30
0.0
  9
$PLIMCHECK
 70
0
  9
$PEXTMIN
 10
1e+20
 20
1e+20
 30
1e+20
  9
$PEXTMAX
 10
-1e+20
 20
-1e+20
 30
-1e+20
  9
$PLIMMIN
 10
0.0
 20
0.0
  9
$PLIMMAX
 10
420.0
 20
297.0
  9
$UNITMODE
 70
0
  9
$VISRETAIN
 70
1
  9
$PLINEGEN
 70
0
  9
$PSLTSCALE
 70
1
  9
$TREEDEPTH
 70
3020
  9
$CMLSTYLE
  2
Standard
  9
$CMLJUST
 70
0
  9
$CMLSCALE
 40
20.0
  9
$PROXYGRAPHICS
 70
1
  9
$MEASUREMENT
 70
1
  9
$CELWEIGHT
370
-1
  9
$ENDCAPS
280
0
  9
$JOINSTYLE
280
0
  9
$LWDISPLAY
290
0
  9
$INSUNITS
 70
4
  9
$HYPERLINKBASE
  1

  9
$STYLESHEET
  1

  9
$XEDIT
290
1
  9
$CEPSNTYPE
380
0
  9
$PSTYLEMODE
290
1
  9
$FINGERPRINTGUID
  2
{EBC7528D-B442-4B35-81B6-863729025060}
  9
$VERSIONGUID
  2
{2FEAC088-DACE-4099-8FE8-200F2BB94E2C}
  9
$EXTNAMES
290
1
  9
$PSVPSCALE
 40
0.0
  9
$OLESTARTUP
290
0
  9
$SORTENTS
280
127
  9
$INDEXCTL
280
0
  9
$HIDETEXT
280
1
  9
$XCLIPFRAME
280
1
  9
$HALOGAP
280
0
  9
$OBSCOLOR
 70
257
  9
$OBSLTYPE
280
0
  9
$INTERSECTIONDISPLAY
280
0
  9
$INTERSECTIONCOLOR
 70
257
  9
$DIMASSOC
280
2
  9
$PROJECTNAME
  1

  9
$CAMERADISPLAY
290
0
  9
$LENSLENGTH
 40
50.0
  9
$CAMERAHEIGHT
 40
0.0
  9
$STEPSPERSEC
 40
24.0
  9
$STEPSIZE
 40
100.0
  9
$3DDWFPREC
 40
2.0
  9
$PSOLWIDTH
 40
0.005
  9
$PSOLHEIGHT
 40
0.08
  9
$LOFTANG1
 40
1.570796326795
  9
$LOFTANG2
 40
1.570796326795
  9
$LOFTMAG1
 40
0.0
  9
$LOFTMAG2
 40
0.0
  9
$LOFTPARAM
 70
7
  9
$LOFTNORMALS
280
1
  9
$LATITUDE
 40
37.795
  9
$LONGITUDE
 40
-122.394
  9
$NORTHDIRECTION
 40
0.0
  9
$TIMEZONE
 70
-8000
  9
$LIGHTGLYPHDISPLAY
280
1
  9
$TILEMODELIGHTSYNCH
280
1
  9
$CMATERIAL
347
20
  9
$SOLIDHIST
280
0
  9
$SHOWHIST
280
1
  9
$DWFFRAME
280
2
  9
$DGNFRAME
280
2
  9
$REALWORLDSCALE
290
1
  9
$INTERFERECOLOR
 62
256
  9
$CSHADOW
280
0
  9
$SHADOWPLANELOCATION
 40
0.0
  0
ENDSEC
  0
SECTION
  2
CLASSES
  0
CLASS
  1
ACDBDICTIONARYWDFLT
  2
AcDbDictionaryWithDefault
  3
ObjectDBX Classes
 90
0
 91
0
280
0
281
0
  0
CLASS
  1
SUN
  2
AcDbSun
  3
SCENEOE
 90
1153
 91
0
280
0
281
0
  0
CLASS
  1
VISUALSTYLE
  2
AcDbVisualStyle
  3
ObjectDBX Classes
 90
4095
 91
0
280
0
281
0
  0
CLASS
  1
MATERIAL
  2
AcDbMaterial
  3
ObjectDBX Classes
 90
1153
 91
0
280
0
281
0
  0
CLASS
  1
SCALE
  2
AcDbScale
  3
ObjectDBX Classes
 90
1153
 91
0
280
0
281
0
  0
CLASS
  1
TABLESTYLE
  2
AcDbTableStyle
  3
ObjectDBX Classes
 90
4095
 91
0
280
0
281
0
  0
CLASS
  1
MLEADERSTYLE
  2
AcDbMLeaderStyle
  3
ACDB_MLEADERSTYLE_CLASS
 90
4095
 91
0
280
0
281
0
  0
CLASS
  1
DICTIONARYVAR
  2
AcDbDictionaryVar
  3
ObjectDBX Classes
 90
0
 91
0
280
0
281
0
  0
CLASS
  1
CELLSTYLEMAP
  2
AcDbCellStyleMap
  3
ObjectDBX Classes
 90
1152
 91
0
280
0
281
0
  0
CLASS
  1
MENTALRAYRENDERSETTINGS
  2
AcDbMentalRayRenderSettings
  3
SCENEOE
 90
1024
 91
0
280
0
281
0
  0
CLASS
  1
ACDBDETAILVIEWSTYLE
  2
AcDbDetailViewStyle
  3
ObjectDBX Classes
 90
1025
 91
0
280
0
281
0
  0
CLASS
  1
ACDBSECTIONVIEWSTYLE
  2
AcDbSectionViewStyle
  3
ObjectDBX Classes
 90
1025
 91
0
280
0
281
0
  0
CLASS
  1
RASTERVARIABLES
  2
AcDbRasterVariables
  3
ISM
 90
0
 91
0
280
0
281
0
  0
CLASS
  1
ACDBPLACEHOLDER
  2
AcDbPlaceHolder
  3
ObjectDBX Classes
 90
0
 91
0
280
0
281
0
  0
CLASS
  1
LAYOUT
  2
AcDbLayout
  3
ObjectDBX Classes
 90
0
 91
0
280
0
281
0
  0
ENDSEC
  0
SECTION
  2
TABLES
  0
TABLE
  2
VPORT
  5
8
330
0
100
AcDbSymbolTable
 70
1
  0
VPORT
  5
23
330
8
100
AcDbSymbolTableRecord
100
AcDbViewportTableRecord
  2
*Active
 70
0
 10
0.0
 20
0.0
 11
1.0
 21
1.0
 12
0.0
 22
0.0
 13
0.0
 23
0.0
 14
0.5
 24
0.5
 15
0.5
 25
0.5
 16
0.0
 26
0.0
 36
1.0
 17
0.0
 27
0.0
 37
0.0
 40
1000.0
 41
1.34
 42
50.0
 43
0.0
 44
0.0
 50
0.0
 51
0.0
 71
0
 72
1000
 73
1
 74
3
 75
0
 76
0
 77
0
 78
0
281
0
 65
0
146
0.0
  0
ENDTAB
  0
TABLE
  2
LTYPE
  5
2
330
0
100
AcDbSymbolTable
 70
21
  0
LTYPE
  5
24
330
2
100
AcDbSymbolTableRecord
100
AcDbLinetypeTableRecord
  2
ByBlock
 70
0
  3

 72
65
 73
0
 40
0.0
  0
LTYPE
  5
25
330
2
100
AcDbSymbolTableRecord
100
AcDbLinetypeTableRecord
  2
ByLayer
 70
0
  3

 72
65
 73
0
 40
0.0
  0
LTYPE
  5
26
330
2
100
AcDbSymbolTableRecord
100
AcDbLinetypeTableRecord
  2
Continuous
 70
0
  3

 72
65
 73
0
 40
0.0
  0
LTYPE
  5
2F
330
2
100
AcDbSymbolTableRecord
100
AcDbLinetypeTableRecord
  2
CENTER
 70
0
  3
Center ____ _ ____ _ ____ _ ____ _ ____ _ ____
 72
65
 73
4
 40
5.08
 49
3.175
 74
0
 49
-0.635
 74
0
 49
0.635
 74
0
 49
-0.635
 74
0
  0
LTYPE
  5
30
330
2
100
AcDbSymbolTableRecord
100
AcDbLinetypeTableRecord
  2
CENTERX2
 70
0
  3
Center (2x) ________  __  ________  __  ________
 72
65
 73
4
 40
8.89
 49
6.35
 74
0
 49
-0.635
 74
0
 49
1.27
 74
0
 49
-0.635
 74
0
  0
LTYPE
  5
31
330
2
100
AcDbSymbolTableRecord
100
AcDbLinetypeTableRecord
  2
CENTER2
 70
0
  3
Center (.5x) ____ _ ____ _ ____ _ ____ _ ____
 72
65
 73
4
 40
2.54
 49
1.587
 74
0
 49
-0.318
 74
0
 49
0.318
 74
0
 49
-0.318
 74
0
  0
LTYPE
  5
32
330
2
100
AcDbSymbolTableRecord
100
AcDbLinetypeTableRecord
  2
DASHED
 70
0
  3
Dashed __ __ __ __ __ __ __ __ __ __ __ __ __ _
 72
65
 73
2
 40
1.524
 49
1.27
 74
0
 49
-0.254
 74
0
  0
LTYPE
  5
33
330
2
100
AcDbSymbolTableRecord
100
AcDbLinetypeTableRecord
  2
DASHEDX2
 70
0
  3
Dashed (2x) ____  ____  ____  ____  ____  ____
 72
65
 73
2
 40
3.048
 49
2.54
 74
0
 49
-0.508
 74
0
  0
LTYPE
  5
34
330
2
100
AcDbSymbolTableRecord
100
AcDbLinetypeTableRecord
  2
DASHED2
 70
0
  3
Dashed (.5x) _ _ _ _ _ _ _ _ _ _ _ _ _ _
 72
65
 73
2
 40
0.762
 49
0.635
 74
0
 49
-0.127
 74
0
  0
LTYPE
  5
35
330
2
100
AcDbSymbolTableRecord
100
AcDbLinetypeTableRecord
  2
PHANTOM
 70
0
  3
Phantom ______  __  __  ______  __  __  ______
 72
65
 73
6
 40
6.35
 49
3.175
 74
0
 49
-0.635
 74
0
 49
0.635
 74
0
 49
-0.635
 74
0
 49
0.635
 74
0
 49
-0.635
 74
0
  0
LTYPE
  5
36
330
2
100
AcDbSymbolTableRecord
100
AcDbLinetypeTableRecord
  2
PHANTOMX2
 70
0
  3
Phantom (2x)____________    ____    ____    ____________
 72
65
 73
6
 40
10.795
 49
6.35
 74
0
 49
-0.635
 74
0
 49
1.27
 74
0
 49
-0.635
 74
0
 49
1.27
 74
0
 49
-0.635
 74
0
  0
LTYPE
  5
37
330
2
100
AcDbSymbolTableRecord
100
AcDbLinetypeTableRecord
  2
PHANTOM2
 70
0
  3
Phantom (.5x) ___ _ _ ___ _ _ ___ _ _ ___ _ _ ___
 72
65
 73
6
 40
3.175
 49
1.587
 74
0
 49
-0.318
 74
0
 49
0.318
 74
0
 49
-0.318
 74
0
 49
0.318
 74
0
 49
-0.318
 74
0
  0
LTYPE
  5
38
330
2
100
AcDbSymbolTableRecord
100
AcDbLinetypeTableRecord
  2
DASHDOT
 70
0
  3
Dash dot __ . __ . __ . __ . __ . __ . __ . __
 72
65
 73
4
 40
3.556
 49
2.54
 74
0
 49
-0.508
 74
0
 49
0.0
 74
0
 49
-0.508
 74
0
  0
LTYPE
  5
39
330
2
100
AcDbSymbolTableRecord
100
AcDbLinetypeTableRecord
  2
DASHDOTX2
 70
0
  3
Dash dot (2x) ____  .  ____  .  ____  .  ____
 72
65
 73
4
 40
6.096
 49
5.08
 74
0
 49
-0.508
 74
0
 49
0.0
 74
0
 49
-0.508
 74
0
  0
LTYPE
  5
3A
330
2
100
AcDbSymbolTableRecord
100
AcDbLinetypeTableRecord
  2
DASHDOT2
 70
0
  3
Dash dot (.5x) _ . _ . _ . _ . _ . _ . _ . _
 72
65
 73
4
 40
1.778
 49
1.27
 74
0
 49
-0.254
 74
0
 49
0.0
 74
0
 49
-0.254
 74
0
  0
LTYPE
  5
3B
330
2
100
AcDbSymbolTableRecord
100
AcDbLinetypeTableRecord
  2
DOT
 70
0
  3
Dot .  .  .  .  .  .  .  .  .  .  .  .  .  .  .  .
 72
65
 73
2
 40
0.508
 49
0.0
 74
0
 49
-0.508
 74
0
  0
LTYPE
  5
3C
330
2
100
AcDbSymbolTableRecord
100
AcDbLinetypeTableRecord
  2
DOTX2
 70
0
  3
Dot (2x) .    .    .    .    .    .    .    . 
 72
65
 73
2
 40
1.016
 49
0.0
 74
0
 49
-1.016
 74
0
  0
LTYPE
  5
3D
330
2
100
AcDbSymbolTableRecord
100
AcDbLinetypeTableRecord
  2
DOT2
 70
0
  3
Dot (.5) . . . . . . . . . . . . . . . . . . . 
 72
65
 73
2
 40
0.254
 49
0.0
 74
0
 49
-0.254
 74
0
  0
LTYPE
  5
3E
330
2
100
AcDbSymbolTableRecord
100
AcDbLinetypeTableRecord
  2
DIVIDE
 70
0
  3
Divide __ . . __ . . __ . . __ . . __ . . __
 72
65
 73
6
 40
4.064
 49
2.54
 74
0
 49
-0.508
 74
0
 49
0.0
 74
0
 49
-0.508
 74
0
 49
0.0
 74
0
 49
-0.508
 74
0
  0
LTYPE
  5
3F
330
2
100
AcDbSymbolTableRecord
100
AcDbLinetypeTableRecord
  2
DIVIDEX2
 70
0
  3
Divide (2x) ____  . .  ____  . .  ____  . .  ____
 72
65
 73
6
 40
6.604
 49
5.08
 74
0
 49
-0.508
 74
0
 49
0.0
 74
0
 49
-0.508
 74
0
 49
0.0
 74
0
 49
-0.508
 74
0
  0
LTYPE
  5
40
330
2
100
AcDbSymbolTableRecord
100
AcDbLinetypeTableRecord
  2
DIVIDE2
 70
0
  3
Divide(.5x) _ . _ . _ . _ . _ . _ . _ . _
 72
65
 73
6
 40
2.032
 49
1.27
 74
0
 49
-0.254
 74
0
 49
0.0
 74
0
 49
-0.254
 74
0
 49
0.0
 74
0
 49
-0.254
 74
0
  0
ENDTAB
  0
TABLE
  2
LAYER
  5
1
330
0
100
AcDbSymbolTable
 70
5
  0
LAYER
  5
27
330
1
100
AcDbSymbolTableRecord
100
AcDbLayerTableRecord
  2
0
 70
0
 62
7
  6
Continuous
370
-3
390
13
347
21
  0
LAYER
  5
28
330
1
100
AcDbSymbolTableRecord
100
AcDbLayerTableRecord
  2
Defpoints
 70
0
 62
7
  6
Continuous
290
0
370
-3
390
13
347
21
  0
LAYER
  5
8A
330
1
100
AcDbSymbolTableRecord
100
AcDbLayerTableRecord
  2
AVAN-CIZGI
 70
0
 62
7
  6
Continuous
370
-3
390
13
347
21
  0
LAYER
  5
8B
330
1
100
AcDbSymbolTableRecord
100
AcDbLayerTableRecord
  2
AVAN-YAZI
 70
0
 62
7
  6
Continuous
370
-3
390
13
347
21
  0
LAYER
  5
8C
330
1
100
AcDbSymbolTableRecord
100
AcDbLayerTableRecord
  2
AVAN-A4
 70
0
 62
8
  6
Continuous
370
-3
390
13
347
21
  0
ENDTAB
  0
TABLE
  2
STYLE
  5
5
330
0
100
AcDbSymbolTable
 70
28
  0
STYLE
  5
29
330
5
100
AcDbSymbolTableRecord
100
AcDbTextStyleTableRecord
  2
Standard
 70
0
 40
0.0
 41
1.0
 50
0.0
 71
0
 42
2.5
  3
txt
  4

  0
STYLE
  5
41
330
5
100
AcDbSymbolTableRecord
100
AcDbTextStyleTableRecord
  2
OpenSans-Light
 70
0
 40
0.0
 41
1.0
 50
0.0
 71
0
 42
2.5
  3
OpenSans-Light.ttf
  4

  0
STYLE
  5
42
330
5
100
AcDbSymbolTableRecord
100
AcDbTextStyleTableRecord
  2
OpenSans-Light-Italic
 70
0
 40
0.0
 41
1.0
 50
0.0
 71
0
 42
2.5
  3
OpenSans-LightItalic.ttf
  4

  0
STYLE
  5
43
330
5
100
AcDbSymbolTableRecord
100
AcDbTextStyleTableRecord
  2
OpenSans
 70
0
 40
0.0
 41
1.0
 50
0.0
 71
0
 42
2.5
  3
OpenSans-Regular.ttf
  4

  0
STYLE
  5
44
330
5
100
AcDbSymbolTableRecord
100
AcDbTextStyleTableRecord
  2
OpenSans-Italic
 70
0
 40
0.0
 41
1.0
 50
0.0
 71
0
 42
2.5
  3
OpenSans-Italic.ttf
  4

  0
STYLE
  5
45
330
5
100
AcDbSymbolTableRecord
100
AcDbTextStyleTableRecord
  2
OpenSans-SemiBold
 70
0
 40
0.0
 41
1.0
 50
0.0
 71
0
 42
2.5
  3
OpenSans-SemiBold.ttf
  4

  0
STYLE
  5
46
330
5
100
AcDbSymbolTableRecord
100
AcDbTextStyleTableRecord
  2
OpenSans-SemiBoldItalic
 70
0
 40
0.0
 41
1.0
 50
0.0
 71
0
 42
2.5
  3
OpenSans-SemiBoldItalic.ttf
  4

  0
STYLE
  5
47
330
5
100
AcDbSymbolTableRecord
100
AcDbTextStyleTableRecord
  2
OpenSans-Bold
 70
0
 40
0.0
 41
1.0
 50
0.0
 71
0
 42
2.5
  3
OpenSans-Bold.ttf
  4

  0
STYLE
  5
48
330
5
100
AcDbSymbolTableRecord
100
AcDbTextStyleTableRecord
  2
OpenSans-BoldItalic
 70
0
 40
0.0
 41
1.0
 50
0.0
 71
0
 42
2.5
  3
OpenSans-BoldItalic.ttf
  4

  0
STYLE
  5
49
330
5
100
AcDbSymbolTableRecord
100
AcDbTextStyleTableRecord
  2
OpenSans-ExtraBold
 70
0
 40
0.0
 41
1.0
 50
0.0
 71
0
 42
2.5
  3
OpenSans-ExtraBold.ttf
  4

  0
STYLE
  5
4A
330
5
100
AcDbSymbolTableRecord
100
AcDbTextStyleTableRecord
  2
OpenSans-ExtraBoldItalic
 70
0
 40
0.0
 41
1.0
 50
0.0
 71
0
 42
2.5
  3
OpenSans-ExtraBoldItalic.ttf
  4

  0
STYLE
  5
4B
330
5
100
AcDbSymbolTableRecord
100
AcDbTextStyleTableRecord
  2
OpenSansCondensed-Bold
 70
0
 40
0.0
 41
1.0
 50
0.0
 71
0
 42
2.5
  3
OpenSansCondensed-Bold.ttf
  4

  0
STYLE
  5
4C
330
5
100
AcDbSymbolTableRecord
100
AcDbTextStyleTableRecord
  2
OpenSansCondensed-Light
 70
0
 40
0.0
 41
1.0
 50
0.0
 71
0
 42
2.5
  3
OpenSansCondensed-Light.ttf
  4

  0
STYLE
  5
4D
330
5
100
AcDbSymbolTableRecord
100
AcDbTextStyleTableRecord
  2
OpenSansCondensed-Italic
 70
0
 40
0.0
 41
1.0
 50
0.0
 71
0
 42
2.5
  3
OpenSansCondensed-LightItalic.ttf
  4

  0
STYLE
  5
4E
330
5
100
AcDbSymbolTableRecord
100
AcDbTextStyleTableRecord
  2
LiberationSans
 70
0
 40
0.0
 41
1.0
 50
0.0
 71
0
 42
2.5
  3
LiberationSans-Regular.ttf
  4

  0
STYLE
  5
4F
330
5
100
AcDbSymbolTableRecord
100
AcDbTextStyleTableRecord
  2
LiberationSans-Bold
 70
0
 40
0.0
 41
1.0
 50
0.0
 71
0
 42
2.5
  3
LiberationSans-Bold.ttf
  4

  0
STYLE
  5
50
330
5
100
AcDbSymbolTableRecord
100
AcDbTextStyleTableRecord
  2
LiberationSans-BoldItalic
 70
0
 40
0.0
 41
1.0
 50
0.0
 71
0
 42
2.5
  3
LiberationSans-BoldItalic.ttf
  4

  0
STYLE
  5
51
330
5
100
AcDbSymbolTableRecord
100
AcDbTextStyleTableRecord
  2
LiberationSans-Italic
 70
0
 40
0.0
 41
1.0
 50
0.0
 71
0
 42
2.5
  3
LiberationSans-Italic.ttf
  4

  0
STYLE
  5
52
330
5
100
AcDbSymbolTableRecord
100
AcDbTextStyleTableRecord
  2
LiberationSerif
 70
0
 40
0.0
 41
1.0
 50
0.0
 71
0
 42
2.5
  3
LiberationSerif-Regular.ttf
  4

  0
STYLE
  5
53
330
5
100
AcDbSymbolTableRecord
100
AcDbTextStyleTableRecord
  2
LiberationSerif-Bold
 70
0
 40
0.0
 41
1.0
 50
0.0
 71
0
 42
2.5
  3
LiberationSerif-Bold.ttf
  4

  0
STYLE
  5
54
330
5
100
AcDbSymbolTableRecord
100
AcDbTextStyleTableRecord
  2
LiberationSerif-BoldItalic
 70
0
 40
0.0
 41
1.0
 50
0.0
 71
0
 42
2.5
  3
LiberationSerif-BoldItalic.ttf
  4

  0
STYLE
  5
55
330
5
100
AcDbSymbolTableRecord
100
AcDbTextStyleTableRecord
  2
LiberationSerif-Italic
 70
0
 40
0.0
 41
1.0
 50
0.0
 71
0
 42
2.5
  3
LiberationSerif-Italic.ttf
  4

  0
STYLE
  5
56
330
5
100
AcDbSymbolTableRecord
100
AcDbTextStyleTableRecord
  2
LiberationMono
 70
0
 40
0.0
 41
1.0
 50
0.0
 71
0
 42
2.5
  3
LiberationMono-Regular.ttf
  4

  0
STYLE
  5
57
330
5
100
AcDbSymbolTableRecord
100
AcDbTextStyleTableRecord
  2
LiberationMono-Bold
 70
0
 40
0.0
 41
1.0
 50
0.0
 71
0
 42
2.5
  3
LiberationMono-Bold.ttf
  4

  0
STYLE
  5
58
330
5
100
AcDbSymbolTableRecord
100
AcDbTextStyleTableRecord
  2
LiberationMono-BoldItalic
 70
0
 40
0.0
 41
1.0
 50
0.0
 71
0
 42
2.5
  3
LiberationMono-BoldItalic.ttf
  4

  0
STYLE
  5
59
330
5
100
AcDbSymbolTableRecord
100
AcDbTextStyleTableRecord
  2
LiberationMono-Italic
 70
0
 40
0.0
 41
1.0
 50
0.0
 71
0
 42
2.5
  3
LiberationMono-Italic.ttf
  4

  0
STYLE
  5
8D
330
5
100
AcDbSymbolTableRecord
100
AcDbTextStyleTableRecord
  2
AVAN
 70
0
 40
0.0
 41
1.0
 50
0.0
 71
0
 42
2.5
  3
arial.ttf
  4

1001
ACAD
1000
Arial
1071
34
  0
STYLE
  5
8E
330
5
100
AcDbSymbolTableRecord
100
AcDbTextStyleTableRecord
  2
AVAN-KALIN
 70
0
 40
0.0
 41
1.0
 50
0.0
 71
0
 42
2.5
  3
arial.ttf
  4

1001
ACAD
1000
Arial
1071
33554466
  0
ENDTAB
  0
TABLE
  2
VIEW
  5
7
330
0
100
AcDbSymbolTable
 70
0
  0
ENDTAB
  0
TABLE
  2
UCS
  5
6
330
0
100
AcDbSymbolTable
 70
0
  0
ENDTAB
  0
TABLE
  2
APPID
  5
3
330
0
100
AcDbSymbolTable
 70
3
  0
APPID
  5
2A
330
3
100
AcDbSymbolTableRecord
100
AcDbRegAppTableRecord
  2
ACAD
 70
0
  0
APPID
  5
6F8
330
3
100
AcDbSymbolTableRecord
100
AcDbRegAppTableRecord
  2
HATCHBACKGROUNDCOLOR
 70
0
  0
APPID
  5
6F9
330
3
100
AcDbSymbolTableRecord
100
AcDbRegAppTableRecord
  2
EZDXF
 70
0
  0
ENDTAB
  0
TABLE
  2
DIMSTYLE
  5
4
330
0
100
AcDbSymbolTable
 70
12
100
AcDbDimStyleTable
  0
DIMSTYLE
105
2B
330
4
100
AcDbSymbolTableRecord
100
AcDbDimStyleTableRecord
  2
Standard
 70
0
 40
1.0
 41
2.5
 42
0.625
 43
3.75
 44
1.25
 45
0.0
 46
0.0
 47
0.0
 48
0.0
 49
2.5
140
2.5
141
2.5
142
0.0
143
0.03937007874
144
1.0
145
0.0
146
1.0
147
0.625
148
0.0
 69
0
 70
0
 71
0
 72
0
 73
0
 74
0
 75
0
 76
0
 77
1
 78
8
 79
3
170
0
171
3
172
1
173
0
174
0
175
0
176
0
177
0
178
0
179
2
271
2
272
2
273
2
274
3
275
0
276
0
277
2
278
44
279
0
280
0
281
0
282
0
283
0
284
8
285
0
286
0
288
0
289
3
290
0
371
-2
372
-2
  0
DIMSTYLE
105
73
330
4
100
AcDbSymbolTableRecord
100
AcDbDimStyleTableRecord
  2
EZDXF
 70
0
 40
1.0
 41
0.175
 42
0.125
 43
3.75
 44
0.375
 45
0.0
 46
0.0
 47
0.0
 48
0.0
 49
2.5
140
0.25
141
2.5
142
0.0
143
0.03937007874
144
100.0
145
0.0
146
0.5
147
0.1
148
0.0
 69
0
 70
0
 71
0
 72
0
 73
0
 74
0
 75
0
 76
0
 77
1
 78
12
 79
3
170
0
171
3
172
1
173
0
174
0
175
0
176
0
177
0
178
0
179
2
271
2
272
2
273
2
274
3
275
0
276
0
277
2
278
46
279
2
280
0
281
0
282
0
283
0
284
8
285
0
286
0
288
1
289
3
290
0
340
4C
342
74
371
-2
372
-2
  0
DIMSTYLE
105
7C
330
4
100
AcDbSymbolTableRecord
100
AcDbDimStyleTableRecord
  2
EZ_M_100_H25_CM
 70
0
 40
1.0
 41
0.25
 42
0.125
 43
3.75
 44
0.375
 45
0.0
 46
0.0
 47
0.0
 48
0.0
 49
2.5
140
0.25
141
2.5
142
0.125
143
0.03937007874
144
100.0
145
0.0
146
0.5
147
0.1
148
0.0
 69
0
 70
0
 71
0
 72
0
 73
0
 74
0
 75
0
 76
0
 77
1
 78
12
 79
3
170
0
171
3
172
1
173
0
174
0
175
0
176
0
177
0
178
0
179
2
271
2
272
2
273
2
274
3
275
0
276
0
277
2
278
46
279
2
280
0
281
0
282
0
283
0
284
8
285
0
286
0
288
1
289
3
290
0
340
4C
371
-2
372
-2
  0
DIMSTYLE
105
7D
330
4
100
AcDbSymbolTableRecord
100
AcDbDimStyleTableRecord
  2
EZ_M_50_H25_CM
 70
0
 40
1.0
 41
0.125
 42
0.0625
 43
3.75
 44
0.1875
 45
0.0
 46
0.0
 47
0.0
 48
0.0
 49
2.5
140
0.125
141
2.5
142
0.0625
143
0.03937007874
144
100.0
145
0.0
146
0.5
147
0.05
148
0.0
 69
0
 70
0
 71
0
 72
0
 73
0
 74
0
 75
0
 76
0
 77
1
 78
12
 79
3
170
0
171
3
172
1
173
0
174
0
175
0
176
0
177
0
178
0
179
2
271
2
272
2
273
2
274
3
275
0
276
0
277
2
278
46
279
2
280
0
281
0
282
0
283
0
284
8
285
0
286
0
288
1
289
3
290
0
340
4C
371
-2
372
-2
  0
DIMSTYLE
105
7E
330
4
100
AcDbSymbolTableRecord
100
AcDbDimStyleTableRecord
  2
EZ_M_25_H25_CM
 70
0
 40
1.0
 41
0.0625
 42
0.03125
 43
3.75
 44
0.09375
 45
0.0
 46
0.0
 47
0.0
 48
0.0
 49
2.5
140
0.0625
141
2.5
142
0.03125
143
0.03937007874
144
100.0
145
0.0
146
0.5
147
0.025
148
0.0
 69
0
 70
0
 71
0
 72
0
 73
0
 74
0
 75
0
 76
0
 77
1
 78
12
 79
3
170
0
171
3
172
1
173
0
174
0
175
0
176
0
177
0
178
0
179
2
271
2
272
2
273
2
274
3
275
0
276
0
277
2
278
46
279
2
280
0
281
0
282
0
283
0
284
8
285
0
286
0
288
1
289
3
290
0
340
4C
371
-2
372
-2
  0
DIMSTYLE
105
7F
330
4
100
AcDbSymbolTableRecord
100
AcDbDimStyleTableRecord
  2
EZ_M_20_H25_CM
 70
0
 40
1.0
 41
0.05
 42
0.025
 43
3.75
 44
0.07500000000000001
 45
0.0
 46
0.0
 47
0.0
 48
0.0
 49
2.5
140
0.05
141
2.5
142
0.025
143
0.03937007874
144
100.0
145
0.0
146
0.5
147
0.020000000000000004
148
0.0
 69
0
 70
0
 71
0
 72
0
 73
0
 74
0
 75
0
 76
0
 77
1
 78
12
 79
3
170
0
171
3
172
1
173
0
174
0
175
0
176
0
177
0
178
0
179
2
271
2
272
2
273
2
274
3
275
0
276
0
277
2
278
46
279
2
280
0
281
0
282
0
283
0
284
8
285
0
286
0
288
1
289
3
290
0
340
4C
371
-2
372
-2
  0
DIMSTYLE
105
80
330
4
100
AcDbSymbolTableRecord
100
AcDbDimStyleTableRecord
  2
EZ_M_10_H25_CM
 70
0
 40
1.0
 41
0.025
 42
0.0125
 43
3.75
 44
0.037500000000000006
 45
0.0
 46
0.0
 47
0.0
 48
0.0
 49
2.5
140
0.025
141
2.5
142
0.0125
143
0.03937007874
144
100.0
145
0.0
146
0.5
147
0.010000000000000002
148
0.0
 69
0
 70
0
 71
0
 72
0
 73
0
 74
0
 75
0
 76
0
 77
1
 78
12
 79
3
170
0
171
3
172
1
173
0
174
0
175
0
176
0
177
0
178
0
179
2
271
2
272
2
273
2
274
3
275
0
276
0
277
2
278
46
279
2
280
0
281
0
282
0
283
0
284
8
285
0
286
0
288
1
289
3
290
0
340
4C
371
-2
372
-2
  0
DIMSTYLE
105
81
330
4
100
AcDbSymbolTableRecord
100
AcDbDimStyleTableRecord
  2
EZ_M_5_H25_CM
 70
0
 40
1.0
 41
0.0125
 42
0.00625
 43
3.75
 44
0.018750000000000003
 45
0.0
 46
0.0
 47
0.0
 48
0.0
 49
2.5
140
0.0125
141
2.5
142
0.00625
143
0.03937007874
144
100.0
145
0.0
146
0.5
147
0.005000000000000001
148
0.0
 69
0
 70
0
 71
0
 72
0
 73
0
 74
0
 75
0
 76
0
 77
1
 78
12
 79
3
170
0
171
3
172
1
173
0
174
0
175
0
176
0
177
0
178
0
179
2
271
2
272
2
273
2
274
3
275
0
276
0
277
2
278
46
279
2
280
0
281
0
282
0
283
0
284
8
285
0
286
0
288
1
289
3
290
0
340
4C
371
-2
372
-2
  0
DIMSTYLE
105
82
330
4
100
AcDbSymbolTableRecord
100
AcDbDimStyleTableRecord
  2
EZ_M_1_H25_CM
 70
0
 40
1.0
 41
0.0025
 42
0.00125
 43
3.75
 44
0.00375
 45
0.0
 46
0.0
 47
0.0
 48
0.0
 49
2.5
140
0.0025
141
2.5
142
0.00125
143
0.03937007874
144
100.0
145
0.0
146
0.5
147
0.001
148
0.0
 69
0
 70
0
 71
0
 72
0
 73
0
 74
0
 75
0
 76
0
 77
1
 78
12
 79
3
170
0
171
3
172
1
173
0
174
0
175
0
176
0
177
0
178
0
179
2
271
2
272
2
273
2
274
3
275
0
276
0
277
2
278
46
279
2
280
0
281
0
282
0
283
0
284
8
285
0
286
0
288
1
289
3
290
0
340
4C
371
-2
372
-2
  0
DIMSTYLE
105
83
330
4
100
AcDbSymbolTableRecord
100
AcDbDimStyleTableRecord
  2
EZ_RADIUS
 70
0
 40
1.0
 41
0.25
 42
0.125
 43
3.75
 44
0.375
 45
0.0
 46
0.0
 47
0.0
 48
0.0
 49
2.5
140
0.25
141
0.0
142
0.0
143
0.03937007874
144
100.0
145
0.0
146
0.5
147
0.1
148
0.0
 69
0
 70
0
 71
0
 72
0
 73
0
 74
0
 75
0
 76
0
 77
1
 78
12
 79
3
170
0
171
3
172
0
173
0
174
0
175
0
176
0
177
0
178
0
179
2
271
2
272
2
273
2
274
3
275
0
276
0
277
2
278
46
279
1
280
0
281
0
282
0
283
0
284
8
285
0
286
0
288
1
289
3
290
0
340
4C
342
84
371
-2
372
-2
  0
DIMSTYLE
105
88
330
4
100
AcDbSymbolTableRecord
100
AcDbDimStyleTableRecord
  2
EZ_RADIUS_INSIDE
 70
0
 40
1.0
 41
0.25
 42
0.125
 43
3.75
 44
0.375
 45
0.0
 46
0.0
 47
0.0
 48
0.0
 49
2.5
140
0.25
141
0.0
142
0.0
143
0.03937007874
144
100.0
145
0.0
146
0.5
147
0.1
148
0.0
 69
0
 70
0
 71
0
 72
0
 73
0
 74
0
 75
0
 76
0
 77
0
 78
12
 79
3
170
0
171
3
172
0
173
0
174
1
175
0
176
0
177
0
178
0
179
2
271
2
272
2
273
2
274
3
275
0
276
0
277
2
278
46
279
0
280
0
281
0
282
0
283
0
284
8
285
0
286
0
288
1
289
0
290
0
340
4C
342
84
371
-2
372
-2
  0
DIMSTYLE
105
89
330
4
100
AcDbSymbolTableRecord
100
AcDbDimStyleTableRecord
  2
EZ_CURVED
 70
0
 40
1.0
 41
0.25
 42
0.125
 43
3.75
 44
0.375
 45
0.0
 46
0.0
 47
0.0
 48
0.0
 49
2.5
140
0.25
141
2.5
142
0.0
143
0.03937007874
144
100.0
145
0.0
146
0.5
147
0.1
148
0.0
 69
0
 70
0
 71
0
 72
0
 73
0
 74
0
 75
0
 76
0
 77
1
 78
12
 79
2
 90
2
170
0
171
3
172
1
173
0
174
0
175
0
176
0
177
0
178
0
179
2
271
2
272
2
273
2
274
3
275
0
276
0
277
2
278
46
279
2
280
0
281
0
282
0
283
0
284
8
285
0
286
0
288
1
289
3
290
0
340
4C
371
-2
372
-2
  0
ENDTAB
  0
TABLE
  2
BLOCK_RECORD
  5
9
330
0
100
AcDbSymbolTable
 70
5
  0
BLOCK_RECORD
  5
17
330
9
100
AcDbSymbolTableRecord
100
AcDbBlockTableRecord
  2
*Model_Space
340
1A
 70
0
280
1
281
0
  0
BLOCK_RECORD
  5
1B
330
9
100
AcDbSymbolTableRecord
100
AcDbBlockTableRecord
  2
*Paper_Space
340
1E
 70
0
280
1
281
0
  0
BLOCK_RECORD
  5
74
330
9
100
AcDbSymbolTableRecord
100
AcDbBlockTableRecord
  2
_ARCHTICK
340
0
 70
0
280
1
281
0
  0
BLOCK_RECORD
  5
78
330
9
100
AcDbSymbolTableRecord
100
AcDbBlockTableRecord
  2
_CLOSEDFILLED
340
0
 70
0
280
1
281
0
  0
BLOCK_RECORD
  5
84
330
9
100
AcDbSymbolTableRecord
100
AcDbBlockTableRecord
  2
_CLOSEDBLANK
340
0
 70
0
280
1
281
0
  0
ENDTAB
  0
ENDSEC
  0
SECTION
  2
BLOCKS
  0
BLOCK
  5
18
330
17
100
AcDbEntity
  8
0
100
AcDbBlockBegin
  2
*Model_Space
 70
0
 10
0.0
 20
0.0
 30
0.0
  3
*Model_Space
  1

  0
ENDBLK
  5
19
330
17
100
AcDbEntity
  8
0
100
AcDbBlockEnd
  0
BLOCK
  5
1C
330
1B
100
AcDbEntity
  8
0
100
AcDbBlockBegin
  2
*Paper_Space
 70
0
 10
0.0
 20
0.0
 30
0.0
  3
*Paper_Space
  1

  0
ENDBLK
  5
1D
330
1B
100
AcDbEntity
  8
0
100
AcDbBlockEnd
  0
BLOCK
  5
75
330
74
100
AcDbEntity
  8
0
100
AcDbBlockBegin
  2
_ARCHTICK
 70
0
 10
0.0
 20
0.0
 30
0.0
  3
_ARCHTICK
  1

  0
LWPOLYLINE
  5
77
330
74
100
AcDbEntity
  8
0
  6
BYBLOCK
 62
0
100
AcDbPolyline
 90
2
 70
0
 43
0.15
 10
-0.5
 20
-0.5
 10
0.5
 20
0.5
  0
ENDBLK
  5
76
330
74
100
AcDbEntity
  8
0
100
AcDbBlockEnd
  0
BLOCK
  5
79
330
78
100
AcDbEntity
  8
0
100
AcDbBlockBegin
  2
_CLOSEDFILLED
 70
0
 10
0.0
 20
0.0
 30
0.0
  3
_CLOSEDFILLED
  1

  0
SOLID
  5
7B
330
78
100
AcDbEntity
  8
0
  6
BYBLOCK
 62
0
100
AcDbTrace
 10
-1.0
 20
0.16439898372402537
 30
0.0
 11
0.0
 21
0.0
 31
0.0
 12
-1.0
 22
-0.16439898372402537
 32
0.0
 13
-1.0
 23
-0.16439898372402537
 33
0.0
  0
ENDBLK
  5
7A
330
78
100
AcDbEntity
  8
0
100
AcDbBlockEnd
  0
BLOCK
  5
85
330
84
100
AcDbEntity
  8
0
100
AcDbBlockBegin
  2
_CLOSEDBLANK
 70
0
 10
0.0
 20
0.0
 30
0.0
  3
_CLOSEDBLANK
  1

  0
LWPOLYLINE
  5
87
330
84
100
AcDbEntity
  8
0
  6
BYBLOCK
 62
0
100
AcDbPolyline
 90
3
 70
1
 10
-1.0
 20
0.16439898372402537
 10
0.0
 20
0.0
 10
-1.0
 20
-0.16439898372402537
  0
ENDBLK
  5
86
330
84
100
AcDbEntity
  8
0
100
AcDbBlockEnd
  0
ENDSEC
  0
SECTION
  2
ENTITIES
  0
LWPOLYLINE
  5
8F
330
17
100
AcDbEntity
  8
AVAN-A4
100
AcDbPolyline
 90
4
 70
1
 10
0.0
 20
0.0
 10
210.00000333333332
 20
0.0
 10
210.00000333333332
 20
297.0000127777778
 10
0.0
 20
297.0000127777778
  0
LINE
  5
90
330
17
100
AcDbEntity
  8
AVAN-CIZGI
100
AcDbLine
 10
12.0
 20
17.2738
 30
0.0
 11
198.0
 21
17.2738
 31
0.0
  0
LINE
  5
91
330
17
100
AcDbEntity
  8
AVAN-CIZGI
100
AcDbLine
 10
198.0
 20
17.2738
 30
0.0
 11
198.0
 21
279.7177
 31
0.0
  0
LINE
  5
92
330
17
100
AcDbEntity
  8
AVAN-CIZGI
100
AcDbLine
 10
198.0
 20
279.7177
 30
0.0
 11
12.0
 21
279.7177
 31
0.0
  0
LINE
  5
93
330
17
100
AcDbEntity
  8
AVAN-CIZGI
100
AcDbLine
 10
12.0
 20
279.7177
 30
0.0
 11
12.0
 21
17.2738
 31
0.0
  0
LINE
  5
94
330
17
100
AcDbEntity
  8
AVAN-CIZGI
100
AcDbLine
 10
16.0879
 20
21.3618
 30
0.0
 11
193.912
 21
21.3618
 31
0.0
  0
LINE
  5
95
330
17
100
AcDbEntity
  8
AVAN-CIZGI
100
AcDbLine
 10
193.912
 20
21.3618
 30
0.0
 11
193.912
 21
275.6298
 31
0.0
  0
LINE
  5
96
330
17
100
AcDbEntity
  8
AVAN-CIZGI
100
AcDbLine
 10
193.912
 20
275.6298
 30
0.0
 11
16.0879
 21
275.6298
 31
0.0
  0
LINE
  5
97
330
17
100
AcDbEntity
  8
AVAN-CIZGI
100
AcDbLine
 10
16.0879
 20
275.6298
 30
0.0
 11
16.0879
 21
21.3618
 31
0.0
  0
LINE
  5
98
330
17
100
AcDbEntity
  8
AVAN-CIZGI
100
AcDbLine
 10
20.0941
 20
264.429
 30
0.0
 11
189.4562
 21
264.429
 31
0.0
  0
LINE
  5
99
330
17
100
AcDbEntity
  8
AVAN-CIZGI
100
AcDbLine
 10
189.4562
 20
264.429
 30
0.0
 11
189.4562
 21
271.7054
 31
0.0
  0
LINE
  5
9A
330
17
100
AcDbEntity
  8
AVAN-CIZGI
100
AcDbLine
 10
189.4562
 20
271.7054
 30
0.0
 11
20.0941
 21
271.7054
 31
0.0
  0
LINE
  5
9B
330
17
100
AcDbEntity
  8
AVAN-CIZGI
100
AcDbLine
 10
20.0941
 20
271.7054
 30
0.0
 11
20.0941
 21
264.429
 31
0.0
  0
LINE
  5
9C
330
17
100
AcDbEntity
  8
AVAN-CIZGI
100
AcDbLine
 10
44.2945
 20
271.7054
 30
0.0
 11
44.2945
 21
264.429
 31
0.0
  0
LINE
  5
9D
330
17
100
AcDbEntity
  8
AVAN-CIZGI
100
AcDbLine
 10
82.4756
 20
271.7054
 30
0.0
 11
82.4756
 21
264.429
 31
0.0
  0
LINE
  5
9E
330
17
100
AcDbEntity
  8
AVAN-CIZGI
100
AcDbLine
 10
44.2945
 20
268.0672
 30
0.0
 11
189.4562
 21
268.0672
 31
0.0
  0
LINE
  5
9F
330
17
100
AcDbEntity
  8
AVAN-CIZGI
100
AcDbLine
 10
20.0941
 20
254.5771
 30
0.0
 11
189.4562
 21
254.5771
 31
0.0
  0
LINE
  5
A0
330
17
100
AcDbEntity
  8
AVAN-CIZGI
100
AcDbLine
 10
189.4562
 20
254.5771
 30
0.0
 11
189.4562
 21
261.8127
 31
0.0
  0
LINE
  5
A1
330
17
100
AcDbEntity
  8
AVAN-CIZGI
100
AcDbLine
 10
189.4562
 20
261.8127
 30
0.0
 11
20.0941
 21
261.8127
 31
0.0
  0
LINE
  5
A2
330
17
100
AcDbEntity
  8
AVAN-CIZGI
100
AcDbLine
 10
20.0941
 20
261.8127
 30
0.0
 11
20.0941
 21
254.5771
 31
0.0
  0
LINE
  5
A3
330
17
100
AcDbEntity
  8
AVAN-CIZGI
100
AcDbLine
 10
44.2945
 20
261.8127
 30
0.0
 11
44.2945
 21
254.5771
 31
0.0
  0
LINE
  5
A4
330
17
100
AcDbEntity
  8
AVAN-CIZGI
100
AcDbLine
 10
82.4756
 20
261.8127
 30
0.0
 11
82.4756
 21
254.5771
 31
0.0
  0
LINE
  5
A5
330
17
100
AcDbEntity
  8
AVAN-CIZGI
100
AcDbLine
 10
44.2945
 20
258.1745
 30
0.0
 11
189.4562
 21
258.1745
 31
0.0
  0
LINE
  5
A6
330
17
100
AcDbEntity
  8
AVAN-CIZGI
100
AcDbLine
 10
20.0941
 20
244.6844
 30
0.0
 11
189.4562
 21
244.6844
 31
0.0
  0
LINE
  5
A7
330
17
100
AcDbEntity
  8
AVAN-CIZGI
100
AcDbLine
 10
189.4562
 20
244.6844
 30
0.0
 11
189.4562
 21
251.92
 31
0.0
  0
LINE
  5
A8
330
17
100
AcDbEntity
  8
AVAN-CIZGI
100
AcDbLine
 10
189.4562
 20
251.92
 30
0.0
 11
20.0941
 21
251.92
 31
0.0
  0
LINE
  5
A9
330
17
100
AcDbEntity
  8
AVAN-CIZGI
100
AcDbLine
 10
20.0941
 20
251.92
 30
0.0
 11
20.0941
 21
244.6844
 31
0.0
  0
LINE
  5
AA
330
17
100
AcDbEntity
  8
AVAN-CIZGI
100
AcDbLine
 10
44.2945
 20
251.92
 30
0.0
 11
44.2945
 21
244.6844
 31
0.0
  0
LINE
  5
AB
330
17
100
AcDbEntity
  8
AVAN-CIZGI
100
AcDbLine
 10
66.4101
 20
251.92
 30
0.0
 11
66.4101
 21
244.6844
 31
0.0
  0
LINE
  5
AC
330
17
100
AcDbEntity
  8
AVAN-CIZGI
100
AcDbLine
 10
88.1987
 20
251.92
 30
0.0
 11
88.1987
 21
244.6844
 31
0.0
  0
LINE
  5
AD
330
17
100
AcDbEntity
  8
AVAN-CIZGI
100
AcDbLine
 10
114.811
 20
251.92
 30
0.0
 11
114.811
 21
244.6844
 31
0.0
  0
LINE
  5
AE
330
17
100
AcDbEntity
  8
AVAN-CIZGI
100
AcDbLine
 10
134.4738
 20
251.92
 30
0.0
 11
134.4738
 21
244.6844
 31
0.0
  0
LINE
  5
AF
330
17
100
AcDbEntity
  8
AVAN-CIZGI
100
AcDbLine
 10
154.7907
 20
251.92
 30
0.0
 11
154.7907
 21
244.6844
 31
0.0
  0
LINE
  5
B0
330
17
100
AcDbEntity
  8
AVAN-CIZGI
100
AcDbLine
 10
169.5481
 20
251.92
 30
0.0
 11
169.5481
 21
244.6844
 31
0.0
  0
LINE
  5
B1
330
17
100
AcDbEntity
  8
AVAN-CIZGI
100
AcDbLine
 10
44.2945
 20
248.3226
 30
0.0
 11
189.4562
 21
248.3226
 31
0.0
  0
LINE
  5
B2
330
17
100
AcDbEntity
  8
AVAN-CIZGI
100
AcDbLine
 10
18.9903
 20
218.44
 30
0.0
 11
190.56
 21
218.44
 31
0.0
  0
LINE
  5
B3
330
17
100
AcDbEntity
  8
AVAN-CIZGI
100
AcDbLine
 10
190.56
 20
218.44
 30
0.0
 11
190.56
 21
243.0492
 31
0.0
  0
LINE
  5
B4
330
17
100
AcDbEntity
  8
AVAN-CIZGI
100
AcDbLine
 10
190.56
 20
243.0492
 30
0.0
 11
18.9903
 21
243.0492
 31
0.0
  0
LINE
  5
B5
330
17
100
AcDbEntity
  8
AVAN-CIZGI
100
AcDbLine
 10
18.9903
 20
243.0492
 30
0.0
 11
18.9903
 21
218.44
 31
0.0
  0
LINE
  5
B6
330
17
100
AcDbEntity
  8
AVAN-CIZGI
100
AcDbLine
 10
20.0941
 20
220.2386
 30
0.0
 11
189.4562
 21
220.2386
 31
0.0
  0
LINE
  5
B7
330
17
100
AcDbEntity
  8
AVAN-CIZGI
100
AcDbLine
 10
189.4562
 20
220.2386
 30
0.0
 11
189.4562
 21
242.0681
 31
0.0
  0
LINE
  5
B8
330
17
100
AcDbEntity
  8
AVAN-CIZGI
100
AcDbLine
 10
189.4562
 20
242.0681
 30
0.0
 11
20.0941
 21
242.0681
 31
0.0
  0
LINE
  5
B9
330
17
100
AcDbEntity
  8
AVAN-CIZGI
100
AcDbLine
 10
20.0941
 20
242.0681
 30
0.0
 11
20.0941
 21
220.2386
 31
0.0
  0
LINE
  5
BA
330
17
100
AcDbEntity
  8
AVAN-CIZGI
100
AcDbLine
 10
34.2382
 20
242.0681
 30
0.0
 11
34.2382
 21
220.2386
 31
0.0
  0
LINE
  5
BB
330
17
100
AcDbEntity
  8
AVAN-CIZGI
100
AcDbLine
 10
34.2382
 20
237.9802
 30
0.0
 11
189.4562
 21
237.9802
 31
0.0
  0
LINE
  5
BC
330
17
100
AcDbEntity
  8
AVAN-CIZGI
100
AcDbLine
 10
34.2382
 20
234.3419
 30
0.0
 11
189.4562
 21
234.3419
 31
0.0
  0
LINE
  5
BD
330
17
100
AcDbEntity
  8
AVAN-CIZGI
100
AcDbLine
 10
34.2382
 20
230.6219
 30
0.0
 11
189.4562
 21
230.6219
 31
0.0
  0
LINE
  5
BE
330
17
100
AcDbEntity
  8
AVAN-CIZGI
100
AcDbLine
 10
34.2382
 20
226.9837
 30
0.0
 11
189.4562
 21
226.9837
 31
0.0
  0
LINE
  5
BF
330
17
100
AcDbEntity
  8
AVAN-CIZGI
100
AcDbLine
 10
34.2382
 20
223.8769
 30
0.0
 11
189.4562
 21
223.8769
 31
0.0
  0
LINE
  5
C0
330
17
100
AcDbEntity
  8
AVAN-CIZGI
100
AcDbLine
 10
56.5582
 20
242.0681
 30
0.0
 11
56.5582
 21
234.3419
 31
0.0
  0
LINE
  5
C1
330
17
100
AcDbEntity
  8
AVAN-CIZGI
100
AcDbLine
 10
74.545
 20
242.0681
 30
0.0
 11
74.545
 21
234.3419
 31
0.0
  0
LINE
  5
C2
330
17
100
AcDbEntity
  8
AVAN-CIZGI
100
AcDbLine
 10
101.3209
 20
242.0681
 30
0.0
 11
101.3209
 21
234.3419
 31
0.0
  0
LINE
  5
C3
330
17
100
AcDbEntity
  8
AVAN-CIZGI
100
AcDbLine
 10
119.185
 20
242.0681
 30
0.0
 11
119.185
 21
234.3419
 31
0.0
  0
LINE
  5
C4
330
17
100
AcDbEntity
  8
AVAN-CIZGI
100
AcDbLine
 10
144.9389
 20
242.0681
 30
0.0
 11
144.9389
 21
234.3419
 31
0.0
  0
LINE
  5
C5
330
17
100
AcDbEntity
  8
AVAN-CIZGI
100
AcDbLine
 10
134.4738
 20
237.9802
 30
0.0
 11
134.4738
 21
234.3419
 31
0.0
  0
LINE
  5
C6
330
17
100
AcDbEntity
  8
AVAN-CIZGI
100
AcDbLine
 10
56.3538
 20
234.3419
 30
0.0
 11
56.3538
 21
226.9837
 31
0.0
  0
LINE
  5
C7
330
17
100
AcDbEntity
  8
AVAN-CIZGI
100
AcDbLine
 10
74.4633
 20
234.3419
 30
0.0
 11
74.4633
 21
226.9837
 31
0.0
  0
LINE
  5
C8
330
17
100
AcDbEntity
  8
AVAN-CIZGI
100
AcDbLine
 10
101.1573
 20
234.3419
 30
0.0
 11
101.1573
 21
226.9837
 31
0.0
  0
LINE
  5
C9
330
17
100
AcDbEntity
  8
AVAN-CIZGI
100
AcDbLine
 10
118.9806
 20
234.3419
 30
0.0
 11
118.9806
 21
226.9837
 31
0.0
  0
LINE
  5
CA
330
17
100
AcDbEntity
  8
AVAN-CIZGI
100
AcDbLine
 10
144.7754
 20
234.3419
 30
0.0
 11
144.7754
 21
226.9837
 31
0.0
  0
LINE
  5
CB
330
17
100
AcDbEntity
  8
AVAN-CIZGI
100
AcDbLine
 10
54.6369
 20
226.9837
 30
0.0
 11
54.6369
 21
220.2386
 31
0.0
  0
LINE
  5
CC
330
17
100
AcDbEntity
  8
AVAN-CIZGI
100
AcDbLine
 10
101.2391
 20
226.9837
 30
0.0
 11
101.2391
 21
220.2386
 31
0.0
  0
LINE
  5
CD
330
17
100
AcDbEntity
  8
AVAN-CIZGI
100
AcDbLine
 10
119.1033
 20
226.9837
 30
0.0
 11
119.1033
 21
220.2386
 31
0.0
  0
LINE
  5
CE
330
17
100
AcDbEntity
  8
AVAN-CIZGI
100
AcDbLine
 10
144.8571
 20
226.9837
 30
0.0
 11
144.8571
 21
220.2386
 31
0.0
  0
LINE
  5
CF
330
17
100
AcDbEntity
  8
AVAN-CIZGI
100
AcDbLine
 10
19.9305
 20
172.4918
 30
0.0
 11
104.7956
 21
172.4918
 31
0.0
  0
LINE
  5
D0
330
17
100
AcDbEntity
  8
AVAN-CIZGI
100
AcDbLine
 10
104.7956
 20
172.4918
 30
0.0
 11
104.7956
 21
216.9274
 31
0.0
  0
LINE
  5
D1
330
17
100
AcDbEntity
  8
AVAN-CIZGI
100
AcDbLine
 10
104.7956
 20
216.9274
 30
0.0
 11
19.9305
 21
216.9274
 31
0.0
  0
LINE
  5
D2
330
17
100
AcDbEntity
  8
AVAN-CIZGI
100
AcDbLine
 10
19.9305
 20
216.9274
 30
0.0
 11
19.9305
 21
172.4918
 31
0.0
  0
LINE
  5
D3
330
17
100
AcDbEntity
  8
AVAN-CIZGI
100
AcDbLine
 10
19.9305
 20
211.4905
 30
0.0
 11
104.7956
 21
211.4905
 31
0.0
  0
LINE
  5
D4
330
17
100
AcDbEntity
  8
AVAN-CIZGI
100
AcDbLine
 10
27.1661
 20
211.4905
 30
0.0
 11
27.1661
 21
172.4918
 31
0.0
  0
LINE
  5
D5
330
17
100
AcDbEntity
  8
AVAN-CIZGI
100
AcDbLine
 10
57.989
 20
211.4905
 30
0.0
 11
57.989
 21
193.3402
 31
0.0
  0
LINE
  5
D6
330
17
100
AcDbEntity
  8
AVAN-CIZGI
100
AcDbLine
 10
19.9305
 20
207.8523
 30
0.0
 11
104.7956
 21
207.8523
 31
0.0
  0
LINE
  5
D7
330
17
100
AcDbEntity
  8
AVAN-CIZGI
100
AcDbLine
 10
19.9305
 20
204.214
 30
0.0
 11
104.7956
 21
204.214
 31
0.0
  0
LINE
  5
D8
330
17
100
AcDbEntity
  8
AVAN-CIZGI
100
AcDbLine
 10
19.9305
 20
200.6167
 30
0.0
 11
104.7956
 21
200.6167
 31
0.0
  0
LINE
  5
D9
330
17
100
AcDbEntity
  8
AVAN-CIZGI
100
AcDbLine
 10
19.9305
 20
196.9784
 30
0.0
 11
104.7956
 21
196.9784
 31
0.0
  0
LINE
  5
DA
330
17
100
AcDbEntity
  8
AVAN-CIZGI
100
AcDbLine
 10
19.9305
 20
193.3402
 30
0.0
 11
104.7956
 21
193.3402
 31
0.0
  0
LINE
  5
DB
330
17
100
AcDbEntity
  8
AVAN-CIZGI
100
AcDbLine
 10
110.5595
 20
172.4918
 30
0.0
 11
190.56
 21
172.4918
 31
0.0
  0
LINE
  5
DC
330
17
100
AcDbEntity
  8
AVAN-CIZGI
100
AcDbLine
 10
190.56
 20
172.4918
 30
0.0
 11
190.56
 21
216.9274
 31
0.0
  0
LINE
  5
DD
330
17
100
AcDbEntity
  8
AVAN-CIZGI
100
AcDbLine
 10
190.56
 20
216.9274
 30
0.0
 11
110.5595
 21
216.9274
 31
0.0
  0
LINE
  5
DE
330
17
100
AcDbEntity
  8
AVAN-CIZGI
100
AcDbLine
 10
110.5595
 20
216.9274
 30
0.0
 11
110.5595
 21
172.4918
 31
0.0
  0
LINE
  5
DF
330
17
100
AcDbEntity
  8
AVAN-CIZGI
100
AcDbLine
 10
110.5595
 20
211.4905
 30
0.0
 11
190.56
 21
211.4905
 31
0.0
  0
LINE
  5
E0
330
17
100
AcDbEntity
  8
AVAN-CIZGI
100
AcDbLine
 10
118.2039
 20
211.4905
 30
0.0
 11
118.2039
 21
172.4918
 31
0.0
  0
LINE
  5
E1
330
17
100
AcDbEntity
  8
AVAN-CIZGI
100
AcDbLine
 10
149.0677
 20
211.4905
 30
0.0
 11
149.0677
 21
193.3402
 31
0.0
  0
LINE
  5
E2
330
17
100
AcDbEntity
  8
AVAN-CIZGI
100
AcDbLine
 10
110.5595
 20
207.8523
 30
0.0
 11
190.56
 21
207.8523
 31
0.0
  0
LINE
  5
E3
330
17
100
AcDbEntity
  8
AVAN-CIZGI
100
AcDbLine
 10
110.5595
 20
204.214
 30
0.0
 11
190.56
 21
204.214
 31
0.0
  0
LINE
  5
E4
330
17
100
AcDbEntity
  8
AVAN-CIZGI
100
AcDbLine
 10
110.5595
 20
200.6167
 30
0.0
 11
190.56
 21
200.6167
 31
0.0
  0
LINE
  5
E5
330
17
100
AcDbEntity
  8
AVAN-CIZGI
100
AcDbLine
 10
110.5595
 20
196.9784
 30
0.0
 11
190.56
 21
196.9784
 31
0.0
  0
LINE
  5
E6
330
17
100
AcDbEntity
  8
AVAN-CIZGI
100
AcDbLine
 10
110.5595
 20
193.3402
 30
0.0
 11
190.56
 21
193.3402
 31
0.0
  0
LINE
  5
E7
330
17
100
AcDbEntity
  8
AVAN-CIZGI
100
AcDbLine
 10
18.9903
 20
130.836
 30
0.0
 11
190.56
 21
130.836
 31
0.0
  0
LINE
  5
E8
330
17
100
AcDbEntity
  8
AVAN-CIZGI
100
AcDbLine
 10
190.56
 20
130.836
 30
0.0
 11
190.56
 21
172.4918
 31
0.0
  0
LINE
  5
E9
330
17
100
AcDbEntity
  8
AVAN-CIZGI
100
AcDbLine
 10
190.56
 20
172.4918
 30
0.0
 11
18.9903
 21
172.4918
 31
0.0
  0
LINE
  5
EA
330
17
100
AcDbEntity
  8
AVAN-CIZGI
100
AcDbLine
 10
18.9903
 20
172.4918
 30
0.0
 11
18.9903
 21
130.836
 31
0.0
  0
LINE
  5
EB
330
17
100
AcDbEntity
  8
AVAN-CIZGI
100
AcDbLine
 10
18.9903
 20
62.3635
 30
0.0
 11
190.56
 21
62.3635
 31
0.0
  0
LINE
  5
EC
330
17
100
AcDbEntity
  8
AVAN-CIZGI
100
AcDbLine
 10
190.56
 20
62.3635
 30
0.0
 11
190.56
 21
123.1507
 31
0.0
  0
LINE
  5
ED
330
17
100
AcDbEntity
  8
AVAN-CIZGI
100
AcDbLine
 10
190.56
 20
123.1507
 30
0.0
 11
18.9903
 21
123.1507
 31
0.0
  0
LINE
  5
EE
330
17
100
AcDbEntity
  8
AVAN-CIZGI
100
AcDbLine
 10
18.9903
 20
123.1507
 30
0.0
 11
18.9903
 21
62.3635
 31
0.0
  0
LINE
  5
EF
330
17
100
AcDbEntity
  8
AVAN-CIZGI
100
AcDbLine
 10
99.5631
 20
123.1507
 30
0.0
 11
99.5631
 21
62.3635
 31
0.0
  0
LINE
  5
F0
330
17
100
AcDbEntity
  8
AVAN-CIZGI
100
AcDbLine
 10
18.9903
 20
118.2044
 30
0.0
 11
190.56
 21
118.2044
 31
0.0
  0
LINE
  5
F1
330
17
100
AcDbEntity
  8
AVAN-CIZGI
100
AcDbLine
 10
99.5631
 20
113.9121
 30
0.0
 11
190.56
 21
113.9121
 31
0.0
  0
LINE
  5
F2
330
17
100
AcDbEntity
  8
AVAN-CIZGI
100
AcDbLine
 10
106.8804
 20
113.9121
 30
0.0
 11
106.8804
 21
62.3635
 31
0.0
  0
LINE
  5
F3
330
17
100
AcDbEntity
  8
AVAN-CIZGI
100
AcDbLine
 10
137.6624
 20
113.9121
 30
0.0
 11
137.6624
 21
92.1235
 31
0.0
  0
LINE
  5
F4
330
17
100
AcDbEntity
  8
AVAN-CIZGI
100
AcDbLine
 10
99.5631
 20
106.6356
 30
0.0
 11
190.56
 21
106.6356
 31
0.0
  0
LINE
  5
F5
330
17
100
AcDbEntity
  8
AVAN-CIZGI
100
AcDbLine
 10
99.5631
 20
103.0382
 30
0.0
 11
190.56
 21
103.0382
 31
0.0
  0
LINE
  5
F6
330
17
100
AcDbEntity
  8
AVAN-CIZGI
100
AcDbLine
 10
99.5631
 20
99.4
 30
0.0
 11
190.56
 21
99.4
 31
0.0
  0
LINE
  5
F7
330
17
100
AcDbEntity
  8
AVAN-CIZGI
100
AcDbLine
 10
99.5631
 20
92.1235
 30
0.0
 11
190.56
 21
92.1235
 31
0.0
  0
LINE
  5
F8
330
17
100
AcDbEntity
  8
AVAN-CIZGI
100
AcDbLine
 10
18.9903
 20
47.9332
 30
0.0
 11
190.56
 21
47.9332
 31
0.0
  0
LINE
  5
F9
330
17
100
AcDbEntity
  8
AVAN-CIZGI
100
AcDbLine
 10
190.56
 20
47.9332
 30
0.0
 11
190.56
 21
62.3635
 31
0.0
  0
LINE
  5
FA
330
17
100
AcDbEntity
  8
AVAN-CIZGI
100
AcDbLine
 10
190.56
 20
62.3635
 30
0.0
 11
18.9903
 21
62.3635
 31
0.0
  0
LINE
  5
FB
330
17
100
AcDbEntity
  8
AVAN-CIZGI
100
AcDbLine
 10
18.9903
 20
62.3635
 30
0.0
 11
18.9903
 21
47.9332
 31
0.0
  0
LINE
  5
FC
330
17
100
AcDbEntity
  8
AVAN-CIZGI
100
AcDbLine
 10
18.9903
 20
23.4057
 30
0.0
 11
190.56
 21
23.4057
 31
0.0
  0
LINE
  5
FD
330
17
100
AcDbEntity
  8
AVAN-CIZGI
100
AcDbLine
 10
190.56
 20
23.4057
 30
0.0
 11
190.56
 21
47.9332
 31
0.0
  0
LINE
  5
FE
330
17
100
AcDbEntity
  8
AVAN-CIZGI
100
AcDbLine
 10
190.56
 20
47.9332
 30
0.0
 11
18.9903
 21
47.9332
 31
0.0
  0
LINE
  5
FF
330
17
100
AcDbEntity
  8
AVAN-CIZGI
100
AcDbLine
 10
18.9903
 20
47.9332
 30
0.0
 11
18.9903
 21
23.4057
 31
0.0
  0
LINE
  5
100
330
17
100
AcDbEntity
  8
AVAN-CIZGI
100
AcDbLine
 10
19.9714
 20
24.3459
 30
0.0
 11
189.5789
 21
24.3459
 31
0.0
  0
LINE
  5
101
330
17
100
AcDbEntity
  8
AVAN-CIZGI
100
AcDbLine
 10
189.5789
 20
24.3459
 30
0.0
 11
189.5789
 21
46.993
 31
0.0
  0
LINE
  5
102
330
17
100
AcDbEntity
  8
AVAN-CIZGI
100
AcDbLine
 10
189.5789
 20
46.993
 30
0.0
 11
19.9714
 21
46.993
 31
0.0
  0
LINE
  5
103
330
17
100
AcDbEntity
  8
AVAN-CIZGI
100
AcDbLine
 10
19.9714
 20
46.993
 30
0.0
 11
19.9714
 21
24.3459
 31
0.0
  0
TEXT
  5
104
330
17
100
AcDbEntity
  8
AVAN-YAZI
100
AcDbText
 10
83.2932
 20
269.023
 30
0.0
 40
1.907
  1
Çağdaş İnşaat A.Ş.
  7
AVAN
 41
0.9236
 11
83.2932
 21
269.023
 31
0.0
100
AcDbText
  0
TEXT
  5
105
330
17
100
AcDbEntity
  8
AVAN-YAZI
100
AcDbText
 10
58.8019
 20
268.9825
 30
0.0
 40
1.997
  1
SAHİBİ
  7
AVAN
 41
0.765
 11
58.8019
 21
268.9825
 31
0.0
100
AcDbText
  0
TEXT
  5
106
330
17
100
AcDbEntity
  8
AVAN-YAZI
100
AcDbText
 10
26.7385
 20
267.1634
 30
0.0
 40
1.997
  1
YAPININ
  7
AVAN
 41
0.9528
 11
26.7385
 21
267.1634
 31
0.0
100
AcDbText
  0
TEXT
  5
107
330
17
100
AcDbEntity
  8
AVAN-YAZI
100
AcDbText
 10
52.0909
 20
265.3847
 30
0.0
 40
1.907
  1
KULLANIM AMACI
  7
AVAN
 41
0.9993
 11
52.0909
 21
265.3847
 31
0.0
100
AcDbText
  0
TEXT
  5
108
330
17
100
AcDbEntity
  8
AVAN-YAZI
100
AcDbText
 10
25.0408
 20
257.2911
 30
0.0
 40
1.997
  1
YÜKLENİCİ
  7
AVAN
 41
0.8152
 11
25.0408
 21
257.2911
 31
0.0
100
AcDbText
  0
TEXT
  5
109
330
17
100
AcDbEntity
  8
AVAN-YAZI
100
AcDbText
 10
45.502
 20
255.5664
 30
0.0
 40
1.788
  1
VERGİ DAİRESİ ve NUMARASI
  7
AVAN
 41
0.908
 11
45.502
 21
255.5664
 31
0.0
100
AcDbText
  0
TEXT
  5
10A
330
17
100
AcDbEntity
  8
AVAN-YAZI
100
AcDbText
 10
53.9457
 20
249.3119
 30
0.0
 40
1.788
  1
İLİ
  7
AVAN
 41
0.523
 11
53.9457
 21
249.3119
 31
0.0
100
AcDbText
  0
TEXT
  5
10B
330
17
100
AcDbEntity
  8
AVAN-YAZI
100
AcDbText
 10
73.4881
 20
249.3119
 30
0.0
 40
1.788
  1
İLÇESİ
  7
AVAN
 41
0.7297
 11
73.4881
 21
249.3119
 31
0.0
100
AcDbText
  0
TEXT
  5
10C
330
17
100
AcDbEntity
  8
AVAN-YAZI
100
AcDbText
 10
94.5651
 20
249.3119
 30
0.0
 40
1.788
  1
MAHALLESİ
  7
AVAN
 41
0.9052
 11
94.5651
 21
249.3119
 31
0.0
100
AcDbText
  0
TEXT
  5
10D
330
17
100
AcDbEntity
  8
AVAN-YAZI
100
AcDbText
 10
116.7973
 20
249.3119
 30
0.0
 40
1.788
  1
YÜZÖLÇÜMÜ
  7
AVAN
 41
0.9765
 11
116.7973
 21
249.3119
 31
0.0
100
AcDbText
  0
TEXT
  5
10E
330
17
100
AcDbEntity
  8
AVAN-YAZI
100
AcDbText
 10
138.4878
 20
249.3119
 30
0.0
 40
1.788
  1
PAFTA NO
  7
AVAN
 41
0.9628
 11
138.4878
 21
249.3119
 31
0.0
100
AcDbText
  0
TEXT
  5
10F
330
17
100
AcDbEntity
  8
AVAN-YAZI
100
AcDbText
 10
157.2747
 20
249.3119
 30
0.0
 40
1.788
  1
ADA NO
  7
AVAN
 41
0.9948
 11
157.2747
 21
249.3119
 31
0.0
100
AcDbText
  0
TEXT
  5
110
330
17
100
AcDbEntity
  8
AVAN-YAZI
100
AcDbText
 10
172.5625
 20
249.3119
 30
0.0
 40
1.788
  1
PARSEL NO
  7
AVAN
 41
0.9525
 11
172.5625
 21
249.3119
 31
0.0
100
AcDbText
  0
TEXT
  5
111
330
17
100
AcDbEntity
  8
AVAN-YAZI
100
AcDbText
 10
26.0471
 20
247.3983
 30
0.0
 40
1.997
  1
ARSANIN
  7
AVAN
 41
0.9692
 11
26.0471
 21
247.3983
 31
0.0
100
AcDbText
  0
TEXT
  5
112
330
17
100
AcDbEntity
  8
AVAN-YAZI
100
AcDbText
 10
159.9457
 20
245.7345
 30
0.0
 40
1.699
  1
345
  7
AVAN
 41
1.0726
 11
159.9457
 21
245.7345
 31
0.0
100
AcDbText
  0
TEXT
  5
113
330
17
100
AcDbEntity
  8
AVAN-YAZI
100
AcDbText
 10
178.0197
 20
245.7345
 30
0.0
 40
1.699
  1
12
  7
AVAN
 41
1.0469
 11
178.0197
 21
245.7345
 31
0.0
100
AcDbText
  0
TEXT
  5
114
330
17
100
AcDbEntity
  8
AVAN-YAZI
100
AcDbText
 10
50.4456
 20
245.6941
 30
0.0
 40
1.788
  1
İstanbul
  7
AVAN
 41
0.9767
 11
50.4456
 21
245.6941
 31
0.0
100
AcDbText
  0
TEXT
  5
115
330
17
100
AcDbEntity
  8
AVAN-YAZI
100
AcDbText
 10
72.4432
 20
245.6941
 30
0.0
 40
1.788
  1
Kadıköy
  7
AVAN
 41
0.931
 11
72.4432
 21
245.6941
 31
0.0
100
AcDbText
  0
TEXT
  5
116
330
17
100
AcDbEntity
  8
AVAN-YAZI
100
AcDbText
 10
101.9813
 20
239.2687
 30
0.0
 40
1.669
  1
Seyir Mesafesi
  7
AVAN
 41
1.0768
 11
101.9813
 21
239.2687
 31
0.0
100
AcDbText
  0
TEXT
  5
117
330
17
100
AcDbEntity
  8
AVAN-YAZI
100
AcDbText
 10
34.6879
 20
239.2417
 30
0.0
 40
1.728
  1
Taşıma Kapasitesi
  7
AVAN
 41
0.9867
 11
34.6879
 21
239.2417
 31
0.0
100
AcDbText
  0
TEXT
  5
118
330
17
100
AcDbEntity
  8
AVAN-YAZI
100
AcDbText
 10
58.2656
 20
239.2417
 30
0.0
 40
1.728
  1
Asansör Hızı
  7
AVAN
 41
0.8967
 11
58.2656
 21
239.2417
 31
0.0
100
AcDbText
  0
TEXT
  5
119
330
17
100
AcDbEntity
  8
AVAN-YAZI
100
AcDbText
 10
80.5346
 20
239.2417
 30
0.0
 40
1.728
  1
Durak Sayısı
  7
AVAN
 41
0.9106
 11
80.5346
 21
239.2417
 31
0.0
100
AcDbText
  0
TEXT
  5
11A
330
17
100
AcDbEntity
  8
AVAN-YAZI
100
AcDbText
 10
123.8069
 20
239.2417
 30
0.0
 40
1.728
  1
Kabin Ölçüleri
  7
AVAN
 41
1.0928
 11
123.8069
 21
239.2417
 31
0.0
100
AcDbText
  0
TEXT
  5
11B
330
17
100
AcDbEntity
  8
AVAN-YAZI
100
AcDbText
 10
154.2937
 20
239.2417
 30
0.0
 40
1.728
  1
Standart / Yönetmelik
  7
AVAN
 41
1.1101
 11
154.2937
 21
239.2417
 31
0.0
100
AcDbText
  0
TEXT
  5
11C
330
17
100
AcDbEntity
  8
AVAN-YAZI
100
AcDbText
 10
20.9874
 20
236.856
 30
0.0
 40
2.98
  1
BLOK:
  7
AVAN
 41
0.9924
 11
20.9874
 21
236.856
 31
0.0
100
AcDbText
  0
TEXT
  5
11D
330
17
100
AcDbEntity
  8
AVAN-YAZI
100
AcDbText
 10
134.8826
 20
235.581
 30
0.0
 40
1.281
  1
D:
  7
AVAN
 41
1.0419
 11
134.8826
 21
235.581
 31
0.0
100
AcDbText
  0
TEXT
  5
11E
330
17
100
AcDbEntity
  8
AVAN-YAZI
100
AcDbText
 10
119.6756
 20
235.4056
 30
0.0
 40
1.669
  1
G:
  7
AVAN
 41
0.9911
 11
119.6756
 21
235.4056
 31
0.0
100
AcDbText
  0
TEXT
  5
11F
330
17
100
AcDbEntity
  8
AVAN-YAZI
100
AcDbText
 10
34.9737
 20
235.3247
 30
0.0
 40
1.848
  1
800 KG (10 KİŞİ)
  7
AVAN
 41
0.9253
 11
34.9737
 21
235.3247
 31
0.0
100
AcDbText
  0
TEXT
  5
120
330
17
100
AcDbEntity
  8
AVAN-YAZI
100
AcDbText
 10
58.3831
 20
235.2167
 30
0.0
 40
2.086
  1
1,60 m/sn
  7
AVAN
 41
1.1013
 11
58.3831
 21
235.2167
 31
0.0
100
AcDbText
  0
TEXT
  5
121
330
17
100
AcDbEntity
  8
AVAN-YAZI
100
AcDbText
 10
80.5975
 20
235.2167
 30
0.0
 40
2.086
  1
12 DURAK
  7
AVAN
 41
1.0117
 11
80.5975
 21
235.2167
 31
0.0
100
AcDbText
  0
TEXT
  5
122
330
17
100
AcDbEntity
  8
AVAN-YAZI
100
AcDbText
 10
37.2731
 20
231.6995
 30
0.0
 40
1.728
  1
Asansör Sınıfı
  7
AVAN
 41
0.855
 11
37.2731
 21
231.6995
 31
0.0
100
AcDbText
  0
TEXT
  5
123
330
17
100
AcDbEntity
  8
AVAN-YAZI
100
AcDbText
 10
60.4518
 20
231.6995
 30
0.0
 40
1.728
  1
Askı Tipi
  7
AVAN
 41
0.9426
 11
60.4518
 21
231.6995
 31
0.0
100
AcDbText
  0
TEXT
  5
124
330
17
100
AcDbEntity
  8
AVAN-YAZI
100
AcDbText
 10
79.2398
 20
231.6995
 30
0.0
 40
1.728
  1
Asansör Sayısı
  7
AVAN
 41
0.9184
 11
79.2398
 21
231.6995
 31
0.0
100
AcDbText
  0
TEXT
  5
125
330
17
100
AcDbEntity
  8
AVAN-YAZI
100
AcDbText
 10
103.1314
 20
231.6995
 30
0.0
 40
1.728
  1
Tahrik Cinsi
  7
AVAN
 41
1.0819
 11
103.1314
 21
231.6995
 31
0.0
100
AcDbText
  0
TEXT
  5
126
330
17
100
AcDbEntity
  8
AVAN-YAZI
100
AcDbText
 10
125.2148
 20
231.6995
 30
0.0
 40
1.728
  1
Ray Ölçüsü
  7
AVAN
 41
1.0517
 11
125.2148
 21
231.6995
 31
0.0
100
AcDbText
  0
TEXT
  5
127
330
17
100
AcDbEntity
  8
AVAN-YAZI
100
AcDbText
 10
35.7854
 20
224.6479
 30
0.0
 40
1.728
  1
M. Motor Gücü
  7
AVAN
 41
1.0711
 11
35.7854
 21
224.6479
 31
0.0
100
AcDbText
  0
TEXT
  5
128
330
17
100
AcDbEntity
  8
AVAN-YAZI
100
AcDbText
 10
55.5362
 20
224.6479
 30
0.0
 40
1.728
  1
Ölçek
  7
AVAN
 41
1.0489
 11
55.5362
 21
224.6479
 31
0.0
100
AcDbText
  0
TEXT
  5
129
330
17
100
AcDbEntity
  8
AVAN-YAZI
100
AcDbText
 10
20.5028
 20
213.5345
 30
0.0
 40
1.49
  1
PLAN PROJE RESİM VE HESAPLARI YAPAN MAKİNA MÜHENDİSİ
  7
AVAN
 41
0.9213
 11
20.5028
 21
213.5345
 31
0.0
100
AcDbText
  0
TEXT
  5
12A
330
17
100
AcDbEntity
  8
AVAN-YAZI
100
AcDbText
 10
111.1318
 20
213.5345
 30
0.0
 40
1.49
  1
PLAN PROJE RESİM VE HESAPLARI YAPAN ELEKTRİK MÜHENDİSİ
  7
AVAN
 41
0.9173
 11
111.1318
 21
213.5345
 31
0.0
100
AcDbText
  0
TEXT
  5
12B
330
17
100
AcDbEntity
  8
AVAN-YAZI
100
AcDbText
 10
22.8331
 20
208.9294
 30
0.0
 40
1.639
  1
1
  7
AVAN
 41
0.9699
 11
22.8331
 21
208.9294
 31
0.0
100
AcDbText
  0
TEXT
  5
12C
330
17
100
AcDbEntity
  8
AVAN-YAZI
100
AcDbText
 10
113.6665
 20
208.9294
 30
0.0
 40
1.639
  1
1
  7
AVAN
 41
0.9699
 11
113.6665
 21
208.9294
 31
0.0
100
AcDbText
  0
TEXT
  5
12D
330
17
100
AcDbEntity
  8
AVAN-YAZI
100
AcDbText
 10
27.7793
 20
208.9025
 30
0.0
 40
1.699
  1
VERGİ DAİRESİ
  7
AVAN
 41
0.8181
 11
27.7793
 21
208.9025
 31
0.0
100
AcDbText
  0
TEXT
  5
12E
330
17
100
AcDbEntity
  8
AVAN-YAZI
100
AcDbText
 10
118.8171
 20
208.9025
 30
0.0
 40
1.699
  1
VERGİ DAİRESİ
  7
AVAN
 41
0.8181
 11
118.8171
 21
208.9025
 31
0.0
100
AcDbText
  0
TEXT
  5
12F
330
17
100
AcDbEntity
  8
AVAN-YAZI
100
AcDbText
 10
22.8331
 20
205.2912
 30
0.0
 40
1.639
  1
2
  7
AVAN
 41
0.9699
 11
22.8331
 21
205.2912
 31
0.0
100
AcDbText
  0
TEXT
  5
130
330
17
100
AcDbEntity
  8
AVAN-YAZI
100
AcDbText
 10
113.6665
 20
205.2912
 30
0.0
 40
1.639
  1
2
  7
AVAN
 41
0.9699
 11
113.6665
 21
205.2912
 31
0.0
100
AcDbText
  0
TEXT
  5
131
330
17
100
AcDbEntity
  8
AVAN-YAZI
100
AcDbText
 10
27.7793
 20
205.2642
 30
0.0
 40
1.699
  1
SİCİL NO
  7
AVAN
 41
0.7912
 11
27.7793
 21
205.2642
 31
0.0
100
AcDbText
  0
TEXT
  5
132
330
17
100
AcDbEntity
  8
AVAN-YAZI
100
AcDbText
 10
118.8171
 20
205.2642
 30
0.0
 40
1.699
  1
SİCİL NO
  7
AVAN
 41
0.7912
 11
118.8171
 21
205.2642
 31
0.0
100
AcDbText
  0
TEXT
  5
133
330
17
100
AcDbEntity
  8
AVAN-YAZI
100
AcDbText
 10
22.8331
 20
201.6734
 30
0.0
 40
1.639
  1
3
  7
AVAN
 41
0.9699
 11
22.8331
 21
201.6734
 31
0.0
100
AcDbText
  0
TEXT
  5
134
330
17
100
AcDbEntity
  8
AVAN-YAZI
100
AcDbText
 10
113.6665
 20
201.6734
 30
0.0
 40
1.639
  1
3
  7
AVAN
 41
0.9699
 11
113.6665
 21
201.6734
 31
0.0
100
AcDbText
  0
TEXT
  5
135
330
17
100
AcDbEntity
  8
AVAN-YAZI
100
AcDbText
 10
27.7793
 20
201.6464
 30
0.0
 40
1.699
  1
SOYADI
  7
AVAN
 41
0.9724
 11
27.7793
 21
201.6464
 31
0.0
100
AcDbText
  0
TEXT
  5
136
330
17
100
AcDbEntity
  8
AVAN-YAZI
100
AcDbText
 10
118.8171
 20
201.6464
 30
0.0
 40
1.699
  1
SOYADI
  7
AVAN
 41
0.9724
 11
118.8171
 21
201.6464
 31
0.0
100
AcDbText
  0
TEXT
  5
137
330
17
100
AcDbEntity
  8
AVAN-YAZI
100
AcDbText
 10
58.8066
 20
201.6059
 30
0.0
 40
1.788
  1
SEKMEN
  7
AVAN
 41
0.9448
 11
58.8066
 21
201.6059
 31
0.0
100
AcDbText
  0
TEXT
  5
138
330
17
100
AcDbEntity
  8
AVAN-YAZI
100
AcDbText
 10
22.8331
 20
198.0556
 30
0.0
 40
1.639
  1
4
  7
AVAN
 41
0.9699
 11
22.8331
 21
198.0556
 31
0.0
100
AcDbText
  0
TEXT
  5
139
330
17
100
AcDbEntity
  8
AVAN-YAZI
100
AcDbText
 10
113.6665
 20
198.0556
 30
0.0
 40
1.639
  1
4
  7
AVAN
 41
0.9699
 11
113.6665
 21
198.0556
 31
0.0
100
AcDbText
  0
TEXT
  5
13A
330
17
100
AcDbEntity
  8
AVAN-YAZI
100
AcDbText
 10
27.7793
 20
198.0286
 30
0.0
 40
1.699
  1
ADI
  7
AVAN
 41
1.0067
 11
27.7793
 21
198.0286
 31
0.0
100
AcDbText
  0
TEXT
  5
13B
330
17
100
AcDbEntity
  8
AVAN-YAZI
100
AcDbText
 10
118.8171
 20
198.0286
 30
0.0
 40
1.699
  1
ADI
  7
AVAN
 41
1.0067
 11
118.8171
 21
198.0286
 31
0.0
100
AcDbText
  0
TEXT
  5
13C
330
17
100
AcDbEntity
  8
AVAN-YAZI
100
AcDbText
 10
58.8066
 20
197.9881
 30
0.0
 40
1.788
  1
Ekrem
  7
AVAN
 41
1.0464
 11
58.8066
 21
197.9881
 31
0.0
100
AcDbText
  0
TEXT
  5
13D
330
17
100
AcDbEntity
  8
AVAN-YAZI
100
AcDbText
 10
22.8331
 20
194.4173
 30
0.0
 40
1.639
  1
5
  7
AVAN
 41
0.9699
 11
22.8331
 21
194.4173
 31
0.0
100
AcDbText
  0
TEXT
  5
13E
330
17
100
AcDbEntity
  8
AVAN-YAZI
100
AcDbText
 10
113.6665
 20
194.4173
 30
0.0
 40
1.639
  1
5
  7
AVAN
 41
0.9699
 11
113.6665
 21
194.4173
 31
0.0
100
AcDbText
  0
TEXT
  5
13F
330
17
100
AcDbEntity
  8
AVAN-YAZI
100
AcDbText
 10
27.7793
 20
194.3904
 30
0.0
 40
1.699
  1
ODA SİCİL NO
  7
AVAN
 41
0.8665
 11
27.7793
 21
194.3904
 31
0.0
100
AcDbText
  0
TEXT
  5
140
330
17
100
AcDbEntity
  8
AVAN-YAZI
100
AcDbText
 10
118.8171
 20
194.3904
 30
0.0
 40
1.699
  1
ODA SİCİL NO
  7
AVAN
 41
0.8665
 11
118.8171
 21
194.3904
 31
0.0
100
AcDbText
  0
TEXT
  5
141
330
17
100
AcDbEntity
  8
AVAN-YAZI
100
AcDbText
 10
26.3777
 20
119.8277
 30
0.0
 40
1.877
  1
MİMARİ PROJE AVAN PROJE UYGUNLUĞU GÖRÜLDÜ
  7
AVAN
 41
0.9351
 11
26.3777
 21
119.8277
 31
0.0
100
AcDbText
  0
TEXT
  5
142
330
17
100
AcDbEntity
  8
AVAN-YAZI
100
AcDbText
 10
121.5358
 20
119.8007
 30
0.0
 40
1.937
  1
ASANSÖR MONTAJ FİRMA BİLGİLERİ
  7
AVAN
 41
0.8827
 11
121.5358
 21
119.8007
 31
0.0
100
AcDbText
  0
TEXT
  5
143
330
17
100
AcDbEntity
  8
AVAN-YAZI
100
AcDbText
 10
102.5065
 20
109.5319
 30
0.0
 40
1.639
  1
1
  7
AVAN
 41
0.9699
 11
102.5065
 21
109.5319
 31
0.0
100
AcDbText
  0
TEXT
  5
144
330
17
100
AcDbEntity
  8
AVAN-YAZI
100
AcDbText
 10
107.5345
 20
109.5049
 30
0.0
 40
1.699
  1
ADI SOYADI / UNVANI
  7
AVAN
 41
1.0141
 11
107.5345
 21
109.5049
 31
0.0
100
AcDbText
  0
TEXT
  5
145
330
17
100
AcDbEntity
  8
AVAN-YAZI
100
AcDbText
 10
102.5065
 20
104.0949
 30
0.0
 40
1.639
  1
2
  7
AVAN
 41
0.9699
 11
102.5065
 21
104.0949
 31
0.0
100
AcDbText
  0
TEXT
  5
146
330
17
100
AcDbEntity
  8
AVAN-YAZI
100
AcDbText
 10
107.5345
 20
104.068
 30
0.0
 40
1.699
  1
VERGİ NO
  7
AVAN
 41
0.8821
 11
107.5345
 21
104.068
 31
0.0
100
AcDbText
  0
TEXT
  5
147
330
17
100
AcDbEntity
  8
AVAN-YAZI
100
AcDbText
 10
102.5065
 20
100.4771
 30
0.0
 40
1.639
  1
3
  7
AVAN
 41
0.9699
 11
102.5065
 21
100.4771
 31
0.0
100
AcDbText
  0
TEXT
  5
148
330
17
100
AcDbEntity
  8
AVAN-YAZI
100
AcDbText
 10
107.5345
 20
100.4502
 30
0.0
 40
1.699
  1
VERGİ DAİRESİ
  7
AVAN
 41
0.8181
 11
107.5345
 21
100.4502
 31
0.0
100
AcDbText
  0
TEXT
  5
149
330
17
100
AcDbEntity
  8
AVAN-YAZI
100
AcDbText
 10
102.5065
 20
95.0198
 30
0.0
 40
1.639
  1
4
  7
AVAN
 41
0.9699
 11
102.5065
 21
95.0198
 31
0.0
100
AcDbText
  0
TEXT
  5
14A
330
17
100
AcDbEntity
  8
AVAN-YAZI
100
AcDbText
 10
107.5345
 20
94.9928
 30
0.0
 40
1.699
  1
ADRESİ
  7
AVAN
 41
0.857
 11
107.5345
 21
94.9928
 31
0.0
100
AcDbText
  0
TEXT
  5
14B
330
17
100
AcDbEntity
  8
AVAN-YAZI
100
AcDbText
 10
37.1942
 20
52.0456
 30
0.0
 40
6.854
  1
ÇAĞDAŞ KONUTLARI B BLOK
  7
AVAN
 41
0.9859
 11
37.1942
 21
52.0456
 31
0.0
100
AcDbText
  0
TEXT
  5
14C
330
17
100
AcDbEntity
  8
AVAN-YAZI
100
AcDbText
 10
24.3577
 20
178.677
 30
0.0
 40
1.788
  1
İMZASI
 50
90.0
  7
AVAN
 41
0.879
 11
24.3577
 21
178.677
 31
0.0
100
AcDbText
  0
TEXT
  5
14D
330
17
100
AcDbEntity
  8
AVAN-YAZI
100
AcDbText
 10
104.0311
 20
73.0045
 30
0.0
 40
1.788
  1
İMZASI
 50
90.0
  7
AVAN
 41
0.879
 11
104.0311
 21
73.0045
 31
0.0
100
AcDbText
  0
TEXT
  5
14E
330
17
100
AcDbEntity
  8
AVAN-YAZI
100
AcDbText
 10
115.1911
 20
178.677
 30
0.0
 40
1.788
  1
İMZASI
 50
90.0
  7
AVAN
 41
0.879
 11
115.1911
 21
178.677
 31
0.0
100
AcDbText
  0
LWPOLYLINE
  5
14F
330
17
100
AcDbEntity
  8
AVAN-A4
100
AcDbPolyline
 90
4
 70
1
 10
220.00000333333332
 20
0.0
 10
430.00000666666665
 20
0.0
 10
430.00000666666665
 20
297.0000127777778
 10
220.00000333333332
 20
297.0000127777778
  0
LINE
  5
150
330
17
100
AcDbEntity
  8
AVAN-CIZGI
100
AcDbLine
 10
232.0
 20
12.0
 30
0.0
 11
418.0
 21
12.0
 31
0.0
  0
LINE
  5
151
330
17
100
AcDbEntity
  8
AVAN-CIZGI
100
AcDbLine
 10
418.0
 20
12.0
 30
0.0
 11
418.0
 21
285.0
 31
0.0
  0
LINE
  5
152
330
17
100
AcDbEntity
  8
AVAN-CIZGI
100
AcDbLine
 10
418.0
 20
285.0
 30
0.0
 11
232.0
 21
285.0
 31
0.0
  0
LINE
  5
153
330
17
100
AcDbEntity
  8
AVAN-CIZGI
100
AcDbLine
 10
232.0
 20
285.0
 30
0.0
 11
232.0
 21
12.0
 31
0.0
  0
LINE
  5
154
330
17
100
AcDbEntity
  8
AVAN-CIZGI
100
AcDbLine
 10
232.0
 20
273.6
 30
0.0
 11
418.0
 21
273.6
 31
0.0
  0
LINE
  5
155
330
17
100
AcDbEntity
  8
AVAN-CIZGI
100
AcDbLine
 10
232.0
 20
19.0
 30
0.0
 11
418.0
 21
19.0
 31
0.0
  0
LINE
  5
156
330
17
100
AcDbEntity
  8
AVAN-CIZGI
100
AcDbLine
 10
235.0
 20
267.3067
 30
0.0
 11
415.0
 21
267.3067
 31
0.0
  0
LINE
  5
157
330
17
100
AcDbEntity
  8
AVAN-CIZGI
100
AcDbLine
 10
235.0
 20
261.8316
 30
0.0
 11
415.0
 21
261.8316
 31
0.0
  0
LINE
  5
158
330
17
100
AcDbEntity
  8
AVAN-CIZGI
100
AcDbLine
 10
235.0
 20
261.8316
 30
0.0
 11
235.0
 21
267.3067
 31
0.0
  0
LINE
  5
159
330
17
100
AcDbEntity
  8
AVAN-CIZGI
100
AcDbLine
 10
415.0
 20
261.8316
 30
0.0
 11
415.0
 21
267.3067
 31
0.0
  0
LINE
  5
15A
330
17
100
AcDbEntity
  8
AVAN-CIZGI
100
AcDbLine
 10
235.0
 20
267.3067
 30
0.0
 11
415.0
 21
267.3067
 31
0.0
  0
LINE
  5
15B
330
17
100
AcDbEntity
  8
AVAN-CIZGI
100
AcDbLine
 10
235.0
 20
261.8316
 30
0.0
 11
415.0
 21
261.8316
 31
0.0
  0
LINE
  5
15C
330
17
100
AcDbEntity
  8
AVAN-CIZGI
100
AcDbLine
 10
235.0
 20
257.316
 30
0.0
 11
415.0
 21
257.316
 31
0.0
  0
LINE
  5
15D
330
17
100
AcDbEntity
  8
AVAN-CIZGI
100
AcDbLine
 10
235.0
 20
257.316
 30
0.0
 11
235.0
 21
261.8316
 31
0.0
  0
LINE
  5
15E
330
17
100
AcDbEntity
  8
AVAN-CIZGI
100
AcDbLine
 10
415.0
 20
257.316
 30
0.0
 11
415.0
 21
261.8316
 31
0.0
  0
LINE
  5
15F
330
17
100
AcDbEntity
  8
AVAN-CIZGI
100
AcDbLine
 10
337.0
 20
257.316
 30
0.0
 11
337.0
 21
261.8316
 31
0.0
  0
LINE
  5
160
330
17
100
AcDbEntity
  8
AVAN-CIZGI
100
AcDbLine
 10
385.0
 20
257.316
 30
0.0
 11
385.0
 21
261.8316
 31
0.0
  0
LINE
  5
161
330
17
100
AcDbEntity
  8
AVAN-CIZGI
100
AcDbLine
 10
235.0
 20
257.316
 30
0.0
 11
415.0
 21
257.316
 31
0.0
  0
LINE
  5
162
330
17
100
AcDbEntity
  8
AVAN-CIZGI
100
AcDbLine
 10
235.0
 20
257.316
 30
0.0
 11
415.0
 21
257.316
 31
0.0
  0
LINE
  5
163
330
17
100
AcDbEntity
  8
AVAN-CIZGI
100
AcDbLine
 10
235.0
 20
230.2227
 30
0.0
 11
415.0
 21
230.2227
 31
0.0
  0
LINE
  5
164
330
17
100
AcDbEntity
  8
AVAN-CIZGI
100
AcDbLine
 10
235.0
 20
230.2227
 30
0.0
 11
235.0
 21
257.316
 31
0.0
  0
LINE
  5
165
330
17
100
AcDbEntity
  8
AVAN-CIZGI
100
AcDbLine
 10
415.0
 20
230.2227
 30
0.0
 11
415.0
 21
257.316
 31
0.0
  0
LINE
  5
166
330
17
100
AcDbEntity
  8
AVAN-CIZGI
100
AcDbLine
 10
337.0
 20
230.2227
 30
0.0
 11
337.0
 21
257.316
 31
0.0
  0
LINE
  5
167
330
17
100
AcDbEntity
  8
AVAN-CIZGI
100
AcDbLine
 10
385.0
 20
230.2227
 30
0.0
 11
385.0
 21
257.316
 31
0.0
  0
LINE
  5
168
330
17
100
AcDbEntity
  8
AVAN-CIZGI
100
AcDbLine
 10
235.0
 20
252.8004
 30
0.0
 11
415.0
 21
252.8004
 31
0.0
  0
LINE
  5
169
330
17
100
AcDbEntity
  8
AVAN-CIZGI
100
AcDbLine
 10
235.0
 20
248.2849
 30
0.0
 11
415.0
 21
248.2849
 31
0.0
  0
LINE
  5
16A
330
17
100
AcDbEntity
  8
AVAN-CIZGI
100
AcDbLine
 10
235.0
 20
243.7693
 30
0.0
 11
415.0
 21
243.7693
 31
0.0
  0
LINE
  5
16B
330
17
100
AcDbEntity
  8
AVAN-CIZGI
100
AcDbLine
 10
235.0
 20
239.2538
 30
0.0
 11
415.0
 21
239.2538
 31
0.0
  0
LINE
  5
16C
330
17
100
AcDbEntity
  8
AVAN-CIZGI
100
AcDbLine
 10
235.0
 20
234.7382
 30
0.0
 11
415.0
 21
234.7382
 31
0.0
  0
LINE
  5
16D
330
17
100
AcDbEntity
  8
AVAN-CIZGI
100
AcDbLine
 10
235.0
 20
230.2227
 30
0.0
 11
415.0
 21
230.2227
 31
0.0
  0
LINE
  5
16E
330
17
100
AcDbEntity
  8
AVAN-CIZGI
100
AcDbLine
 10
235.0
 20
230.2227
 30
0.0
 11
415.0
 21
230.2227
 31
0.0
  0
LINE
  5
16F
330
17
100
AcDbEntity
  8
AVAN-CIZGI
100
AcDbLine
 10
235.0
 20
220.232
 30
0.0
 11
415.0
 21
220.232
 31
0.0
  0
LINE
  5
170
330
17
100
AcDbEntity
  8
AVAN-CIZGI
100
AcDbLine
 10
235.0
 20
220.232
 30
0.0
 11
235.0
 21
230.2227
 31
0.0
  0
LINE
  5
171
330
17
100
AcDbEntity
  8
AVAN-CIZGI
100
AcDbLine
 10
415.0
 20
220.232
 30
0.0
 11
415.0
 21
230.2227
 31
0.0
  0
LINE
  5
172
330
17
100
AcDbEntity
  8
AVAN-CIZGI
100
AcDbLine
 10
337.0
 20
220.232
 30
0.0
 11
337.0
 21
230.2227
 31
0.0
  0
LINE
  5
173
330
17
100
AcDbEntity
  8
AVAN-CIZGI
100
AcDbLine
 10
385.0
 20
220.232
 30
0.0
 11
385.0
 21
230.2227
 31
0.0
  0
LINE
  5
174
330
17
100
AcDbEntity
  8
AVAN-CIZGI
100
AcDbLine
 10
235.0
 20
220.232
 30
0.0
 11
415.0
 21
220.232
 31
0.0
  0
LINE
  5
175
330
17
100
AcDbEntity
  8
AVAN-CIZGI
100
AcDbLine
 10
235.0
 20
208.584
 30
0.0
 11
415.0
 21
208.584
 31
0.0
  0
LINE
  5
176
330
17
100
AcDbEntity
  8
AVAN-CIZGI
100
AcDbLine
 10
235.0
 20
203.1089
 30
0.0
 11
415.0
 21
203.1089
 31
0.0
  0
LINE
  5
177
330
17
100
AcDbEntity
  8
AVAN-CIZGI
100
AcDbLine
 10
235.0
 20
203.1089
 30
0.0
 11
235.0
 21
208.584
 31
0.0
  0
LINE
  5
178
330
17
100
AcDbEntity
  8
AVAN-CIZGI
100
AcDbLine
 10
415.0
 20
203.1089
 30
0.0
 11
415.0
 21
208.584
 31
0.0
  0
LINE
  5
179
330
17
100
AcDbEntity
  8
AVAN-CIZGI
100
AcDbLine
 10
235.0
 20
208.584
 30
0.0
 11
415.0
 21
208.584
 31
0.0
  0
LINE
  5
17A
330
17
100
AcDbEntity
  8
AVAN-CIZGI
100
AcDbLine
 10
235.0
 20
203.1089
 30
0.0
 11
415.0
 21
203.1089
 31
0.0
  0
LINE
  5
17B
330
17
100
AcDbEntity
  8
AVAN-CIZGI
100
AcDbLine
 10
235.0
 20
198.5933
 30
0.0
 11
415.0
 21
198.5933
 31
0.0
  0
LINE
  5
17C
330
17
100
AcDbEntity
  8
AVAN-CIZGI
100
AcDbLine
 10
235.0
 20
198.5933
 30
0.0
 11
235.0
 21
203.1089
 31
0.0
  0
LINE
  5
17D
330
17
100
AcDbEntity
  8
AVAN-CIZGI
100
AcDbLine
 10
415.0
 20
198.5933
 30
0.0
 11
415.0
 21
203.1089
 31
0.0
  0
LINE
  5
17E
330
17
100
AcDbEntity
  8
AVAN-CIZGI
100
AcDbLine
 10
337.0
 20
198.5933
 30
0.0
 11
337.0
 21
203.1089
 31
0.0
  0
LINE
  5
17F
330
17
100
AcDbEntity
  8
AVAN-CIZGI
100
AcDbLine
 10
385.0
 20
198.5933
 30
0.0
 11
385.0
 21
203.1089
 31
0.0
  0
LINE
  5
180
330
17
100
AcDbEntity
  8
AVAN-CIZGI
100
AcDbLine
 10
235.0
 20
198.5933
 30
0.0
 11
415.0
 21
198.5933
 31
0.0
  0
LINE
  5
181
330
17
100
AcDbEntity
  8
AVAN-CIZGI
100
AcDbLine
 10
235.0
 20
198.5933
 30
0.0
 11
415.0
 21
198.5933
 31
0.0
  0
LINE
  5
182
330
17
100
AcDbEntity
  8
AVAN-CIZGI
100
AcDbLine
 10
235.0
 20
136.0529
 30
0.0
 11
415.0
 21
136.0529
 31
0.0
  0
LINE
  5
183
330
17
100
AcDbEntity
  8
AVAN-CIZGI
100
AcDbLine
 10
235.0
 20
136.0529
 30
0.0
 11
235.0
 21
198.5933
 31
0.0
  0
LINE
  5
184
330
17
100
AcDbEntity
  8
AVAN-CIZGI
100
AcDbLine
 10
415.0
 20
136.0529
 30
0.0
 11
415.0
 21
198.5933
 31
0.0
  0
LINE
  5
185
330
17
100
AcDbEntity
  8
AVAN-CIZGI
100
AcDbLine
 10
337.0
 20
136.0529
 30
0.0
 11
337.0
 21
198.5933
 31
0.0
  0
LINE
  5
186
330
17
100
AcDbEntity
  8
AVAN-CIZGI
100
AcDbLine
 10
385.0
 20
136.0529
 30
0.0
 11
385.0
 21
198.5933
 31
0.0
  0
LINE
  5
187
330
17
100
AcDbEntity
  8
AVAN-CIZGI
100
AcDbLine
 10
235.0
 20
192.1587
 30
0.0
 11
415.0
 21
192.1587
 31
0.0
  0
LINE
  5
188
330
17
100
AcDbEntity
  8
AVAN-CIZGI
100
AcDbLine
 10
235.0
 20
187.6431
 30
0.0
 11
415.0
 21
187.6431
 31
0.0
  0
LINE
  5
189
330
17
100
AcDbEntity
  8
AVAN-CIZGI
100
AcDbLine
 10
235.0
 20
183.1276
 30
0.0
 11
415.0
 21
183.1276
 31
0.0
  0
LINE
  5
18A
330
17
100
AcDbEntity
  8
AVAN-CIZGI
100
AcDbLine
 10
235.0
 20
173.1369
 30
0.0
 11
415.0
 21
173.1369
 31
0.0
  0
LINE
  5
18B
330
17
100
AcDbEntity
  8
AVAN-CIZGI
100
AcDbLine
 10
235.0
 20
168.6213
 30
0.0
 11
415.0
 21
168.6213
 31
0.0
  0
LINE
  5
18C
330
17
100
AcDbEntity
  8
AVAN-CIZGI
100
AcDbLine
 10
235.0
 20
158.6307
 30
0.0
 11
415.0
 21
158.6307
 31
0.0
  0
LINE
  5
18D
330
17
100
AcDbEntity
  8
AVAN-CIZGI
100
AcDbLine
 10
235.0
 20
154.1151
 30
0.0
 11
415.0
 21
154.1151
 31
0.0
  0
LINE
  5
18E
330
17
100
AcDbEntity
  8
AVAN-CIZGI
100
AcDbLine
 10
235.0
 20
149.5996
 30
0.0
 11
415.0
 21
149.5996
 31
0.0
  0
LINE
  5
18F
330
17
100
AcDbEntity
  8
AVAN-CIZGI
100
AcDbLine
 10
235.0
 20
145.084
 30
0.0
 11
415.0
 21
145.084
 31
0.0
  0
LINE
  5
190
330
17
100
AcDbEntity
  8
AVAN-CIZGI
100
AcDbLine
 10
235.0
 20
140.5685
 30
0.0
 11
415.0
 21
140.5685
 31
0.0
  0
LINE
  5
191
330
17
100
AcDbEntity
  8
AVAN-CIZGI
100
AcDbLine
 10
235.0
 20
136.0529
 30
0.0
 11
415.0
 21
136.0529
 31
0.0
  0
LINE
  5
192
330
17
100
AcDbEntity
  8
AVAN-CIZGI
100
AcDbLine
 10
235.0
 20
136.0529
 30
0.0
 11
415.0
 21
136.0529
 31
0.0
  0
LINE
  5
193
330
17
100
AcDbEntity
  8
AVAN-CIZGI
100
AcDbLine
 10
235.0
 20
131.5373
 30
0.0
 11
415.0
 21
131.5373
 31
0.0
  0
LINE
  5
194
330
17
100
AcDbEntity
  8
AVAN-CIZGI
100
AcDbLine
 10
235.0
 20
131.5373
 30
0.0
 11
235.0
 21
136.0529
 31
0.0
  0
LINE
  5
195
330
17
100
AcDbEntity
  8
AVAN-CIZGI
100
AcDbLine
 10
415.0
 20
131.5373
 30
0.0
 11
415.0
 21
136.0529
 31
0.0
  0
LINE
  5
196
330
17
100
AcDbEntity
  8
AVAN-CIZGI
100
AcDbLine
 10
337.0
 20
131.5373
 30
0.0
 11
337.0
 21
136.0529
 31
0.0
  0
LINE
  5
197
330
17
100
AcDbEntity
  8
AVAN-CIZGI
100
AcDbLine
 10
385.0
 20
131.5373
 30
0.0
 11
385.0
 21
136.0529
 31
0.0
  0
LINE
  5
198
330
17
100
AcDbEntity
  8
AVAN-CIZGI
100
AcDbLine
 10
235.0
 20
131.5373
 30
0.0
 11
415.0
 21
131.5373
 31
0.0
  0
LINE
  5
199
330
17
100
AcDbEntity
  8
AVAN-CIZGI
100
AcDbLine
 10
235.0
 20
125.308
 30
0.0
 11
415.0
 21
125.308
 31
0.0
  0
LINE
  5
19A
330
17
100
AcDbEntity
  8
AVAN-CIZGI
100
AcDbLine
 10
235.0
 20
119.8329
 30
0.0
 11
415.0
 21
119.8329
 31
0.0
  0
LINE
  5
19B
330
17
100
AcDbEntity
  8
AVAN-CIZGI
100
AcDbLine
 10
235.0
 20
119.8329
 30
0.0
 11
235.0
 21
125.308
 31
0.0
  0
LINE
  5
19C
330
17
100
AcDbEntity
  8
AVAN-CIZGI
100
AcDbLine
 10
415.0
 20
119.8329
 30
0.0
 11
415.0
 21
125.308
 31
0.0
  0
LINE
  5
19D
330
17
100
AcDbEntity
  8
AVAN-CIZGI
100
AcDbLine
 10
235.0
 20
125.308
 30
0.0
 11
415.0
 21
125.308
 31
0.0
  0
LINE
  5
19E
330
17
100
AcDbEntity
  8
AVAN-CIZGI
100
AcDbLine
 10
235.0
 20
119.8329
 30
0.0
 11
415.0
 21
119.8329
 31
0.0
  0
LINE
  5
19F
330
17
100
AcDbEntity
  8
AVAN-CIZGI
100
AcDbLine
 10
235.0
 20
109.8422
 30
0.0
 11
415.0
 21
109.8422
 31
0.0
  0
LINE
  5
1A0
330
17
100
AcDbEntity
  8
AVAN-CIZGI
100
AcDbLine
 10
235.0
 20
109.8422
 30
0.0
 11
235.0
 21
119.8329
 31
0.0
  0
LINE
  5
1A1
330
17
100
AcDbEntity
  8
AVAN-CIZGI
100
AcDbLine
 10
415.0
 20
109.8422
 30
0.0
 11
415.0
 21
119.8329
 31
0.0
  0
LINE
  5
1A2
330
17
100
AcDbEntity
  8
AVAN-CIZGI
100
AcDbLine
 10
337.0
 20
109.8422
 30
0.0
 11
337.0
 21
119.8329
 31
0.0
  0
LINE
  5
1A3
330
17
100
AcDbEntity
  8
AVAN-CIZGI
100
AcDbLine
 10
385.0
 20
109.8422
 30
0.0
 11
385.0
 21
119.8329
 31
0.0
  0
LINE
  5
1A4
330
17
100
AcDbEntity
  8
AVAN-CIZGI
100
AcDbLine
 10
235.0
 20
109.8422
 30
0.0
 11
415.0
 21
109.8422
 31
0.0
  0
LINE
  5
1A5
330
17
100
AcDbEntity
  8
AVAN-CIZGI
100
AcDbLine
 10
235.0
 20
107.2822
 30
0.0
 11
415.0
 21
107.2822
 31
0.0
  0
LINE
  5
1A6
330
17
100
AcDbEntity
  8
AVAN-CIZGI
100
AcDbLine
 10
235.0
 20
101.8071
 30
0.0
 11
415.0
 21
101.8071
 31
0.0
  0
LINE
  5
1A7
330
17
100
AcDbEntity
  8
AVAN-CIZGI
100
AcDbLine
 10
235.0
 20
101.8071
 30
0.0
 11
235.0
 21
107.2822
 31
0.0
  0
LINE
  5
1A8
330
17
100
AcDbEntity
  8
AVAN-CIZGI
100
AcDbLine
 10
415.0
 20
101.8071
 30
0.0
 11
415.0
 21
107.2822
 31
0.0
  0
LINE
  5
1A9
330
17
100
AcDbEntity
  8
AVAN-CIZGI
100
AcDbLine
 10
235.0
 20
107.2822
 30
0.0
 11
415.0
 21
107.2822
 31
0.0
  0
LINE
  5
1AA
330
17
100
AcDbEntity
  8
AVAN-CIZGI
100
AcDbLine
 10
235.0
 20
101.8071
 30
0.0
 11
415.0
 21
101.8071
 31
0.0
  0
LINE
  5
1AB
330
17
100
AcDbEntity
  8
AVAN-CIZGI
100
AcDbLine
 10
235.0
 20
91.8165
 30
0.0
 11
415.0
 21
91.8165
 31
0.0
  0
LINE
  5
1AC
330
17
100
AcDbEntity
  8
AVAN-CIZGI
100
AcDbLine
 10
235.0
 20
91.8165
 30
0.0
 11
235.0
 21
101.8071
 31
0.0
  0
LINE
  5
1AD
330
17
100
AcDbEntity
  8
AVAN-CIZGI
100
AcDbLine
 10
415.0
 20
91.8165
 30
0.0
 11
415.0
 21
101.8071
 31
0.0
  0
LINE
  5
1AE
330
17
100
AcDbEntity
  8
AVAN-CIZGI
100
AcDbLine
 10
337.0
 20
91.8165
 30
0.0
 11
337.0
 21
101.8071
 31
0.0
  0
LINE
  5
1AF
330
17
100
AcDbEntity
  8
AVAN-CIZGI
100
AcDbLine
 10
385.0
 20
91.8165
 30
0.0
 11
385.0
 21
101.8071
 31
0.0
  0
LINE
  5
1B0
330
17
100
AcDbEntity
  8
AVAN-CIZGI
100
AcDbLine
 10
235.0
 20
91.8165
 30
0.0
 11
415.0
 21
91.8165
 31
0.0
  0
LINE
  5
1B1
330
17
100
AcDbEntity
  8
AVAN-CIZGI
100
AcDbLine
 10
235.0
 20
91.8165
 30
0.0
 11
415.0
 21
91.8165
 31
0.0
  0
LINE
  5
1B2
330
17
100
AcDbEntity
  8
AVAN-CIZGI
100
AcDbLine
 10
235.0
 20
87.3009
 30
0.0
 11
415.0
 21
87.3009
 31
0.0
  0
LINE
  5
1B3
330
17
100
AcDbEntity
  8
AVAN-CIZGI
100
AcDbLine
 10
235.0
 20
87.3009
 30
0.0
 11
235.0
 21
91.8165
 31
0.0
  0
LINE
  5
1B4
330
17
100
AcDbEntity
  8
AVAN-CIZGI
100
AcDbLine
 10
415.0
 20
87.3009
 30
0.0
 11
415.0
 21
91.8165
 31
0.0
  0
LINE
  5
1B5
330
17
100
AcDbEntity
  8
AVAN-CIZGI
100
AcDbLine
 10
337.0
 20
87.3009
 30
0.0
 11
337.0
 21
91.8165
 31
0.0
  0
LINE
  5
1B6
330
17
100
AcDbEntity
  8
AVAN-CIZGI
100
AcDbLine
 10
385.0
 20
87.3009
 30
0.0
 11
385.0
 21
91.8165
 31
0.0
  0
LINE
  5
1B7
330
17
100
AcDbEntity
  8
AVAN-CIZGI
100
AcDbLine
 10
235.0
 20
87.3009
 30
0.0
 11
415.0
 21
87.3009
 31
0.0
  0
LINE
  5
1B8
330
17
100
AcDbEntity
  8
AVAN-CIZGI
100
AcDbLine
 10
235.0
 20
87.3009
 30
0.0
 11
415.0
 21
87.3009
 31
0.0
  0
LINE
  5
1B9
330
17
100
AcDbEntity
  8
AVAN-CIZGI
100
AcDbLine
 10
235.0
 20
82.7853
 30
0.0
 11
415.0
 21
82.7853
 31
0.0
  0
LINE
  5
1BA
330
17
100
AcDbEntity
  8
AVAN-CIZGI
100
AcDbLine
 10
235.0
 20
82.7853
 30
0.0
 11
235.0
 21
87.3009
 31
0.0
  0
LINE
  5
1BB
330
17
100
AcDbEntity
  8
AVAN-CIZGI
100
AcDbLine
 10
415.0
 20
82.7853
 30
0.0
 11
415.0
 21
87.3009
 31
0.0
  0
LINE
  5
1BC
330
17
100
AcDbEntity
  8
AVAN-CIZGI
100
AcDbLine
 10
337.0
 20
82.7853
 30
0.0
 11
337.0
 21
87.3009
 31
0.0
  0
LINE
  5
1BD
330
17
100
AcDbEntity
  8
AVAN-CIZGI
100
AcDbLine
 10
385.0
 20
82.7853
 30
0.0
 11
385.0
 21
87.3009
 31
0.0
  0
LINE
  5
1BE
330
17
100
AcDbEntity
  8
AVAN-CIZGI
100
AcDbLine
 10
235.0
 20
82.7853
 30
0.0
 11
415.0
 21
82.7853
 31
0.0
  0
LINE
  5
1BF
330
17
100
AcDbEntity
  8
AVAN-CIZGI
100
AcDbLine
 10
235.0
 20
73.8467
 30
0.0
 11
415.0
 21
73.8467
 31
0.0
  0
LINE
  5
1C0
330
17
100
AcDbEntity
  8
AVAN-CIZGI
100
AcDbLine
 10
235.0
 20
68.3716
 30
0.0
 11
415.0
 21
68.3716
 31
0.0
  0
LINE
  5
1C1
330
17
100
AcDbEntity
  8
AVAN-CIZGI
100
AcDbLine
 10
235.0
 20
68.3716
 30
0.0
 11
235.0
 21
73.8467
 31
0.0
  0
LINE
  5
1C2
330
17
100
AcDbEntity
  8
AVAN-CIZGI
100
AcDbLine
 10
415.0
 20
68.3716
 30
0.0
 11
415.0
 21
73.8467
 31
0.0
  0
LINE
  5
1C3
330
17
100
AcDbEntity
  8
AVAN-CIZGI
100
AcDbLine
 10
235.0
 20
73.8467
 30
0.0
 11
415.0
 21
73.8467
 31
0.0
  0
LINE
  5
1C4
330
17
100
AcDbEntity
  8
AVAN-CIZGI
100
AcDbLine
 10
235.0
 20
68.3716
 30
0.0
 11
415.0
 21
68.3716
 31
0.0
  0
LINE
  5
1C5
330
17
100
AcDbEntity
  8
AVAN-CIZGI
100
AcDbLine
 10
235.0
 20
58.3809
 30
0.0
 11
415.0
 21
58.3809
 31
0.0
  0
LINE
  5
1C6
330
17
100
AcDbEntity
  8
AVAN-CIZGI
100
AcDbLine
 10
235.0
 20
58.3809
 30
0.0
 11
235.0
 21
68.3716
 31
0.0
  0
LINE
  5
1C7
330
17
100
AcDbEntity
  8
AVAN-CIZGI
100
AcDbLine
 10
415.0
 20
58.3809
 30
0.0
 11
415.0
 21
68.3716
 31
0.0
  0
LINE
  5
1C8
330
17
100
AcDbEntity
  8
AVAN-CIZGI
100
AcDbLine
 10
337.0
 20
58.3809
 30
0.0
 11
337.0
 21
68.3716
 31
0.0
  0
LINE
  5
1C9
330
17
100
AcDbEntity
  8
AVAN-CIZGI
100
AcDbLine
 10
385.0
 20
58.3809
 30
0.0
 11
385.0
 21
68.3716
 31
0.0
  0
LINE
  5
1CA
330
17
100
AcDbEntity
  8
AVAN-CIZGI
100
AcDbLine
 10
235.0
 20
58.3809
 30
0.0
 11
415.0
 21
58.3809
 31
0.0
  0
LINE
  5
1CB
330
17
100
AcDbEntity
  8
AVAN-CIZGI
100
AcDbLine
 10
235.0
 20
58.3809
 30
0.0
 11
415.0
 21
58.3809
 31
0.0
  0
LINE
  5
1CC
330
17
100
AcDbEntity
  8
AVAN-CIZGI
100
AcDbLine
 10
235.0
 20
53.8653
 30
0.0
 11
415.0
 21
53.8653
 31
0.0
  0
LINE
  5
1CD
330
17
100
AcDbEntity
  8
AVAN-CIZGI
100
AcDbLine
 10
235.0
 20
53.8653
 30
0.0
 11
235.0
 21
58.3809
 31
0.0
  0
LINE
  5
1CE
330
17
100
AcDbEntity
  8
AVAN-CIZGI
100
AcDbLine
 10
415.0
 20
53.8653
 30
0.0
 11
415.0
 21
58.3809
 31
0.0
  0
LINE
  5
1CF
330
17
100
AcDbEntity
  8
AVAN-CIZGI
100
AcDbLine
 10
337.0
 20
53.8653
 30
0.0
 11
337.0
 21
58.3809
 31
0.0
  0
LINE
  5
1D0
330
17
100
AcDbEntity
  8
AVAN-CIZGI
100
AcDbLine
 10
385.0
 20
53.8653
 30
0.0
 11
385.0
 21
58.3809
 31
0.0
  0
LINE
  5
1D1
330
17
100
AcDbEntity
  8
AVAN-CIZGI
100
AcDbLine
 10
235.0
 20
53.8653
 30
0.0
 11
415.0
 21
53.8653
 31
0.0
  0
LINE
  5
1D2
330
17
100
AcDbEntity
  8
AVAN-CIZGI
100
AcDbLine
 10
235.0
 20
44.8798
 30
0.0
 11
415.0
 21
44.8798
 31
0.0
  0
LINE
  5
1D3
330
17
100
AcDbEntity
  8
AVAN-CIZGI
100
AcDbLine
 10
235.0
 20
50.6653
 30
0.0
 11
415.0
 21
50.6653
 31
0.0
  0
LINE
  5
1D4
330
17
100
AcDbEntity
  8
AVAN-CIZGI
100
AcDbLine
 10
235.0
 20
29.6398
 30
0.0
 11
415.0
 21
29.6398
 31
0.0
  0
LINE
  5
1D5
330
17
100
AcDbEntity
  8
AVAN-CIZGI
100
AcDbLine
 10
235.0
 20
29.6398
 30
0.0
 11
235.0
 21
50.6653
 31
0.0
  0
LINE
  5
1D6
330
17
100
AcDbEntity
  8
AVAN-CIZGI
100
AcDbLine
 10
415.0
 20
29.6398
 30
0.0
 11
415.0
 21
50.6653
 31
0.0
  0
LINE
  5
1D7
330
17
100
AcDbEntity
  8
AVAN-CIZGI
100
AcDbLine
 10
235.0
 20
36.4131
 30
0.0
 11
415.0
 21
36.4131
 31
0.0
  0
TEXT
  5
1D8
330
17
100
AcDbEntity
  8
AVAN-YAZI
100
AcDbText
 10
294.6339
 20
276.8
 30
0.0
 40
3.086
  1
ASANSÖR TRAFİK HESABI
  7
AVAN-KALIN
 41
1.045
 11
294.6339
 21
276.8
 31
0.0
100
AcDbText
  0
TEXT
  5
1D9
330
17
100
AcDbEntity
  8
AVAN-YAZI
100
AcDbText
 10
395.7306
 20
263.7648
 30
0.0
 40
1.522
  1
MMO/697 Tablo-1
  7
AVAN
 41
1.0946
 11
395.7306
 21
263.7648
 31
0.0
100
AcDbText
  0
TEXT
  5
1DA
330
17
100
AcDbEntity
  8
AVAN-YAZI
100
AcDbText
 10
235.8467
 20
263.666
 30
0.0
 40
1.955
  1
BİNADA BULUNAN İNSAN SAYISININ TESPİTİ (B)
  7
AVAN-KALIN
 41
1.0375
 11
235.8467
 21
263.666
 31
0.0
100
AcDbText
  0
TEXT
  5
1DB
330
17
100
AcDbEntity
  8
AVAN-YAZI
100
AcDbText
 10
385.8467
 20
258.8964
 30
0.0
 40
1.42
  1
MMO Tablo-9/10
  7
AVAN
 41
1.0924
 11
385.8467
 21
258.8964
 31
0.0
100
AcDbText
  0
TEXT
  5
1DC
330
17
100
AcDbEntity
  8
AVAN-YAZI
100
AcDbText
 10
248.8467
 20
258.84
 30
0.0
 40
1.687
  1
Bina tipi / hesap standardı
  7
AVAN
 41
1.0779
 11
248.8467
 21
258.84
 31
0.0
100
AcDbText
  0
TEXT
  5
1DD
330
17
100
AcDbEntity
  8
AVAN-YAZI
100
AcDbText
 10
332.8467
 20
258.84
 30
0.0
 40
1.687
  1
=
  7
AVAN
 41
1.7614
 11
332.8467
 21
258.84
 31
0.0
100
AcDbText
  0
TEXT
  5
1DE
330
17
100
AcDbEntity
  8
AVAN-YAZI
100
AcDbText
 10
338.7606
 20
258.7271
 30
0.0
 40
1.769
  1
Konut / Yükseltilmiş
  7
AVAN-KALIN
 41
1.1504
 11
338.7606
 21
258.7271
 31
0.0
100
AcDbText
  0
TEXT
  5
1DF
330
17
100
AcDbEntity
  8
AVAN-YAZI
100
AcDbText
 10
385.8467
 20
254.3809
 30
0.0
 40
1.42
  1
Projeden
  7
AVAN
 41
1.1194
 11
385.8467
 21
254.3809
 31
0.0
100
AcDbText
  0
TEXT
  5
1E0
330
17
100
AcDbEntity
  8
AVAN-YAZI
100
AcDbText
 10
235.8467
 20
254.3244
 30
0.0
 40
1.687
  1
N
  7
AVAN
 41
1.272
 11
235.8467
 21
254.3244
 31
0.0
100
AcDbText
  0
TEXT
  5
1E1
330
17
100
AcDbEntity
  8
AVAN-YAZI
100
AcDbText
 10
248.8467
 20
254.3244
 30
0.0
 40
1.687
  1
Kat sayısı (ana giriş üstü)
  7
AVAN
 41
1.003
 11
248.8467
 21
254.3244
 31
0.0
100
AcDbText
  0
TEXT
  5
1E2
330
17
100
AcDbEntity
  8
AVAN-YAZI
100
AcDbText
 10
332.8467
 20
254.3244
 30
0.0
 40
1.687
  1
=
  7
AVAN
 41
1.7614
 11
332.8467
 21
254.3244
 31
0.0
100
AcDbText
  0
TEXT
  5
1E3
330
17
100
AcDbEntity
  8
AVAN-YAZI
100
AcDbText
 10
367.8467
 20
254.3244
 30
0.0
 40
1.687
  1
kat
  7
AVAN
 41
1.2384
 11
367.8467
 21
254.3244
 31
0.0
100
AcDbText
  0
TEXT
  5
1E4
330
17
100
AcDbEntity
  8
AVAN-YAZI
100
AcDbText
 10
362.7758
 20
254.2116
 30
0.0
 40
1.769
  1
11
  7
AVAN-KALIN
 41
1.3828
 11
362.7758
 21
254.2116
 31
0.0
100
AcDbText
  0
TEXT
  5
1E5
330
17
100
AcDbEntity
  8
AVAN-YAZI
100
AcDbText
 10
385.8467
 20
249.8653
 30
0.0
 40
1.42
  1
Projeden
  7
AVAN
 41
1.1194
 11
385.8467
 21
249.8653
 31
0.0
100
AcDbText
  0
TEXT
  5
1E6
330
17
100
AcDbEntity
  8
AVAN-YAZI
100
AcDbText
 10
235.8467
 20
249.8089
 30
0.0
 40
1.687
  1
Nb
  7
AVAN
 41
1.1847
 11
235.8467
 21
249.8089
 31
0.0
100
AcDbText
  0
TEXT
  5
1E7
330
17
100
AcDbEntity
  8
AVAN-YAZI
100
AcDbText
 10
248.8467
 20
249.8089
 30
0.0
 40
1.687
  1
Bodrum durak adedi (ana giriş altı)
  7
AVAN
 41
1.0753
 11
248.8467
 21
249.8089
 31
0.0
100
AcDbText
  0
TEXT
  5
1E8
330
17
100
AcDbEntity
  8
AVAN-YAZI
100
AcDbText
 10
332.8467
 20
249.8089
 30
0.0
 40
1.687
  1
=
  7
AVAN
 41
1.7614
 11
332.8467
 21
249.8089
 31
0.0
100
AcDbText
  0
TEXT
  5
1E9
330
17
100
AcDbEntity
  8
AVAN-YAZI
100
AcDbText
 10
367.8467
 20
249.8089
 30
0.0
 40
1.687
  1
durak
  7
AVAN
 41
1.1846
 11
367.8467
 21
249.8089
 31
0.0
100
AcDbText
  0
TEXT
  5
1EA
330
17
100
AcDbEntity
  8
AVAN-YAZI
100
AcDbText
 10
364.4645
 20
249.696
 30
0.0
 40
1.769
  1
0
  7
AVAN-KALIN
 41
1.5364
 11
364.4645
 21
249.696
 31
0.0
100
AcDbText
  0
TEXT
  5
1EB
330
17
100
AcDbEntity
  8
AVAN-YAZI
100
AcDbText
 10
385.8467
 20
245.3498
 30
0.0
 40
1.42
  1
MMO/697 Tablo-2
  7
AVAN
 41
1.0946
 11
385.8467
 21
245.3498
 31
0.0
100
AcDbText
  0
TEXT
  5
1EC
330
17
100
AcDbEntity
  8
AVAN-YAZI
100
AcDbText
 10
248.8467
 20
245.2933
 30
0.0
 40
1.687
  1
Toplam durak adedi = N + 1 + Nb
  7
AVAN
 41
1.1505
 11
248.8467
 21
245.2933
 31
0.0
100
AcDbText
  0
TEXT
  5
1ED
330
17
100
AcDbEntity
  8
AVAN-YAZI
100
AcDbText
 10
332.8467
 20
245.2933
 30
0.0
 40
1.687
  1
=
  7
AVAN
 41
1.7614
 11
332.8467
 21
245.2933
 31
0.0
100
AcDbText
  0
TEXT
  5
1EE
330
17
100
AcDbEntity
  8
AVAN-YAZI
100
AcDbText
 10
367.8467
 20
245.2933
 30
0.0
 40
1.687
  1
durak
  7
AVAN
 41
1.1846
 11
367.8467
 21
245.2933
 31
0.0
100
AcDbText
  0
TEXT
  5
1EF
330
17
100
AcDbEntity
  8
AVAN-YAZI
100
AcDbText
 10
362.7758
 20
245.1804
 30
0.0
 40
1.769
  1
12
  7
AVAN-KALIN
 41
1.3828
 11
362.7758
 21
245.1804
 31
0.0
100
AcDbText
  0
TEXT
  5
1F0
330
17
100
AcDbEntity
  8
AVAN-YAZI
100
AcDbText
 10
385.8467
 20
240.8342
 30
0.0
 40
1.42
  1
BYKHY md.4
  7
AVAN
 41
1.0596
 11
385.8467
 21
240.8342
 31
0.0
100
AcDbText
  0
TEXT
  5
1F1
330
17
100
AcDbEntity
  8
AVAN-YAZI
100
AcDbText
 10
248.8467
 20
240.7778
 30
0.0
 40
1.687
  1
Bina / yapı yüksekliği
  7
AVAN
 41
1.0459
 11
248.8467
 21
240.7778
 31
0.0
100
AcDbText
  0
TEXT
  5
1F2
330
17
100
AcDbEntity
  8
AVAN-YAZI
100
AcDbText
 10
332.8467
 20
240.7778
 30
0.0
 40
1.687
  1
=
  7
AVAN
 41
1.7614
 11
332.8467
 21
240.7778
 31
0.0
100
AcDbText
  0
TEXT
  5
1F3
330
17
100
AcDbEntity
  8
AVAN-YAZI
100
AcDbText
 10
367.8467
 20
240.7778
 30
0.0
 40
1.687
  1
m
  7
AVAN
 41
1.4357
 11
367.8467
 21
240.7778
 31
0.0
100
AcDbText
  0
TEXT
  5
1F4
330
17
100
AcDbEntity
  8
AVAN-YAZI
100
AcDbText
 10
348.2226
 20
240.6649
 30
0.0
 40
1.769
  1
39,98 / 43,00
  7
AVAN-KALIN
 41
1.2721
 11
348.2226
 21
240.6649
 31
0.0
100
AcDbText
  0
TEXT
  5
1F5
330
17
100
AcDbEntity
  8
AVAN-YAZI
100
AcDbText
 10
385.8467
 20
236.3187
 30
0.0
 40
1.42
  1
Tablo-1
  7
AVAN
 41
1.1311
 11
385.8467
 21
236.3187
 31
0.0
100
AcDbText
  0
TEXT
  5
1F6
330
17
100
AcDbEntity
  8
AVAN-YAZI
100
AcDbText
 10
235.8467
 20
236.2622
 30
0.0
 40
1.687
  1
b
  7
AVAN
 41
1.4016
 11
235.8467
 21
236.2622
 31
0.0
100
AcDbText
  0
TEXT
  5
1F7
330
17
100
AcDbEntity
  8
AVAN-YAZI
100
AcDbText
 10
248.8467
 20
236.2622
 30
0.0
 40
1.687
  1
Binada sürekli bulunan kişi (Σc)
  7
AVAN
 41
1.0993
 11
248.8467
 21
236.2622
 31
0.0
100
AcDbText
  0
TEXT
  5
1F8
330
17
100
AcDbEntity
  8
AVAN-YAZI
100
AcDbText
 10
332.8467
 20
236.2622
 30
0.0
 40
1.687
  1
=
  7
AVAN
 41
1.7614
 11
332.8467
 21
236.2622
 31
0.0
100
AcDbText
  0
TEXT
  5
1F9
330
17
100
AcDbEntity
  8
AVAN-YAZI
100
AcDbText
 10
367.8467
 20
236.2622
 30
0.0
 40
1.687
  1
kişi
  7
AVAN
 41
0.9938
 11
367.8467
 21
236.2622
 31
0.0
100
AcDbText
  0
TEXT
  5
1FA
330
17
100
AcDbEntity
  8
AVAN-YAZI
100
AcDbText
 10
361.087
 20
236.1493
 30
0.0
 40
1.769
  1
220
  7
AVAN-KALIN
 41
1.3316
 11
361.087
 21
236.1493
 31
0.0
100
AcDbText
  0
TEXT
  5
1FB
330
17
100
AcDbEntity
  8
AVAN-YAZI
100
AcDbText
 10
385.8467
 20
231.8031
 30
0.0
 40
1.42
  1
MMO/697
  7
AVAN
 41
1.1002
 11
385.8467
 21
231.8031
 31
0.0
100
AcDbText
  0
TEXT
  5
1FC
330
17
100
AcDbEntity
  8
AVAN-YAZI
100
AcDbText
 10
235.8467
 20
231.7467
 30
0.0
 40
1.687
  1
n
  7
AVAN
 41
1.3995
 11
235.8467
 21
231.7467
 31
0.0
100
AcDbText
  0
TEXT
  5
1FD
330
17
100
AcDbEntity
  8
AVAN-YAZI
100
AcDbText
 10
248.8467
 20
231.7467
 30
0.0
 40
1.687
  1
Nüfus artış oranı (b<200 → 0,30 / b≥200 → 0,25)
  7
AVAN
 41
1.0533
 11
248.8467
 21
231.7467
 31
0.0
100
AcDbText
  0
TEXT
  5
1FE
330
17
100
AcDbEntity
  8
AVAN-YAZI
100
AcDbText
 10
332.8467
 20
231.7467
 30
0.0
 40
1.687
  1
=
  7
AVAN
 41
1.7614
 11
332.8467
 21
231.7467
 31
0.0
100
AcDbText
  0
TEXT
  5
1FF
330
17
100
AcDbEntity
  8
AVAN-YAZI
100
AcDbText
 10
367.8467
 20
231.7467
 30
0.0
 40
1.687
  1
—
  7
AVAN
 41
1.2277
 11
367.8467
 21
231.7467
 31
0.0
100
AcDbText
  0
TEXT
  5
200
330
17
100
AcDbEntity
  8
AVAN-YAZI
100
AcDbText
 10
360.165
 20
231.6338
 30
0.0
 40
1.769
  1
0,25
  7
AVAN-KALIN
 41
1.3331
 11
360.165
 21
231.6338
 31
0.0
100
AcDbText
  0
TEXT
  5
201
330
17
100
AcDbEntity
  8
AVAN-YAZI
100
AcDbText
 10
235.8467
 20
226.3703
 30
0.0
 40
1.728
  1
B = b + ( n · b )
  7
AVAN-KALIN
 41
1.2507
 11
235.8467
 21
226.3703
 31
0.0
100
AcDbText
  0
TEXT
  5
202
330
17
100
AcDbEntity
  8
AVAN-YAZI
100
AcDbText
 10
385.8467
 20
222.3769
 30
0.0
 40
1.42
  1
MMO/697
  7
AVAN
 41
1.1002
 11
385.8467
 21
222.3769
 31
0.0
100
AcDbText
  0
TEXT
  5
203
330
17
100
AcDbEntity
  8
AVAN-YAZI
100
AcDbText
 10
248.8467
 20
222.3628
 30
0.0
 40
1.687
  1
= 220 + ( 0,25 · 220 )
  7
AVAN
 41
1.1715
 11
248.8467
 21
222.3628
 31
0.0
100
AcDbText
  0
TEXT
  5
204
330
17
100
AcDbEntity
  8
AVAN-YAZI
100
AcDbText
 10
367.8467
 20
222.3204
 30
0.0
 40
1.687
  1
kişi
  7
AVAN
 41
0.9938
 11
367.8467
 21
222.3204
 31
0.0
100
AcDbText
  0
TEXT
  5
205
330
17
100
AcDbEntity
  8
AVAN-YAZI
100
AcDbText
 10
361.087
 20
222.2076
 30
0.0
 40
1.769
  1
275
  7
AVAN-KALIN
 41
1.3316
 11
361.087
 21
222.2076
 31
0.0
100
AcDbText
  0
TEXT
  5
206
330
17
100
AcDbEntity
  8
AVAN-YAZI
100
AcDbText
 10
236.6933
 20
217.24
 30
0.0
 40
1.481
  1
▪ Daireler 3+1 olup bir dairede sayılan oda adedi 4 olarak alınmıştır (1 ilk yatak odası + 3 diğer oda). Bir dairedeki kişi sayısı = 2 + (3 × 1) = 5 kişi.
  7
AVAN
 41
1.0594
 11
236.6933
 21
217.24
 31
0.0
100
AcDbText
  0
TEXT
  5
207
330
17
100
AcDbEntity
  8
AVAN-YAZI
100
AcDbText
 10
236.6933
 20
214.5307
 30
0.0
 40
1.481
  1
▪ Daire adedi 44 → b = 44 × 5 = 220 kişi
  7
AVAN
 41
1.1091
 11
236.6933
 21
214.5307
 31
0.0
100
AcDbText
  0
TEXT
  5
208
330
17
100
AcDbEntity
  8
AVAN-YAZI
100
AcDbText
 10
236.6933
 20
211.8213
 30
0.0
 40
1.481
  1
▪ Tablo-1: Her dairenin ilk yatak odası için 2 kişi, diğer odaların her biri için 1 kişi alınır; mutfak ve ıslak hacimler hesaba katılmaz.
  7
AVAN
 41
1.052
 11
236.6933
 21
211.8213
 31
0.0
100
AcDbText
  0
TEXT
  5
209
330
17
100
AcDbEntity
  8
AVAN-YAZI
100
AcDbText
 10
384.4929
 20
205.0421
 30
0.0
 40
1.522
  1
MMO/697 Tablo-2 … Tablo-8
  7
AVAN
 41
1.0847
 11
384.4929
 21
205.0421
 31
0.0
100
AcDbText
  0
TEXT
  5
20A
330
17
100
AcDbEntity
  8
AVAN-YAZI
100
AcDbText
 10
235.8467
 20
204.9433
 30
0.0
 40
1.955
  1
HESAP DEĞERLERİ
  7
AVAN-KALIN
 41
1.0228
 11
235.8467
 21
204.9433
 31
0.0
100
AcDbText
  0
TEXT
  5
20B
330
17
100
AcDbEntity
  8
AVAN-YAZI
100
AcDbText
 10
385.8467
 20
200.1738
 30
0.0
 40
1.42
  1
Projeden
  7
AVAN
 41
1.1194
 11
385.8467
 21
200.1738
 31
0.0
100
AcDbText
  0
TEXT
  5
20C
330
17
100
AcDbEntity
  8
AVAN-YAZI
100
AcDbText
 10
235.8467
 20
200.1173
 30
0.0
 40
1.687
  1
h
  7
AVAN
 41
1.3995
 11
235.8467
 21
200.1173
 31
0.0
100
AcDbText
  0
TEXT
  5
20D
330
17
100
AcDbEntity
  8
AVAN-YAZI
100
AcDbText
 10
248.8467
 20
200.1173
 30
0.0
 40
1.687
  1
Katlar arası mesafe
  7
AVAN
 41
1.06
 11
248.8467
 21
200.1173
 31
0.0
100
AcDbText
  0
TEXT
  5
20E
330
17
100
AcDbEntity
  8
AVAN-YAZI
100
AcDbText
 10
332.8467
 20
200.1173
 30
0.0
 40
1.687
  1
=
  7
AVAN
 41
1.7614
 11
332.8467
 21
200.1173
 31
0.0
100
AcDbText
  0
TEXT
  5
20F
330
17
100
AcDbEntity
  8
AVAN-YAZI
100
AcDbText
 10
367.8467
 20
200.1173
 30
0.0
 40
1.687
  1
m
  7
AVAN
 41
1.4357
 11
367.8467
 21
200.1173
 31
0.0
100
AcDbText
  0
TEXT
  5
210
330
17
100
AcDbEntity
  8
AVAN-YAZI
100
AcDbText
 10
364.4645
 20
200.0045
 30
0.0
 40
1.769
  1
3
  7
AVAN-KALIN
 41
1.5364
 11
364.4645
 21
200.0045
 31
0.0
100
AcDbText
  0
TEXT
  5
211
330
17
100
AcDbEntity
  8
AVAN-YAZI
100
AcDbText
 10
385.8467
 20
195.9687
 30
0.0
 40
1.42
  1
Projeden — avan kuyu
  7
AVAN
 41
1.1073
 11
385.8467
 21
195.9687
 31
0.0
100
AcDbText
  0
TEXT
  5
212
330
17
100
AcDbEntity
  8
AVAN-YAZI
100
AcDbText
 10
248.8467
 20
194.6422
 30
0.0
 40
1.687
  1
Toplam seyahat mesafesi = ( N + Nb ) · h
  7
AVAN
 41
1.1316
 11
248.8467
 21
194.6422
 31
0.0
100
AcDbText
  0
TEXT
  5
213
330
17
100
AcDbEntity
  8
AVAN-YAZI
100
AcDbText
 10
332.8467
 20
194.6422
 30
0.0
 40
1.687
  1
=
  7
AVAN
 41
1.7614
 11
332.8467
 21
194.6422
 31
0.0
100
AcDbText
  0
TEXT
  5
214
330
17
100
AcDbEntity
  8
AVAN-YAZI
100
AcDbText
 10
367.8467
 20
194.6422
 30
0.0
 40
1.687
  1
m
  7
AVAN
 41
1.4357
 11
367.8467
 21
194.6422
 31
0.0
100
AcDbText
  0
TEXT
  5
215
330
17
100
AcDbEntity
  8
AVAN-YAZI
100
AcDbText
 10
362.7758
 20
194.5293
 30
0.0
 40
1.769
  1
33
  7
AVAN-KALIN
 41
1.3828
 11
362.7758
 21
194.5293
 31
0.0
100
AcDbText
  0
TEXT
  5
216
330
17
100
AcDbEntity
  8
AVAN-YAZI
100
AcDbText
 10
385.8467
 20
193.4287
 30
0.0
 40
1.42
  1
yüksekliği bu değerden türer
  7
AVAN
 41
1.1034
 11
385.8467
 21
193.4287
 31
0.0
100
AcDbText
  0
TEXT
  5
217
330
17
100
AcDbEntity
  8
AVAN-YAZI
100
AcDbText
 10
385.8467
 20
189.2236
 30
0.0
 40
1.42
  1
Tablo-2 (durak = 12)
  7
AVAN
 41
1.1412
 11
385.8467
 21
189.2236
 31
0.0
100
AcDbText
  0
TEXT
  5
218
330
17
100
AcDbEntity
  8
AVAN-YAZI
100
AcDbText
 10
235.8467
 20
189.1671
 30
0.0
 40
1.687
  1
V
  7
AVAN
 41
1.2592
 11
235.8467
 21
189.1671
 31
0.0
100
AcDbText
  0
TEXT
  5
219
330
17
100
AcDbEntity
  8
AVAN-YAZI
100
AcDbText
 10
248.8467
 20
189.1671
 30
0.0
 40
1.687
  1
Kabin hızı
  7
AVAN
 41
0.8921
 11
248.8467
 21
189.1671
 31
0.0
100
AcDbText
  0
TEXT
  5
21A
330
17
100
AcDbEntity
  8
AVAN-YAZI
100
AcDbText
 10
332.8467
 20
189.1671
 30
0.0
 40
1.687
  1
=
  7
AVAN
 41
1.7614
 11
332.8467
 21
189.1671
 31
0.0
100
AcDbText
  0
TEXT
  5
21B
330
17
100
AcDbEntity
  8
AVAN-YAZI
100
AcDbText
 10
367.8467
 20
189.1671
 30
0.0
 40
1.687
  1
m/s
  7
AVAN
 41
1.1963
 11
367.8467
 21
189.1671
 31
0.0
100
AcDbText
  0
TEXT
  5
21C
330
17
100
AcDbEntity
  8
AVAN-YAZI
100
AcDbText
 10
360.165
 20
189.0542
 30
0.0
 40
1.769
  1
1,60
  7
AVAN-KALIN
 41
1.3331
 11
360.165
 21
189.0542
 31
0.0
100
AcDbText
  0
TEXT
  5
21D
330
17
100
AcDbEntity
  8
AVAN-YAZI
100
AcDbText
 10
385.8467
 20
184.708
 30
0.0
 40
1.42
  1
Tablo-3
  7
AVAN
 41
1.1311
 11
385.8467
 21
184.708
 31
0.0
100
AcDbText
  0
TEXT
  5
21E
330
17
100
AcDbEntity
  8
AVAN-YAZI
100
AcDbText
 10
235.8467
 20
184.6516
 30
0.0
 40
1.687
  1
H
  7
AVAN
 41
1.2786
 11
235.8467
 21
184.6516
 31
0.0
100
AcDbText
  0
TEXT
  5
21F
330
17
100
AcDbEntity
  8
AVAN-YAZI
100
AcDbText
 10
248.8467
 20
184.6516
 30
0.0
 40
1.687
  1
Ortalama en yüksek dönüş katı
  7
AVAN
 41
1.0606
 11
248.8467
 21
184.6516
 31
0.0
100
AcDbText
  0
TEXT
  5
220
330
17
100
AcDbEntity
  8
AVAN-YAZI
100
AcDbText
 10
332.8467
 20
184.6516
 30
0.0
 40
1.687
  1
=
  7
AVAN
 41
1.7614
 11
332.8467
 21
184.6516
 31
0.0
100
AcDbText
  0
TEXT
  5
221
330
17
100
AcDbEntity
  8
AVAN-YAZI
100
AcDbText
 10
367.8467
 20
184.6516
 30
0.0
 40
1.687
  1
—
  7
AVAN
 41
1.2277
 11
367.8467
 21
184.6516
 31
0.0
100
AcDbText
  0
TEXT
  5
222
330
17
100
AcDbEntity
  8
AVAN-YAZI
100
AcDbText
 10
355.0986
 20
184.5387
 30
0.0
 40
1.769
  1
10,4250
  7
AVAN-KALIN
 41
1.2851
 11
355.0986
 21
184.5387
 31
0.0
100
AcDbText
  0
TEXT
  5
223
330
17
100
AcDbEntity
  8
AVAN-YAZI
100
AcDbText
 10
235.8467
 20
179.2752
 30
0.0
 40
1.728
  1
tv = h / V
  7
AVAN-KALIN
 41
1.2819
 11
235.8467
 21
179.2752
 31
0.0
100
AcDbText
  0
TEXT
  5
224
330
17
100
AcDbEntity
  8
AVAN-YAZI
100
AcDbText
 10
385.8467
 20
175.2818
 30
0.0
 40
1.42
  1
h/V
  7
AVAN
 41
1.1947
 11
385.8467
 21
175.2818
 31
0.0
100
AcDbText
  0
TEXT
  5
225
330
17
100
AcDbEntity
  8
AVAN-YAZI
100
AcDbText
 10
248.8467
 20
175.2677
 30
0.0
 40
1.687
  1
= 3,00 / 1,60
  7
AVAN
 41
1.1848
 11
248.8467
 21
175.2677
 31
0.0
100
AcDbText
  0
TEXT
  5
226
330
17
100
AcDbEntity
  8
AVAN-YAZI
100
AcDbText
 10
367.8467
 20
175.2253
 30
0.0
 40
1.687
  1
s
  7
AVAN
 41
1.2793
 11
367.8467
 21
175.2253
 31
0.0
100
AcDbText
  0
TEXT
  5
227
330
17
100
AcDbEntity
  8
AVAN-YAZI
100
AcDbText
 10
360.165
 20
175.1125
 30
0.0
 40
1.769
  1
1,88
  7
AVAN-KALIN
 41
1.3331
 11
360.165
 21
175.1125
 31
0.0
100
AcDbText
  0
TEXT
  5
228
330
17
100
AcDbEntity
  8
AVAN-YAZI
100
AcDbText
 10
385.8467
 20
170.2018
 30
0.0
 40
1.42
  1
Tablo-5
  7
AVAN
 41
1.1311
 11
385.8467
 21
170.2018
 31
0.0
100
AcDbText
  0
TEXT
  5
229
330
17
100
AcDbEntity
  8
AVAN-YAZI
100
AcDbText
 10
235.8467
 20
170.1453
 30
0.0
 40
1.687
  1
S
  7
AVAN
 41
1.1684
 11
235.8467
 21
170.1453
 31
0.0
100
AcDbText
  0
TEXT
  5
22A
330
17
100
AcDbEntity
  8
AVAN-YAZI
100
AcDbText
 10
248.8467
 20
170.1453
 30
0.0
 40
1.687
  1
Ortalama durak adedi
  7
AVAN
 41
1.127
 11
248.8467
 21
170.1453
 31
0.0
100
AcDbText
  0
TEXT
  5
22B
330
17
100
AcDbEntity
  8
AVAN-YAZI
100
AcDbText
 10
332.8467
 20
170.1453
 30
0.0
 40
1.687
  1
=
  7
AVAN
 41
1.7614
 11
332.8467
 21
170.1453
 31
0.0
100
AcDbText
  0
TEXT
  5
22C
330
17
100
AcDbEntity
  8
AVAN-YAZI
100
AcDbText
 10
367.8467
 20
170.1453
 30
0.0
 40
1.687
  1
—
  7
AVAN
 41
1.2277
 11
367.8467
 21
170.1453
 31
0.0
100
AcDbText
  0
TEXT
  5
22D
330
17
100
AcDbEntity
  8
AVAN-YAZI
100
AcDbText
 10
356.7874
 20
170.0325
 30
0.0
 40
1.769
  1
6,7590
  7
AVAN-KALIN
 41
1.2953
 11
356.7874
 21
170.0325
 31
0.0
100
AcDbText
  0
TEXT
  5
22E
330
17
100
AcDbEntity
  8
AVAN-YAZI
100
AcDbText
 10
235.8467
 20
164.769
 30
0.0
 40
1.728
  1
ts = ta + tk + tg − tv
  7
AVAN-KALIN
 41
1.3051
 11
235.8467
 21
164.769
 31
0.0
100
AcDbText
  0
TEXT
  5
22F
330
17
100
AcDbEntity
  8
AVAN-YAZI
100
AcDbText
 10
385.8467
 20
160.7756
 30
0.0
 40
1.42
  1
MMO/697
  7
AVAN
 41
1.1002
 11
385.8467
 21
160.7756
 31
0.0
100
AcDbText
  0
TEXT
  5
230
330
17
100
AcDbEntity
  8
AVAN-YAZI
100
AcDbText
 10
248.8467
 20
160.7615
 30
0.0
 40
1.687
  1
= 2,50 + 3,80 + 6,00 − 1,88
  7
AVAN
 41
1.1953
 11
248.8467
 21
160.7615
 31
0.0
100
AcDbText
  0
TEXT
  5
231
330
17
100
AcDbEntity
  8
AVAN-YAZI
100
AcDbText
 10
367.8467
 20
160.7191
 30
0.0
 40
1.687
  1
s
  7
AVAN
 41
1.2793
 11
367.8467
 21
160.7191
 31
0.0
100
AcDbText
  0
TEXT
  5
232
330
17
100
AcDbEntity
  8
AVAN-YAZI
100
AcDbText
 10
358.4762
 20
160.6062
 30
0.0
 40
1.769
  1
10,43
  7
AVAN-KALIN
 41
1.31
 11
358.4762
 21
160.6062
 31
0.0
100
AcDbText
  0
TEXT
  5
233
330
17
100
AcDbEntity
  8
AVAN-YAZI
100
AcDbText
 10
385.8467
 20
155.6956
 30
0.0
 40
1.42
  1
Tablo-7
  7
AVAN
 41
1.1311
 11
385.8467
 21
155.6956
 31
0.0
100
AcDbText
  0
TEXT
  5
234
330
17
100
AcDbEntity
  8
AVAN-YAZI
100
AcDbText
 10
235.8467
 20
155.6391
 30
0.0
 40
1.687
  1
P
  7
AVAN
 41
1.11
 11
235.8467
 21
155.6391
 31
0.0
100
AcDbText
  0
TEXT
  5
235
330
17
100
AcDbEntity
  8
AVAN-YAZI
100
AcDbText
 10
248.8467
 20
155.6391
 30
0.0
 40
1.687
  1
Kabin kişi adedi
  7
AVAN
 41
1.0751
 11
248.8467
 21
155.6391
 31
0.0
100
AcDbText
  0
TEXT
  5
236
330
17
100
AcDbEntity
  8
AVAN-YAZI
100
AcDbText
 10
332.8467
 20
155.6391
 30
0.0
 40
1.687
  1
=
  7
AVAN
 41
1.7614
 11
332.8467
 21
155.6391
 31
0.0
100
AcDbText
  0
TEXT
  5
237
330
17
100
AcDbEntity
  8
AVAN-YAZI
100
AcDbText
 10
367.8467
 20
155.6391
 30
0.0
 40
1.687
  1
kişi
  7
AVAN
 41
0.9938
 11
367.8467
 21
155.6391
 31
0.0
100
AcDbText
  0
TEXT
  5
238
330
17
100
AcDbEntity
  8
AVAN-YAZI
100
AcDbText
 10
362.7758
 20
155.5262
 30
0.0
 40
1.769
  1
10
  7
AVAN-KALIN
 41
1.3828
 11
362.7758
 21
155.5262
 31
0.0
100
AcDbText
  0
TEXT
  5
239
330
17
100
AcDbEntity
  8
AVAN-YAZI
100
AcDbText
 10
385.8467
 20
151.18
 30
0.0
 40
1.42
  1
MMO/697
  7
AVAN
 41
1.1002
 11
385.8467
 21
151.18
 31
0.0
100
AcDbText
  0
TEXT
  5
23A
330
17
100
AcDbEntity
  8
AVAN-YAZI
100
AcDbText
 10
235.8467
 20
151.1236
 30
0.0
 40
1.687
  1
p
  7
AVAN
 41
1.4016
 11
235.8467
 21
151.1236
 31
0.0
100
AcDbText
  0
TEXT
  5
23B
330
17
100
AcDbEntity
  8
AVAN-YAZI
100
AcDbText
 10
248.8467
 20
151.1236
 30
0.0
 40
1.687
  1
İndirgenmiş kişi sayısı p = 0,8·P
  7
AVAN
 41
0.9841
 11
248.8467
 21
151.1236
 31
0.0
100
AcDbText
  0
TEXT
  5
23C
330
17
100
AcDbEntity
  8
AVAN-YAZI
100
AcDbText
 10
332.8467
 20
151.1236
 30
0.0
 40
1.687
  1
=
  7
AVAN
 41
1.7614
 11
332.8467
 21
151.1236
 31
0.0
100
AcDbText
  0
TEXT
  5
23D
330
17
100
AcDbEntity
  8
AVAN-YAZI
100
AcDbText
 10
367.8467
 20
151.1236
 30
0.0
 40
1.687
  1
kişi
  7
AVAN
 41
0.9938
 11
367.8467
 21
151.1236
 31
0.0
100
AcDbText
  0
TEXT
  5
23E
330
17
100
AcDbEntity
  8
AVAN-YAZI
100
AcDbText
 10
364.4645
 20
151.0107
 30
0.0
 40
1.769
  1
8
  7
AVAN-KALIN
 41
1.5364
 11
364.4645
 21
151.0107
 31
0.0
100
AcDbText
  0
TEXT
  5
23F
330
17
100
AcDbEntity
  8
AVAN-YAZI
100
AcDbText
 10
385.8467
 20
146.6645
 30
0.0
 40
1.42
  1
ISO 8100-32:2020, Tablo 6
  7
AVAN
 41
1.1066
 11
385.8467
 21
146.6645
 31
0.0
100
AcDbText
  0
TEXT
  5
240
330
17
100
AcDbEntity
  8
AVAN-YAZI
100
AcDbText
 10
235.8467
 20
146.608
 30
0.0
 40
1.687
  1
tp
  7
AVAN
 41
1.3962
 11
235.8467
 21
146.608
 31
0.0
100
AcDbText
  0
TEXT
  5
241
330
17
100
AcDbEntity
  8
AVAN-YAZI
100
AcDbText
 10
248.8467
 20
146.608
 30
0.0
 40
1.687
  1
Kişi transfer zamanı
  7
AVAN
 41
1.0276
 11
248.8467
 21
146.608
 31
0.0
100
AcDbText
  0
TEXT
  5
242
330
17
100
AcDbEntity
  8
AVAN-YAZI
100
AcDbText
 10
332.8467
 20
146.608
 30
0.0
 40
1.687
  1
=
  7
AVAN
 41
1.7614
 11
332.8467
 21
146.608
 31
0.0
100
AcDbText
  0
TEXT
  5
243
330
17
100
AcDbEntity
  8
AVAN-YAZI
100
AcDbText
 10
367.8467
 20
146.608
 30
0.0
 40
1.687
  1
s
  7
AVAN
 41
1.2793
 11
367.8467
 21
146.608
 31
0.0
100
AcDbText
  0
TEXT
  5
244
330
17
100
AcDbEntity
  8
AVAN-YAZI
100
AcDbText
 10
360.165
 20
146.4951
 30
0.0
 40
1.769
  1
1,10
  7
AVAN-KALIN
 41
1.3331
 11
360.165
 21
146.4951
 31
0.0
100
AcDbText
  0
TEXT
  5
245
330
17
100
AcDbEntity
  8
AVAN-YAZI
100
AcDbText
 10
385.8467
 20
142.1489
 30
0.0
 40
1.42
  1
Tablo-4
  7
AVAN
 41
1.1311
 11
385.8467
 21
142.1489
 31
0.0
100
AcDbText
  0
TEXT
  5
246
330
17
100
AcDbEntity
  8
AVAN-YAZI
100
AcDbText
 10
235.8467
 20
142.0925
 30
0.0
 40
1.687
  1
ta
  7
AVAN
 41
1.3638
 11
235.8467
 21
142.0925
 31
0.0
100
AcDbText
  0
TEXT
  5
247
330
17
100
AcDbEntity
  8
AVAN-YAZI
100
AcDbText
 10
248.8467
 20
142.0925
 30
0.0
 40
1.687
  1
Kapı açılma zamanı
  7
AVAN
 41
0.9384
 11
248.8467
 21
142.0925
 31
0.0
100
AcDbText
  0
TEXT
  5
248
330
17
100
AcDbEntity
  8
AVAN-YAZI
100
AcDbText
 10
332.8467
 20
142.0925
 30
0.0
 40
1.687
  1
=
  7
AVAN
 41
1.7614
 11
332.8467
 21
142.0925
 31
0.0
100
AcDbText
  0
TEXT
  5
249
330
17
100
AcDbEntity
  8
AVAN-YAZI
100
AcDbText
 10
367.8467
 20
142.0925
 30
0.0
 40
1.687
  1
s
  7
AVAN
 41
1.2793
 11
367.8467
 21
142.0925
 31
0.0
100
AcDbText
  0
TEXT
  5
24A
330
17
100
AcDbEntity
  8
AVAN-YAZI
100
AcDbText
 10
360.165
 20
141.9796
 30
0.0
 40
1.769
  1
2,50
  7
AVAN-KALIN
 41
1.3331
 11
360.165
 21
141.9796
 31
0.0
100
AcDbText
  0
TEXT
  5
24B
330
17
100
AcDbEntity
  8
AVAN-YAZI
100
AcDbText
 10
385.8467
 20
137.6333
 30
0.0
 40
1.42
  1
Tablo-4
  7
AVAN
 41
1.1311
 11
385.8467
 21
137.6333
 31
0.0
100
AcDbText
  0
TEXT
  5
24C
330
17
100
AcDbEntity
  8
AVAN-YAZI
100
AcDbText
 10
235.8467
 20
137.5769
 30
0.0
 40
1.687
  1
tk
  7
AVAN
 41
1.4088
 11
235.8467
 21
137.5769
 31
0.0
100
AcDbText
  0
TEXT
  5
24D
330
17
100
AcDbEntity
  8
AVAN-YAZI
100
AcDbText
 10
248.8467
 20
137.5769
 30
0.0
 40
1.687
  1
Kapı kapanma zamanı
  7
AVAN
 41
1.0011
 11
248.8467
 21
137.5769
 31
0.0
100
AcDbText
  0
TEXT
  5
24E
330
17
100
AcDbEntity
  8
AVAN-YAZI
100
AcDbText
 10
332.8467
 20
137.5769
 30
0.0
 40
1.687
  1
=
  7
AVAN
 41
1.7614
 11
332.8467
 21
137.5769
 31
0.0
100
AcDbText
  0
TEXT
  5
24F
330
17
100
AcDbEntity
  8
AVAN-YAZI
100
AcDbText
 10
367.8467
 20
137.5769
 30
0.0
 40
1.687
  1
s
  7
AVAN
 41
1.2793
 11
367.8467
 21
137.5769
 31
0.0
100
AcDbText
  0
TEXT
  5
250
330
17
100
AcDbEntity
  8
AVAN-YAZI
100
AcDbText
 10
360.165
 20
137.464
 30
0.0
 40
1.769
  1
3,80
  7
AVAN-KALIN
 41
1.3331
 11
360.165
 21
137.464
 31
0.0
100
AcDbText
  0
TEXT
  5
251
330
17
100
AcDbEntity
  8
AVAN-YAZI
100
AcDbText
 10
385.8467
 20
133.1178
 30
0.0
 40
1.42
  1
Tablo-6
  7
AVAN
 41
1.1311
 11
385.8467
 21
133.1178
 31
0.0
100
AcDbText
  0
TEXT
  5
252
330
17
100
AcDbEntity
  8
AVAN-YAZI
100
AcDbText
 10
235.8467
 20
133.0613
 30
0.0
 40
1.687
  1
tg
  7
AVAN
 41
1.3962
 11
235.8467
 21
133.0613
 31
0.0
100
AcDbText
  0
TEXT
  5
253
330
17
100
AcDbEntity
  8
AVAN-YAZI
100
AcDbText
 10
248.8467
 20
133.0613
 30
0.0
 40
1.687
  1
Tek katı geçme zamanı
  7
AVAN
 41
1.013
 11
248.8467
 21
133.0613
 31
0.0
100
AcDbText
  0
TEXT
  5
254
330
17
100
AcDbEntity
  8
AVAN-YAZI
100
AcDbText
 10
332.8467
 20
133.0613
 30
0.0
 40
1.687
  1
=
  7
AVAN
 41
1.7614
 11
332.8467
 21
133.0613
 31
0.0
100
AcDbText
  0
TEXT
  5
255
330
17
100
AcDbEntity
  8
AVAN-YAZI
100
AcDbText
 10
367.8467
 20
133.0613
 30
0.0
 40
1.687
  1
s
  7
AVAN
 41
1.2793
 11
367.8467
 21
133.0613
 31
0.0
100
AcDbText
  0
TEXT
  5
256
330
17
100
AcDbEntity
  8
AVAN-YAZI
100
AcDbText
 10
364.4645
 20
132.9485
 30
0.0
 40
1.769
  1
6
  7
AVAN-KALIN
 41
1.5364
 11
364.4645
 21
132.9485
 31
0.0
100
AcDbText
  0
TEXT
  5
257
330
17
100
AcDbEntity
  8
AVAN-YAZI
100
AcDbText
 10
236.6933
 20
128.5453
 30
0.0
 40
1.481
  1
▪ Tablo-2 minimumu uygulandı: 1,60 m/s.
  7
AVAN
 41
1.0867
 11
236.6933
 21
128.5453
 31
0.0
100
AcDbText
  0
TEXT
  5
258
330
17
100
AcDbEntity
  8
AVAN-YAZI
100
AcDbText
 10
395.7316
 20
121.7661
 30
0.0
 40
1.522
  1
MMO/697 s.11-12
  7
AVAN
 41
1.1021
 11
395.7316
 21
121.7661
 31
0.0
100
AcDbText
  0
TEXT
  5
259
330
17
100
AcDbEntity
  8
AVAN-YAZI
100
AcDbText
 10
235.8467
 20
121.6673
 30
0.0
 40
1.955
  1
ASANSÖRÜN BİR SEFERİ İÇİN GEREKLİ SEYİR ZAMANI (TR)
  7
AVAN-KALIN
 41
1.0029
 11
235.8467
 21
121.6673
 31
0.0
100
AcDbText
  0
TEXT
  5
25A
330
17
100
AcDbEntity
  8
AVAN-YAZI
100
AcDbText
 10
235.8467
 20
115.9805
 30
0.0
 40
1.728
  1
TR = 2·H·tv + ( S + 1 )·ts + 2·p·tp
  7
AVAN-KALIN
 41
1.2552
 11
235.8467
 21
115.9805
 31
0.0
100
AcDbText
  0
TEXT
  5
25B
330
17
100
AcDbEntity
  8
AVAN-YAZI
100
AcDbText
 10
385.8467
 20
111.9871
 30
0.0
 40
1.42
  1
MMO/697 s.11
  7
AVAN
 41
1.1003
 11
385.8467
 21
111.9871
 31
0.0
100
AcDbText
  0
TEXT
  5
25C
330
17
100
AcDbEntity
  8
AVAN-YAZI
100
AcDbText
 10
248.8467
 20
111.973
 30
0.0
 40
1.687
  1
= 2·10,42·1,88 + ( 6,76+1 )·10,43 + 2·8,0·1,1
  7
AVAN
 41
1.1664
 11
248.8467
 21
111.973
 31
0.0
100
AcDbText
  0
TEXT
  5
25D
330
17
100
AcDbEntity
  8
AVAN-YAZI
100
AcDbText
 10
367.8467
 20
111.9307
 30
0.0
 40
1.687
  1
s
  7
AVAN
 41
1.2793
 11
367.8467
 21
111.9307
 31
0.0
100
AcDbText
  0
TEXT
  5
25E
330
17
100
AcDbEntity
  8
AVAN-YAZI
100
AcDbText
 10
356.7874
 20
111.8178
 30
0.0
 40
1.769
  1
137,58
  7
AVAN-KALIN
 41
1.2953
 11
356.7874
 21
111.8178
 31
0.0
100
AcDbText
  0
TEXT
  5
25F
330
17
100
AcDbEntity
  8
AVAN-YAZI
100
AcDbText
 10
399.1427
 20
103.7403
 30
0.0
 40
1.522
  1
MMO/697 s.12
  7
AVAN
 41
1.1003
 11
399.1427
 21
103.7403
 31
0.0
100
AcDbText
  0
TEXT
  5
260
330
17
100
AcDbEntity
  8
AVAN-YAZI
100
AcDbText
 10
235.8467
 20
103.6416
 30
0.0
 40
1.955
  1
GEREKLİ ASANSÖR SAYISININ HESABI
  7
AVAN-KALIN
 41
1.0656
 11
235.8467
 21
103.6416
 31
0.0
100
AcDbText
  0
TEXT
  5
261
330
17
100
AcDbEntity
  8
AVAN-YAZI
100
AcDbText
 10
235.8467
 20
97.9548
 30
0.0
 40
1.728
  1
R = 5 · 60 · p / TR
  7
AVAN-KALIN
 41
1.2272
 11
235.8467
 21
97.9548
 31
0.0
100
AcDbText
  0
TEXT
  5
262
330
17
100
AcDbEntity
  8
AVAN-YAZI
100
AcDbText
 10
385.8467
 20
93.9613
 30
0.0
 40
1.42
  1
MMO/697
  7
AVAN
 41
1.1002
 11
385.8467
 21
93.9613
 31
0.0
100
AcDbText
  0
TEXT
  5
263
330
17
100
AcDbEntity
  8
AVAN-YAZI
100
AcDbText
 10
248.8467
 20
93.9472
 30
0.0
 40
1.687
  1
= 5·60·8,0 / 137,58
  7
AVAN
 41
1.1645
 11
248.8467
 21
93.9472
 31
0.0
100
AcDbText
  0
TEXT
  5
264
330
17
100
AcDbEntity
  8
AVAN-YAZI
100
AcDbText
 10
367.8467
 20
93.9049
 30
0.0
 40
1.687
  1
kişi / 5 dk
  7
AVAN
 41
1.0957
 11
367.8467
 21
93.9049
 31
0.0
100
AcDbText
  0
TEXT
  5
265
330
17
100
AcDbEntity
  8
AVAN-YAZI
100
AcDbText
 10
360.165
 20
93.792
 30
0.0
 40
1.769
  1
17,4
  7
AVAN-KALIN
 41
1.3331
 11
360.165
 21
93.792
 31
0.0
100
AcDbText
  0
TEXT
  5
266
330
17
100
AcDbEntity
  8
AVAN-YAZI
100
AcDbText
 10
385.8467
 20
88.8813
 30
0.0
 40
1.42
  1
Tablo-9
  7
AVAN
 41
1.1311
 11
385.8467
 21
88.8813
 31
0.0
100
AcDbText
  0
TEXT
  5
267
330
17
100
AcDbEntity
  8
AVAN-YAZI
100
AcDbText
 10
235.8467
 20
88.8249
 30
0.0
 40
1.687
  1
k
  7
AVAN
 41
1.4219
 11
235.8467
 21
88.8249
 31
0.0
100
AcDbText
  0
TEXT
  5
268
330
17
100
AcDbEntity
  8
AVAN-YAZI
100
AcDbText
 10
248.8467
 20
88.8249
 30
0.0
 40
1.687
  1
Taşınacak insan yüzdesi
  7
AVAN
 41
1.0243
 11
248.8467
 21
88.8249
 31
0.0
100
AcDbText
  0
TEXT
  5
269
330
17
100
AcDbEntity
  8
AVAN-YAZI
100
AcDbText
 10
332.8467
 20
88.8249
 30
0.0
 40
1.687
  1
=
  7
AVAN
 41
1.7614
 11
332.8467
 21
88.8249
 31
0.0
100
AcDbText
  0
TEXT
  5
26A
330
17
100
AcDbEntity
  8
AVAN-YAZI
100
AcDbText
 10
367.8467
 20
88.8249
 30
0.0
 40
1.687
  1
—
  7
AVAN
 41
1.2277
 11
367.8467
 21
88.8249
 31
0.0
100
AcDbText
  0
TEXT
  5
26B
330
17
100
AcDbEntity
  8
AVAN-YAZI
100
AcDbText
 10
356.7874
 20
88.712
 30
0.0
 40
1.769
  1
0,1000
  7
AVAN-KALIN
 41
1.2953
 11
356.7874
 21
88.712
 31
0.0
100
AcDbText
  0
TEXT
  5
26C
330
17
100
AcDbEntity
  8
AVAN-YAZI
100
AcDbText
 10
385.8467
 20
84.3658
 30
0.0
 40
1.42
  1
MAX[taşıma; bekleme]
  7
AVAN
 41
1.0425
 11
385.8467
 21
84.3658
 31
0.0
100
AcDbText
  0
TEXT
  5
26D
330
17
100
AcDbEntity
  8
AVAN-YAZI
100
AcDbText
 10
235.8467
 20
84.3093
 30
0.0
 40
1.687
  1
n
  7
AVAN
 41
1.3995
 11
235.8467
 21
84.3093
 31
0.0
100
AcDbText
  0
TEXT
  5
26E
330
17
100
AcDbEntity
  8
AVAN-YAZI
100
AcDbText
 10
248.8467
 20
84.3093
 30
0.0
 40
1.687
  1
Uygulanan asansör adedi
  7
AVAN
 41
1.106
 11
248.8467
 21
84.3093
 31
0.0
100
AcDbText
  0
TEXT
  5
26F
330
17
100
AcDbEntity
  8
AVAN-YAZI
100
AcDbText
 10
332.8467
 20
84.3093
 30
0.0
 40
1.687
  1
=
  7
AVAN
 41
1.7614
 11
332.8467
 21
84.3093
 31
0.0
100
AcDbText
  0
TEXT
  5
270
330
17
100
AcDbEntity
  8
AVAN-YAZI
100
AcDbText
 10
367.8467
 20
84.3093
 30
0.0
 40
1.687
  1
adet
  7
AVAN
 41
1.1875
 11
367.8467
 21
84.3093
 31
0.0
100
AcDbText
  0
TEXT
  5
271
330
17
100
AcDbEntity
  8
AVAN-YAZI
100
AcDbText
 10
364.4645
 20
84.1965
 30
0.0
 40
1.769
  1
2
  7
AVAN-KALIN
 41
1.5364
 11
364.4645
 21
84.1965
 31
0.0
100
AcDbText
  0
TEXT
  5
272
330
17
100
AcDbEntity
  8
AVAN-YAZI
100
AcDbText
 10
236.6933
 20
79.7933
 30
0.0
 40
1.481
  1
▪ Taşıma adedi = 2; Bekleme adedi = 2 (uygulanan sınır Izul = 80 sn — Tablo-10 Yükseltilmiş) → Nihai gerekli sayı = 2 adet | Şartlı Kabul sınırı (120 sn) için 2 adet yeterli
  7
AVAN
 41
1.0503
 11
236.6933
 21
79.7933
 31
0.0
100
AcDbText
  0
TEXT
  5
273
330
17
100
AcDbEntity
  8
AVAN-YAZI
100
AcDbText
 10
236.6933
 20
77.084
 30
0.0
 40
1.481
  1
olurdu (taahhütname gerekir)
  7
AVAN
 41
1.1432
 11
236.6933
 21
77.084
 31
0.0
100
AcDbText
  0
TEXT
  5
274
330
17
100
AcDbEntity
  8
AVAN-YAZI
100
AcDbText
 10
394.4019
 20
70.3048
 30
0.0
 40
1.522
  1
MMO/697 Tablo-10
  7
AVAN
 41
1.0965
 11
394.4019
 21
70.3048
 31
0.0
100
AcDbText
  0
TEXT
  5
275
330
17
100
AcDbEntity
  8
AVAN-YAZI
100
AcDbText
 10
235.8467
 20
70.206
 30
0.0
 40
1.955
  1
BEKLEME ZAMANI (Izul) KONTROLÜ
  7
AVAN-KALIN
 41
1.1199
 11
235.8467
 21
70.206
 31
0.0
100
AcDbText
  0
TEXT
  5
276
330
17
100
AcDbEntity
  8
AVAN-YAZI
100
AcDbText
 10
235.8467
 20
64.5192
 30
0.0
 40
1.728
  1
Ieer = TR / n
  7
AVAN-KALIN
 41
1.2343
 11
235.8467
 21
64.5192
 31
0.0
100
AcDbText
  0
TEXT
  5
277
330
17
100
AcDbEntity
  8
AVAN-YAZI
100
AcDbText
 10
385.8467
 20
60.5258
 30
0.0
 40
1.42
  1
MMO/697
  7
AVAN
 41
1.1002
 11
385.8467
 21
60.5258
 31
0.0
100
AcDbText
  0
TEXT
  5
278
330
17
100
AcDbEntity
  8
AVAN-YAZI
100
AcDbText
 10
248.8467
 20
60.5117
 30
0.0
 40
1.687
  1
= 137,58 / 2
  7
AVAN
 41
1.188
 11
248.8467
 21
60.5117
 31
0.0
100
AcDbText
  0
TEXT
  5
279
330
17
100
AcDbEntity
  8
AVAN-YAZI
100
AcDbText
 10
367.8467
 20
60.4693
 30
0.0
 40
1.687
  1
s
  7
AVAN
 41
1.2793
 11
367.8467
 21
60.4693
 31
0.0
100
AcDbText
  0
TEXT
  5
27A
330
17
100
AcDbEntity
  8
AVAN-YAZI
100
AcDbText
 10
360.165
 20
60.3564
 30
0.0
 40
1.769
  1
68,8
  7
AVAN-KALIN
 41
1.3331
 11
360.165
 21
60.3564
 31
0.0
100
AcDbText
  0
TEXT
  5
27B
330
17
100
AcDbEntity
  8
AVAN-YAZI
100
AcDbText
 10
385.8467
 20
55.4458
 30
0.0
 40
1.42
  1
Tablo-10
  7
AVAN
 41
1.1301
 11
385.8467
 21
55.4458
 31
0.0
100
AcDbText
  0
TEXT
  5
27C
330
17
100
AcDbEntity
  8
AVAN-YAZI
100
AcDbText
 10
235.8467
 20
55.3893
 30
0.0
 40
1.687
  1
Izul
  7
AVAN
 41
1.1368
 11
235.8467
 21
55.3893
 31
0.0
100
AcDbText
  0
TEXT
  5
27D
330
17
100
AcDbEntity
  8
AVAN-YAZI
100
AcDbText
 10
248.8467
 20
55.3893
 30
0.0
 40
1.687
  1
İzin verilen bekleme süresi (Yükseltilmiş)
  7
AVAN
 41
1.0768
 11
248.8467
 21
55.3893
 31
0.0
100
AcDbText
  0
TEXT
  5
27E
330
17
100
AcDbEntity
  8
AVAN-YAZI
100
AcDbText
 10
332.8467
 20
55.3893
 30
0.0
 40
1.687
  1
=
  7
AVAN
 41
1.7614
 11
332.8467
 21
55.3893
 31
0.0
100
AcDbText
  0
TEXT
  5
27F
330
17
100
AcDbEntity
  8
AVAN-YAZI
100
AcDbText
 10
367.8467
 20
55.3893
 30
0.0
 40
1.687
  1
s
  7
AVAN
 41
1.2793
 11
367.8467
 21
55.3893
 31
0.0
100
AcDbText
  0
TEXT
  5
280
330
17
100
AcDbEntity
  8
AVAN-YAZI
100
AcDbText
 10
362.7758
 20
55.2764
 30
0.0
 40
1.769
  1
80
  7
AVAN-KALIN
 41
1.3828
 11
362.7758
 21
55.2764
 31
0.0
100
AcDbText
  0
TEXT
  5
281
330
17
100
AcDbEntity
  8
AVAN-YAZI
100
AcDbText
 10
237.2578
 20
46.9964
 30
0.0
 40
1.852
  1
SONUÇ
  7
AVAN-KALIN
 41
1.1251
 11
237.2578
 21
46.9964
 31
0.0
100
AcDbText
  0
TEXT
  5
282
330
17
100
AcDbEntity
  8
AVAN-YAZI
100
AcDbText
 10
267.2578
 20
46.9964
 30
0.0
 40
1.852
  1
Yükseltilmiş kriteri karşılanıyor
  7
AVAN-KALIN
 41
1.0847
 11
267.2578
 21
46.9964
 31
0.0
100
AcDbText
  0
TEXT
  5
283
330
17
100
AcDbEntity
  8
AVAN-YAZI
100
AcDbText
 10
239.5577
 20
39.2353
 30
0.0
 40
2.675
  1
Toplamda 2 adet 10 kişilik (800 kg), 1,60 m/s hızında asansör yapılması uygundur.
  7
AVAN-KALIN
 41
1.1215
 11
239.5577
 21
39.2353
 31
0.0
100
AcDbText
  0
TEXT
  5
284
330
17
100
AcDbEntity
  8
AVAN-YAZI
100
AcDbText
 10
237.2578
 20
34.2682
 30
0.0
 40
1.564
  1
√ Taşıma
  7
AVAN-KALIN
 41
1.0624
 11
237.2578
 21
34.2682
 31
0.0
100
AcDbText
  0
TEXT
  5
285
330
17
100
AcDbEntity
  8
AVAN-YAZI
100
AcDbText
 10
259.2578
 20
34.2682
 30
0.0
 40
1.564
  1
2 × R = 34,9 ≥ B·k = 27,5 kişi/5dk
  7
AVAN
 41
1.1493
 11
259.2578
 21
34.2682
 31
0.0
100
AcDbText
  0
TEXT
  5
286
330
17
100
AcDbEntity
  8
AVAN-YAZI
100
AcDbText
 10
237.2578
 20
31.3049
 30
0.0
 40
1.564
  1
√ Bekleme
  7
AVAN-KALIN
 41
1.2331
 11
237.2578
 21
31.3049
 31
0.0
100
AcDbText
  0
TEXT
  5
287
330
17
100
AcDbEntity
  8
AVAN-YAZI
100
AcDbText
 10
259.2578
 20
31.3049
 30
0.0
 40
1.564
  1
Ieer = 68,8 s ≤ Izul = 80 s ( Yükseltilmiş ) · Şartlı Kabul 120 sn: sağlanıyor
  7
AVAN
 41
1.0762
 11
259.2578
 21
31.3049
 31
0.0
100
AcDbText
  0
TEXT
  5
288
330
17
100
AcDbEntity
  8
AVAN-YAZI
100
AcDbText
 10
406.5146
 20
14.4
 30
0.0
 40
1.646
  1
Sayfa 1
  7
AVAN
 41
1.0886
 11
406.5146
 21
14.4
 31
0.0
100
AcDbText
  0
LWPOLYLINE
  5
289
330
17
100
AcDbEntity
  8
AVAN-A4
100
AcDbPolyline
 90
4
 70
1
 10
440.00000666666665
 20
0.0
 10
650.00001
 20
0.0
 10
650.00001
 20
297.0000127777778
 10
440.00000666666665
 20
297.0000127777778
  0
LINE
  5
28A
330
17
100
AcDbEntity
  8
AVAN-CIZGI
100
AcDbLine
 10
452.0
 20
12.0
 30
0.0
 11
638.0
 21
12.0
 31
0.0
  0
LINE
  5
28B
330
17
100
AcDbEntity
  8
AVAN-CIZGI
100
AcDbLine
 10
638.0
 20
12.0
 30
0.0
 11
638.0
 21
285.0
 31
0.0
  0
LINE
  5
28C
330
17
100
AcDbEntity
  8
AVAN-CIZGI
100
AcDbLine
 10
638.0
 20
285.0
 30
0.0
 11
452.0
 21
285.0
 31
0.0
  0
LINE
  5
28D
330
17
100
AcDbEntity
  8
AVAN-CIZGI
100
AcDbLine
 10
452.0
 20
285.0
 30
0.0
 11
452.0
 21
12.0
 31
0.0
  0
LINE
  5
28E
330
17
100
AcDbEntity
  8
AVAN-CIZGI
100
AcDbLine
 10
452.0
 20
273.6
 30
0.0
 11
638.0
 21
273.6
 31
0.0
  0
LINE
  5
28F
330
17
100
AcDbEntity
  8
AVAN-CIZGI
100
AcDbLine
 10
452.0
 20
19.0
 30
0.0
 11
638.0
 21
19.0
 31
0.0
  0
LINE
  5
290
330
17
100
AcDbEntity
  8
AVAN-CIZGI
100
AcDbLine
 10
455.0
 20
266.8833
 30
0.0
 11
635.0
 21
266.8833
 31
0.0
  0
LINE
  5
291
330
17
100
AcDbEntity
  8
AVAN-CIZGI
100
AcDbLine
 10
455.0
 20
260.0394
 30
0.0
 11
635.0
 21
260.0394
 31
0.0
  0
LINE
  5
292
330
17
100
AcDbEntity
  8
AVAN-CIZGI
100
AcDbLine
 10
455.0
 20
260.0394
 30
0.0
 11
455.0
 21
266.8833
 31
0.0
  0
LINE
  5
293
330
17
100
AcDbEntity
  8
AVAN-CIZGI
100
AcDbLine
 10
635.0
 20
260.0394
 30
0.0
 11
635.0
 21
266.8833
 31
0.0
  0
LINE
  5
294
330
17
100
AcDbEntity
  8
AVAN-CIZGI
100
AcDbLine
 10
455.0
 20
266.8833
 30
0.0
 11
635.0
 21
266.8833
 31
0.0
  0
LINE
  5
295
330
17
100
AcDbEntity
  8
AVAN-CIZGI
100
AcDbLine
 10
455.0
 20
260.0394
 30
0.0
 11
635.0
 21
260.0394
 31
0.0
  0
LINE
  5
296
330
17
100
AcDbEntity
  8
AVAN-CIZGI
100
AcDbLine
 10
455.0
 20
253.1956
 30
0.0
 11
635.0
 21
253.1956
 31
0.0
  0
LINE
  5
297
330
17
100
AcDbEntity
  8
AVAN-CIZGI
100
AcDbLine
 10
455.0
 20
253.1956
 30
0.0
 11
455.0
 21
260.0394
 31
0.0
  0
LINE
  5
298
330
17
100
AcDbEntity
  8
AVAN-CIZGI
100
AcDbLine
 10
635.0
 20
253.1956
 30
0.0
 11
635.0
 21
260.0394
 31
0.0
  0
LINE
  5
299
330
17
100
AcDbEntity
  8
AVAN-CIZGI
100
AcDbLine
 10
455.0
 20
260.0394
 30
0.0
 11
635.0
 21
260.0394
 31
0.0
  0
LINE
  5
29A
330
17
100
AcDbEntity
  8
AVAN-CIZGI
100
AcDbLine
 10
455.0
 20
253.1956
 30
0.0
 11
635.0
 21
253.1956
 31
0.0
  0
LINE
  5
29B
330
17
100
AcDbEntity
  8
AVAN-CIZGI
100
AcDbLine
 10
455.0
 20
247.5511
 30
0.0
 11
635.0
 21
247.5511
 31
0.0
  0
LINE
  5
29C
330
17
100
AcDbEntity
  8
AVAN-CIZGI
100
AcDbLine
 10
455.0
 20
247.5511
 30
0.0
 11
455.0
 21
253.1956
 31
0.0
  0
LINE
  5
29D
330
17
100
AcDbEntity
  8
AVAN-CIZGI
100
AcDbLine
 10
635.0
 20
247.5511
 30
0.0
 11
635.0
 21
253.1956
 31
0.0
  0
LINE
  5
29E
330
17
100
AcDbEntity
  8
AVAN-CIZGI
100
AcDbLine
 10
557.0
 20
247.5511
 30
0.0
 11
557.0
 21
253.1956
 31
0.0
  0
LINE
  5
29F
330
17
100
AcDbEntity
  8
AVAN-CIZGI
100
AcDbLine
 10
605.0
 20
247.5511
 30
0.0
 11
605.0
 21
253.1956
 31
0.0
  0
LINE
  5
2A0
330
17
100
AcDbEntity
  8
AVAN-CIZGI
100
AcDbLine
 10
455.0
 20
247.5511
 30
0.0
 11
635.0
 21
247.5511
 31
0.0
  0
LINE
  5
2A1
330
17
100
AcDbEntity
  8
AVAN-CIZGI
100
AcDbLine
 10
455.0
 20
247.5511
 30
0.0
 11
635.0
 21
247.5511
 31
0.0
  0
LINE
  5
2A2
330
17
100
AcDbEntity
  8
AVAN-CIZGI
100
AcDbLine
 10
455.0
 20
198.7972
 30
0.0
 11
635.0
 21
198.7972
 31
0.0
  0
LINE
  5
2A3
330
17
100
AcDbEntity
  8
AVAN-CIZGI
100
AcDbLine
 10
455.0
 20
198.7972
 30
0.0
 11
455.0
 21
247.5511
 31
0.0
  0
LINE
  5
2A4
330
17
100
AcDbEntity
  8
AVAN-CIZGI
100
AcDbLine
 10
635.0
 20
198.7972
 30
0.0
 11
635.0
 21
247.5511
 31
0.0
  0
LINE
  5
2A5
330
17
100
AcDbEntity
  8
AVAN-CIZGI
100
AcDbLine
 10
557.0
 20
198.7972
 30
0.0
 11
557.0
 21
247.5511
 31
0.0
  0
LINE
  5
2A6
330
17
100
AcDbEntity
  8
AVAN-CIZGI
100
AcDbLine
 10
605.0
 20
198.7972
 30
0.0
 11
605.0
 21
247.5511
 31
0.0
  0
LINE
  5
2A7
330
17
100
AcDbEntity
  8
AVAN-CIZGI
100
AcDbLine
 10
455.0
 20
241.9067
 30
0.0
 11
635.0
 21
241.9067
 31
0.0
  0
LINE
  5
2A8
330
17
100
AcDbEntity
  8
AVAN-CIZGI
100
AcDbLine
 10
455.0
 20
236.2622
 30
0.0
 11
635.0
 21
236.2622
 31
0.0
  0
LINE
  5
2A9
330
17
100
AcDbEntity
  8
AVAN-CIZGI
100
AcDbLine
 10
455.0
 20
230.6178
 30
0.0
 11
635.0
 21
230.6178
 31
0.0
  0
LINE
  5
2AA
330
17
100
AcDbEntity
  8
AVAN-CIZGI
100
AcDbLine
 10
455.0
 20
224.9733
 30
0.0
 11
635.0
 21
224.9733
 31
0.0
  0
LINE
  5
2AB
330
17
100
AcDbEntity
  8
AVAN-CIZGI
100
AcDbLine
 10
455.0
 20
219.3289
 30
0.0
 11
635.0
 21
219.3289
 31
0.0
  0
LINE
  5
2AC
330
17
100
AcDbEntity
  8
AVAN-CIZGI
100
AcDbLine
 10
455.0
 20
211.2856
 30
0.0
 11
635.0
 21
211.2856
 31
0.0
  0
LINE
  5
2AD
330
17
100
AcDbEntity
  8
AVAN-CIZGI
100
AcDbLine
 10
455.0
 20
198.7972
 30
0.0
 11
635.0
 21
198.7972
 31
0.0
  0
LINE
  5
2AE
330
17
100
AcDbEntity
  8
AVAN-CIZGI
100
AcDbLine
 10
455.0
 20
198.7972
 30
0.0
 11
635.0
 21
198.7972
 31
0.0
  0
LINE
  5
2AF
330
17
100
AcDbEntity
  8
AVAN-CIZGI
100
AcDbLine
 10
455.0
 20
193.1528
 30
0.0
 11
635.0
 21
193.1528
 31
0.0
  0
LINE
  5
2B0
330
17
100
AcDbEntity
  8
AVAN-CIZGI
100
AcDbLine
 10
455.0
 20
193.1528
 30
0.0
 11
455.0
 21
198.7972
 31
0.0
  0
LINE
  5
2B1
330
17
100
AcDbEntity
  8
AVAN-CIZGI
100
AcDbLine
 10
635.0
 20
193.1528
 30
0.0
 11
635.0
 21
198.7972
 31
0.0
  0
LINE
  5
2B2
330
17
100
AcDbEntity
  8
AVAN-CIZGI
100
AcDbLine
 10
557.0
 20
193.1528
 30
0.0
 11
557.0
 21
198.7972
 31
0.0
  0
LINE
  5
2B3
330
17
100
AcDbEntity
  8
AVAN-CIZGI
100
AcDbLine
 10
605.0
 20
193.1528
 30
0.0
 11
605.0
 21
198.7972
 31
0.0
  0
LINE
  5
2B4
330
17
100
AcDbEntity
  8
AVAN-CIZGI
100
AcDbLine
 10
455.0
 20
193.1528
 30
0.0
 11
635.0
 21
193.1528
 31
0.0
  0
LINE
  5
2B5
330
17
100
AcDbEntity
  8
AVAN-CIZGI
100
AcDbLine
 10
455.0
 20
191.6528
 30
0.0
 11
635.0
 21
191.6528
 31
0.0
  0
LINE
  5
2B6
330
17
100
AcDbEntity
  8
AVAN-CIZGI
100
AcDbLine
 10
455.0
 20
184.4208
 30
0.0
 11
635.0
 21
184.4208
 31
0.0
  0
LINE
  5
2B7
330
17
100
AcDbEntity
  8
AVAN-CIZGI
100
AcDbLine
 10
455.0
 20
169.8608
 30
0.0
 11
635.0
 21
169.8608
 31
0.0
  0
LINE
  5
2B8
330
17
100
AcDbEntity
  8
AVAN-CIZGI
100
AcDbLine
 10
455.0
 20
163.017
 30
0.0
 11
635.0
 21
163.017
 31
0.0
  0
LINE
  5
2B9
330
17
100
AcDbEntity
  8
AVAN-CIZGI
100
AcDbLine
 10
455.0
 20
163.017
 30
0.0
 11
455.0
 21
169.8608
 31
0.0
  0
LINE
  5
2BA
330
17
100
AcDbEntity
  8
AVAN-CIZGI
100
AcDbLine
 10
635.0
 20
163.017
 30
0.0
 11
635.0
 21
169.8608
 31
0.0
  0
LINE
  5
2BB
330
17
100
AcDbEntity
  8
AVAN-CIZGI
100
AcDbLine
 10
455.0
 20
169.8608
 30
0.0
 11
635.0
 21
169.8608
 31
0.0
  0
LINE
  5
2BC
330
17
100
AcDbEntity
  8
AVAN-CIZGI
100
AcDbLine
 10
455.0
 20
163.017
 30
0.0
 11
635.0
 21
163.017
 31
0.0
  0
LINE
  5
2BD
330
17
100
AcDbEntity
  8
AVAN-CIZGI
100
AcDbLine
 10
455.0
 20
150.6697
 30
0.0
 11
635.0
 21
150.6697
 31
0.0
  0
LINE
  5
2BE
330
17
100
AcDbEntity
  8
AVAN-CIZGI
100
AcDbLine
 10
455.0
 20
150.6697
 30
0.0
 11
455.0
 21
163.017
 31
0.0
  0
LINE
  5
2BF
330
17
100
AcDbEntity
  8
AVAN-CIZGI
100
AcDbLine
 10
635.0
 20
150.6697
 30
0.0
 11
635.0
 21
163.017
 31
0.0
  0
LINE
  5
2C0
330
17
100
AcDbEntity
  8
AVAN-CIZGI
100
AcDbLine
 10
557.0
 20
150.6697
 30
0.0
 11
557.0
 21
163.017
 31
0.0
  0
LINE
  5
2C1
330
17
100
AcDbEntity
  8
AVAN-CIZGI
100
AcDbLine
 10
605.0
 20
150.6697
 30
0.0
 11
605.0
 21
163.017
 31
0.0
  0
LINE
  5
2C2
330
17
100
AcDbEntity
  8
AVAN-CIZGI
100
AcDbLine
 10
455.0
 20
150.6697
 30
0.0
 11
635.0
 21
150.6697
 31
0.0
  0
LINE
  5
2C3
330
17
100
AcDbEntity
  8
AVAN-CIZGI
100
AcDbLine
 10
455.0
 20
150.6697
 30
0.0
 11
635.0
 21
150.6697
 31
0.0
  0
LINE
  5
2C4
330
17
100
AcDbEntity
  8
AVAN-CIZGI
100
AcDbLine
 10
455.0
 20
28.1853
 30
0.0
 11
455.0
 21
150.6697
 31
0.0
  0
LINE
  5
2C5
330
17
100
AcDbEntity
  8
AVAN-CIZGI
100
AcDbLine
 10
635.0
 20
28.1853
 30
0.0
 11
635.0
 21
150.6697
 31
0.0
  0
LINE
  5
2C6
330
17
100
AcDbEntity
  8
AVAN-CIZGI
100
AcDbLine
 10
557.0
 20
28.1853
 30
0.0
 11
557.0
 21
150.6697
 31
0.0
  0
LINE
  5
2C7
330
17
100
AcDbEntity
  8
AVAN-CIZGI
100
AcDbLine
 10
605.0
 20
28.1853
 30
0.0
 11
605.0
 21
150.6697
 31
0.0
  0
LINE
  5
2C8
330
17
100
AcDbEntity
  8
AVAN-CIZGI
100
AcDbLine
 10
455.0
 20
145.0253
 30
0.0
 11
635.0
 21
145.0253
 31
0.0
  0
LINE
  5
2C9
330
17
100
AcDbEntity
  8
AVAN-CIZGI
100
AcDbLine
 10
455.0
 20
139.3808
 30
0.0
 11
635.0
 21
139.3808
 31
0.0
  0
LINE
  5
2CA
330
17
100
AcDbEntity
  8
AVAN-CIZGI
100
AcDbLine
 10
455.0
 20
126.8925
 30
0.0
 11
635.0
 21
126.8925
 31
0.0
  0
LINE
  5
2CB
330
17
100
AcDbEntity
  8
AVAN-CIZGI
100
AcDbLine
 10
455.0
 20
112.2875
 30
0.0
 11
635.0
 21
112.2875
 31
0.0
  0
LINE
  5
2CC
330
17
100
AcDbEntity
  8
AVAN-CIZGI
100
AcDbLine
 10
455.0
 20
106.6431
 30
0.0
 11
635.0
 21
106.6431
 31
0.0
  0
LINE
  5
2CD
330
17
100
AcDbEntity
  8
AVAN-CIZGI
100
AcDbLine
 10
455.0
 20
100.9986
 30
0.0
 11
635.0
 21
100.9986
 31
0.0
  0
LINE
  5
2CE
330
17
100
AcDbEntity
  8
AVAN-CIZGI
100
AcDbLine
 10
455.0
 20
88.5103
 30
0.0
 11
635.0
 21
88.5103
 31
0.0
  0
LINE
  5
2CF
330
17
100
AcDbEntity
  8
AVAN-CIZGI
100
AcDbLine
 10
455.0
 20
80.4669
 30
0.0
 11
635.0
 21
80.4669
 31
0.0
  0
LINE
  5
2D0
330
17
100
AcDbEntity
  8
AVAN-CIZGI
100
AcDbLine
 10
455.0
 20
74.8225
 30
0.0
 11
635.0
 21
74.8225
 31
0.0
  0
LINE
  5
2D1
330
17
100
AcDbEntity
  8
AVAN-CIZGI
100
AcDbLine
 10
455.0
 20
69.1781
 30
0.0
 11
635.0
 21
69.1781
 31
0.0
  0
LINE
  5
2D2
330
17
100
AcDbEntity
  8
AVAN-CIZGI
100
AcDbLine
 10
455.0
 20
63.5336
 30
0.0
 11
635.0
 21
63.5336
 31
0.0
  0
LINE
  5
2D3
330
17
100
AcDbEntity
  8
AVAN-CIZGI
100
AcDbLine
 10
455.0
 20
51.0453
 30
0.0
 11
635.0
 21
51.0453
 31
0.0
  0
LINE
  5
2D4
330
17
100
AcDbEntity
  8
AVAN-CIZGI
100
AcDbLine
 10
455.0
 20
28.1853
 30
0.0
 11
635.0
 21
28.1853
 31
0.0
  0
TEXT
  5
2D5
330
17
100
AcDbEntity
  8
AVAN-YAZI
100
AcDbText
 10
504.0278
 20
276.8
 30
0.0
 40
3.086
  1
ASANSÖR AVAN PROJE HESAPLARI
  7
AVAN-KALIN
 41
1.066
 11
504.0278
 21
276.8
 31
0.0
100
AcDbText
  0
TEXT
  5
2D6
330
17
100
AcDbEntity
  8
AVAN-YAZI
100
AcDbText
 10
602.6558
 20
262.456
 30
0.0
 40
1.903
  1
AVAN PROJE HESAPLARI
  7
AVAN
 41
0.9628
 11
602.6558
 21
262.456
 31
0.0
100
AcDbText
  0
TEXT
  5
2D7
330
17
100
AcDbEntity
  8
AVAN-YAZI
100
AcDbText
 10
456.0583
 20
262.3325
 30
0.0
 40
2.443
  1
1 NOLU ASANSÖR — İnsan
  7
AVAN-KALIN
 41
1.0645
 11
456.0583
 21
262.3325
 31
0.0
100
AcDbText
  0
TEXT
  5
2D8
330
17
100
AcDbEntity
  8
AVAN-YAZI
100
AcDbText
 10
610.0783
 20
255.6121
 30
0.0
 40
1.903
  1
MMO / 697 — s.21
  7
AVAN
 41
1.0698
 11
610.0783
 21
255.6121
 31
0.0
100
AcDbText
  0
TEXT
  5
2D9
330
17
100
AcDbEntity
  8
AVAN-YAZI
100
AcDbText
 10
456.0583
 20
255.4886
 30
0.0
 40
2.443
  1
1 - MOTOR GÜCÜ HESABI
  7
AVAN-KALIN
 41
1.1032
 11
456.0583
 21
255.4886
 31
0.0
100
AcDbText
  0
TEXT
  5
2DA
330
17
100
AcDbEntity
  8
AVAN-YAZI
100
AcDbText
 10
606.0584
 20
249.5267
 30
0.0
 40
1.775
  1
GİRİŞ
  7
AVAN
 41
0.6995
 11
606.0584
 21
249.5267
 31
0.0
100
AcDbText
  0
TEXT
  5
2DB
330
17
100
AcDbEntity
  8
AVAN-YAZI
100
AcDbText
 10
456.0583
 20
249.4561
 30
0.0
 40
2.109
  1
Q
  7
AVAN
 41
0.9937
 11
456.0583
 21
249.4561
 31
0.0
100
AcDbText
  0
TEXT
  5
2DC
330
17
100
AcDbEntity
  8
AVAN-YAZI
100
AcDbText
 10
469.0583
 20
249.4561
 30
0.0
 40
2.109
  1
Anma yükü
  7
AVAN
 41
1.1116
 11
469.0583
 21
249.4561
 31
0.0
100
AcDbText
  0
TEXT
  5
2DD
330
17
100
AcDbEntity
  8
AVAN-YAZI
100
AcDbText
 10
553.0583
 20
249.4561
 30
0.0
 40
2.109
  1
=
  7
AVAN
 41
1.4092
 11
553.0583
 21
249.4561
 31
0.0
100
AcDbText
  0
TEXT
  5
2DE
330
17
100
AcDbEntity
  8
AVAN-YAZI
100
AcDbText
 10
588.0583
 20
249.4561
 30
0.0
 40
2.109
  1
kg
  7
AVAN
 41
1.129
 11
588.0583
 21
249.4561
 31
0.0
100
AcDbText
  0
TEXT
  5
2DF
330
17
100
AcDbEntity
  8
AVAN-YAZI
100
AcDbText
 10
579.6087
 20
249.315
 30
0.0
 40
2.212
  1
800
  7
AVAN-KALIN
 41
1.2291
 11
579.6087
 21
249.315
 31
0.0
100
AcDbText
  0
TEXT
  5
2E0
330
17
100
AcDbEntity
  8
AVAN-YAZI
100
AcDbText
 10
606.0584
 20
243.8822
 30
0.0
 40
1.775
  1
GİRİŞ
  7
AVAN
 41
0.6995
 11
606.0584
 21
243.8822
 31
0.0
100
AcDbText
  0
TEXT
  5
2E1
330
17
100
AcDbEntity
  8
AVAN-YAZI
100
AcDbText
 10
456.0583
 20
243.8117
 30
0.0
 40
2.109
  1
V
  7
AVAN
 41
1.0073
 11
456.0583
 21
243.8117
 31
0.0
100
AcDbText
  0
TEXT
  5
2E2
330
17
100
AcDbEntity
  8
AVAN-YAZI
100
AcDbText
 10
469.0583
 20
243.8117
 30
0.0
 40
2.109
  1
Kabin hızı
  7
AVAN
 41
0.8795
 11
469.0583
 21
243.8117
 31
0.0
100
AcDbText
  0
TEXT
  5
2E3
330
17
100
AcDbEntity
  8
AVAN-YAZI
100
AcDbText
 10
553.0583
 20
243.8117
 30
0.0
 40
2.109
  1
=
  7
AVAN
 41
1.4092
 11
553.0583
 21
243.8117
 31
0.0
100
AcDbText
  0
TEXT
  5
2E4
330
17
100
AcDbEntity
  8
AVAN-YAZI
100
AcDbText
 10
588.0583
 20
243.8117
 30
0.0
 40
2.109
  1
m/s
  7
AVAN
 41
1.1169
 11
588.0583
 21
243.8117
 31
0.0
100
AcDbText
  0
TEXT
  5
2E5
330
17
100
AcDbEntity
  8
AVAN-YAZI
100
AcDbText
 10
578.4562
 20
243.6706
 30
0.0
 40
2.212
  1
1,60
  7
AVAN-KALIN
 41
1.2453
 11
578.4562
 21
243.6706
 31
0.0
100
AcDbText
  0
TEXT
  5
2E6
330
17
100
AcDbEntity
  8
AVAN-YAZI
100
AcDbText
 10
606.0584
 20
238.2378
 30
0.0
 40
1.775
  1
SABİTLER B
  7
AVAN
 41
0.9093
 11
606.0584
 21
238.2378
 31
0.0
100
AcDbText
  0
TEXT
  5
2E7
330
17
100
AcDbEntity
  8
AVAN-YAZI
100
AcDbText
 10
456.0583
 20
238.1672
 30
0.0
 40
2.109
  1
q
  7
AVAN
 41
1.1213
 11
456.0583
 21
238.1672
 31
0.0
100
AcDbText
  0
TEXT
  5
2E8
330
17
100
AcDbEntity
  8
AVAN-YAZI
100
AcDbText
 10
469.0583
 20
238.1672
 30
0.0
 40
2.109
  1
Denge faktörü ( karşı ağırlığın dengelediği oran )
  7
AVAN
 41
0.9867
 11
469.0583
 21
238.1672
 31
0.0
100
AcDbText
  0
TEXT
  5
2E9
330
17
100
AcDbEntity
  8
AVAN-YAZI
100
AcDbText
 10
553.0583
 20
238.1672
 30
0.0
 40
2.109
  1
=
  7
AVAN
 41
1.4092
 11
553.0583
 21
238.1672
 31
0.0
100
AcDbText
  0
TEXT
  5
2EA
330
17
100
AcDbEntity
  8
AVAN-YAZI
100
AcDbText
 10
588.0583
 20
238.1672
 30
0.0
 40
2.109
  1
—
  7
AVAN
 41
0.9822
 11
588.0583
 21
238.1672
 31
0.0
100
AcDbText
  0
TEXT
  5
2EB
330
17
100
AcDbEntity
  8
AVAN-YAZI
100
AcDbText
 10
578.4562
 20
238.0261
 30
0.0
 40
2.212
  1
0,50
  7
AVAN-KALIN
 41
1.2453
 11
578.4562
 21
238.0261
 31
0.0
100
AcDbText
  0
TEXT
  5
2EC
330
17
100
AcDbEntity
  8
AVAN-YAZI
100
AcDbText
 10
606.0584
 20
232.5933
 30
0.0
 40
1.775
  1
belirtilmedi
  7
AVAN
 41
1.1648
 11
606.0584
 21
232.5933
 31
0.0
100
AcDbText
  0
TEXT
  5
2ED
330
17
100
AcDbEntity
  8
AVAN-YAZI
100
AcDbText
 10
469.0583
 20
232.5228
 30
0.0
 40
2.109
  1
Makine tipi
  7
AVAN
 41
1.1266
 11
469.0583
 21
232.5228
 31
0.0
100
AcDbText
  0
TEXT
  5
2EE
330
17
100
AcDbEntity
  8
AVAN-YAZI
100
AcDbText
 10
553.0583
 20
232.5228
 30
0.0
 40
2.109
  1
=
  7
AVAN
 41
1.4092
 11
553.0583
 21
232.5228
 31
0.0
100
AcDbText
  0
TEXT
  5
2EF
330
17
100
AcDbEntity
  8
AVAN-YAZI
100
AcDbText
 10
582.9078
 20
232.3817
 30
0.0
 40
2.212
  1
—
  7
AVAN-KALIN
 41
0.9822
 11
582.9078
 21
232.3817
 31
0.0
100
AcDbText
  0
TEXT
  5
2F0
330
17
100
AcDbEntity
  8
AVAN-YAZI
100
AcDbText
 10
606.0584
 20
226.9489
 30
0.0
 40
1.775
  1
SABİTLER B
  7
AVAN
 41
0.9093
 11
606.0584
 21
226.9489
 31
0.0
100
AcDbText
  0
TEXT
  5
2F1
330
17
100
AcDbEntity
  8
AVAN-YAZI
100
AcDbText
 10
456.0583
 20
226.8783
 30
0.0
 40
2.109
  1
i
  7
AVAN
 41
1.2292
 11
456.0583
 21
226.8783
 31
0.0
100
AcDbText
  0
TEXT
  5
2F2
330
17
100
AcDbEntity
  8
AVAN-YAZI
100
AcDbText
 10
469.0583
 20
226.8783
 30
0.0
 40
2.109
  1
Askı ( palanga ) oranı — 2:1
  7
AVAN
 41
1.0152
 11
469.0583
 21
226.8783
 31
0.0
100
AcDbText
  0
TEXT
  5
2F3
330
17
100
AcDbEntity
  8
AVAN-YAZI
100
AcDbText
 10
553.0583
 20
226.8783
 30
0.0
 40
2.109
  1
=
  7
AVAN
 41
1.4092
 11
553.0583
 21
226.8783
 31
0.0
100
AcDbText
  0
TEXT
  5
2F4
330
17
100
AcDbEntity
  8
AVAN-YAZI
100
AcDbText
 10
588.0583
 20
226.8783
 30
0.0
 40
2.109
  1
—
  7
AVAN
 41
0.9822
 11
588.0583
 21
226.8783
 31
0.0
100
AcDbText
  0
TEXT
  5
2F5
330
17
100
AcDbEntity
  8
AVAN-YAZI
100
AcDbText
 10
583.8307
 20
226.7372
 30
0.0
 40
2.212
  1
2
  7
AVAN-KALIN
 41
1.2291
 11
583.8307
 21
226.7372
 31
0.0
100
AcDbText
  0
TEXT
  5
2F6
330
17
100
AcDbEntity
  8
AVAN-YAZI
100
AcDbText
 10
606.0584
 20
221.3044
 30
0.0
 40
1.775
  1
GİRİŞ
  7
AVAN
 41
0.6995
 11
606.0584
 21
221.3044
 31
0.0
100
AcDbText
  0
TEXT
  5
2F7
330
17
100
AcDbEntity
  8
AVAN-YAZI
100
AcDbText
 10
456.0583
 20
221.2339
 30
0.0
 40
2.109
  1
η
  7
AVAN
 41
1.0323
 11
456.0583
 21
221.2339
 31
0.0
100
AcDbText
  0
TEXT
  5
2F8
330
17
100
AcDbEntity
  8
AVAN-YAZI
100
AcDbText
 10
469.0583
 20
221.2339
 30
0.0
 40
2.109
  1
Makine verimi
  7
AVAN
 41
1.1224
 11
469.0583
 21
221.2339
 31
0.0
100
AcDbText
  0
TEXT
  5
2F9
330
17
100
AcDbEntity
  8
AVAN-YAZI
100
AcDbText
 10
553.0583
 20
221.2339
 30
0.0
 40
2.109
  1
=
  7
AVAN
 41
1.4092
 11
553.0583
 21
221.2339
 31
0.0
100
AcDbText
  0
TEXT
  5
2FA
330
17
100
AcDbEntity
  8
AVAN-YAZI
100
AcDbText
 10
588.0583
 20
221.2339
 30
0.0
 40
2.109
  1
—
  7
AVAN
 41
0.9822
 11
588.0583
 21
221.2339
 31
0.0
100
AcDbText
  0
TEXT
  5
2FB
330
17
100
AcDbEntity
  8
AVAN-YAZI
100
AcDbText
 10
578.4562
 20
221.0928
 30
0.0
 40
2.212
  1
0,85
  7
AVAN-KALIN
 41
1.2453
 11
578.4562
 21
221.0928
 31
0.0
100
AcDbText
  0
TEXT
  5
2FC
330
17
100
AcDbEntity
  8
AVAN-YAZI
100
AcDbText
 10
606.0584
 20
216.0481
 30
0.0
 40
1.775
  1
SABİTLER A /
  7
AVAN
 41
0.9292
 11
606.0584
 21
216.0481
 31
0.0
100
AcDbText
  0
TEXT
  5
2FD
330
17
100
AcDbEntity
  8
AVAN-YAZI
100
AcDbText
 10
456.0583
 20
214.39
 30
0.0
 40
2.109
  1
η′
  7
AVAN
 41
0.9947
 11
456.0583
 21
214.39
 31
0.0
100
AcDbText
  0
TEXT
  5
2FE
330
17
100
AcDbEntity
  8
AVAN-YAZI
100
AcDbText
 10
469.0583
 20
214.39
 30
0.0
 40
2.109
  1
Palangalı sistemde verim ( i > 1 ise η − 0,10 )
  7
AVAN
 41
1.1038
 11
469.0583
 21
214.39
 31
0.0
100
AcDbText
  0
TEXT
  5
2FF
330
17
100
AcDbEntity
  8
AVAN-YAZI
100
AcDbText
 10
553.0583
 20
214.39
 30
0.0
 40
2.109
  1
=
  7
AVAN
 41
1.4092
 11
553.0583
 21
214.39
 31
0.0
100
AcDbText
  0
TEXT
  5
300
330
17
100
AcDbEntity
  8
AVAN-YAZI
100
AcDbText
 10
588.0583
 20
214.39
 30
0.0
 40
2.109
  1
—
  7
AVAN
 41
0.9822
 11
588.0583
 21
214.39
 31
0.0
100
AcDbText
  0
TEXT
  5
301
330
17
100
AcDbEntity
  8
AVAN-YAZI
100
AcDbText
 10
578.4562
 20
214.2489
 30
0.0
 40
2.212
  1
0,75
  7
AVAN-KALIN
 41
1.2453
 11
578.4562
 21
214.2489
 31
0.0
100
AcDbText
  0
TEXT
  5
302
330
17
100
AcDbEntity
  8
AVAN-YAZI
100
AcDbText
 10
606.0584
 20
212.8731
 30
0.0
 40
1.775
  1
MMO/697 §2.4
  7
AVAN
 41
1.0642
 11
606.0584
 21
212.8731
 31
0.0
100
AcDbText
  0
TEXT
  5
303
330
17
100
AcDbEntity
  8
AVAN-YAZI
100
AcDbText
 10
456.0583
 20
206.4701
 30
0.0
 40
2.16
  1
N = ( 1 − q ) · Q · V / ( 102 · η′ )
  7
AVAN-KALIN
 41
1.2396
 11
456.0583
 21
206.4701
 31
0.0
100
AcDbText
  0
TEXT
  5
304
330
17
100
AcDbEntity
  8
AVAN-YAZI
100
AcDbText
 10
606.0584
 20
201.4783
 30
0.0
 40
1.775
  1
hesaplanan
  7
AVAN
 41
1.0997
 11
606.0584
 21
201.4783
 31
0.0
100
AcDbText
  0
TEXT
  5
305
330
17
100
AcDbEntity
  8
AVAN-YAZI
100
AcDbText
 10
469.0583
 20
201.4607
 30
0.0
 40
2.109
  1
= ( 1 − 0,50 ) · 800 · 1,60 / ( 102 · 0,75 )
  7
AVAN
 41
1.148
 11
469.0583
 21
201.4607
 31
0.0
100
AcDbText
  0
TEXT
  5
306
330
17
100
AcDbEntity
  8
AVAN-YAZI
100
AcDbText
 10
588.0583
 20
201.4078
 30
0.0
 40
2.109
  1
kW
  7
AVAN
 41
1.0664
 11
588.0583
 21
201.4078
 31
0.0
100
AcDbText
  0
TEXT
  5
307
330
17
100
AcDbEntity
  8
AVAN-YAZI
100
AcDbText
 10
578.4562
 20
201.2667
 30
0.0
 40
2.212
  1
8,37
  7
AVAN-KALIN
 41
1.2453
 11
578.4562
 21
201.2667
 31
0.0
100
AcDbText
  0
TEXT
  5
308
330
17
100
AcDbEntity
  8
AVAN-YAZI
100
AcDbText
 10
606.0584
 20
195.1283
 30
0.0
 40
1.775
  1
GİRİŞ — elle seçildi
  7
AVAN
 41
0.9464
 11
606.0584
 21
195.1283
 31
0.0
100
AcDbText
  0
TEXT
  5
309
330
17
100
AcDbEntity
  8
AVAN-YAZI
100
AcDbText
 10
456.0583
 20
195.0578
 30
0.0
 40
2.109
  1
Nsç
  7
AVAN
 41
1.0374
 11
456.0583
 21
195.0578
 31
0.0
100
AcDbText
  0
TEXT
  5
30A
330
17
100
AcDbEntity
  8
AVAN-YAZI
100
AcDbText
 10
469.0583
 20
195.0578
 30
0.0
 40
2.109
  1
SEÇİLEN motor gücü
  7
AVAN
 41
1.006
 11
469.0583
 21
195.0578
 31
0.0
100
AcDbText
  0
TEXT
  5
30B
330
17
100
AcDbEntity
  8
AVAN-YAZI
100
AcDbText
 10
553.0583
 20
195.0578
 30
0.0
 40
2.109
  1
=
  7
AVAN
 41
1.4092
 11
553.0583
 21
195.0578
 31
0.0
100
AcDbText
  0
TEXT
  5
30C
330
17
100
AcDbEntity
  8
AVAN-YAZI
100
AcDbText
 10
588.0583
 20
195.0578
 30
0.0
 40
2.109
  1
kW
  7
AVAN
 41
1.0664
 11
588.0583
 21
195.0578
 31
0.0
100
AcDbText
  0
TEXT
  5
30D
330
17
100
AcDbEntity
  8
AVAN-YAZI
100
AcDbText
 10
581.7197
 20
194.9167
 30
0.0
 40
2.212
  1
11
  7
AVAN-KALIN
 41
1.2291
 11
581.7197
 21
194.9167
 31
0.0
100
AcDbText
  0
TEXT
  5
30E
330
17
100
AcDbEntity
  8
AVAN-YAZI
100
AcDbText
 10
455.7056
 20
187.0667
 30
0.0
 40
2.315
  1
KONTROL Nsç ≥ N
  7
AVAN-KALIN
 41
1.1218
 11
455.7056
 21
187.0667
 31
0.0
100
AcDbText
  0
TEXT
  5
30F
330
17
100
AcDbEntity
  8
AVAN-YAZI
100
AcDbText
 10
507.7056
 20
187.0667
 30
0.0
 40
2.315
  1
UYGUN
  7
AVAN-KALIN
 41
1.0896
 11
507.7056
 21
187.0667
 31
0.0
100
AcDbText
  0
TEXT
  5
310
330
17
100
AcDbEntity
  8
AVAN-YAZI
100
AcDbText
 10
457.1167
 20
180.6808
 30
0.0
 40
1.852
  1
▪ Motor gücü denkleminde askı oranı yalnız VERİM üzerinden etkilidir: N = (1−q)·Q·V / (102·η′) bir GÜÇ bağıntısıdır ve güç, askı oranından
  7
AVAN
 41
1.0187
 11
457.1167
 21
180.6808
 31
0.0
100
AcDbText
  0
TEXT
  5
311
330
17
100
AcDbEntity
  8
AVAN-YAZI
100
AcDbText
 10
457.1167
 20
177.2942
 30
0.0
 40
1.852
  1
bağımsızdır — 2:1 askıda halat hızı yarıya iner, kuvvet iki katına çıkar, çarpımları değişmez. Askı oranının etkisi MMO/697 §2.4'teki Δη =
  7
AVAN
 41
0.9868
 11
457.1167
 21
177.2942
 31
0.0
100
AcDbText
  0
TEXT
  5
312
330
17
100
AcDbEntity
  8
AVAN-YAZI
100
AcDbText
 10
457.1167
 20
173.9075
 30
0.0
 40
1.852
  1
0,10 verim düşüşüdür.
  7
AVAN
 41
1.0664
 11
457.1167
 21
173.9075
 31
0.0
100
AcDbText
  0
TEXT
  5
313
330
17
100
AcDbEntity
  8
AVAN-YAZI
100
AcDbText
 10
590.6164
 20
165.4335
 30
0.0
 40
1.903
  1
MMO / 697 s.18-20 / TS EN 81-20
  7
AVAN
 41
1.0743
 11
590.6164
 21
165.4335
 31
0.0
100
AcDbText
  0
TEXT
  5
314
330
17
100
AcDbEntity
  8
AVAN-YAZI
100
AcDbText
 10
456.0583
 20
165.31
 30
0.0
 40
2.443
  1
2 - KUVVET HESAPLARI
  7
AVAN-KALIN
 41
1.101
 11
456.0583
 21
165.31
 31
0.0
100
AcDbText
  0
TEXT
  5
315
330
17
100
AcDbEntity
  8
AVAN-YAZI
100
AcDbText
 10
456.0583
 20
158.572
 30
0.0
 40
2.109
  1
ORTAK BÜYÜKLÜKLER
  7
AVAN
 41
0.9766
 11
456.0583
 21
158.572
 31
0.0
100
AcDbText
  0
TEXT
  5
316
330
17
100
AcDbEntity
  8
AVAN-YAZI
100
AcDbText
 10
606.0584
 20
152.6453
 30
0.0
 40
1.775
  1
SABİTLER A
  7
AVAN
 41
0.909
 11
606.0584
 21
152.6453
 31
0.0
100
AcDbText
  0
TEXT
  5
317
330
17
100
AcDbEntity
  8
AVAN-YAZI
100
AcDbText
 10
456.0583
 20
152.5747
 30
0.0
 40
2.109
  1
gn
  7
AVAN
 41
1.1204
 11
456.0583
 21
152.5747
 31
0.0
100
AcDbText
  0
TEXT
  5
318
330
17
100
AcDbEntity
  8
AVAN-YAZI
100
AcDbText
 10
469.0583
 20
152.5747
 30
0.0
 40
2.109
  1
Yerçekimi ivmesi
  7
AVAN
 41
1.1114
 11
469.0583
 21
152.5747
 31
0.0
100
AcDbText
  0
TEXT
  5
319
330
17
100
AcDbEntity
  8
AVAN-YAZI
100
AcDbText
 10
553.0583
 20
152.5747
 30
0.0
 40
2.109
  1
=
  7
AVAN
 41
1.4092
 11
553.0583
 21
152.5747
 31
0.0
100
AcDbText
  0
TEXT
  5
31A
330
17
100
AcDbEntity
  8
AVAN-YAZI
100
AcDbText
 10
588.0583
 20
152.5747
 30
0.0
 40
2.109
  1
m/s²
  7
AVAN
 41
1.1281
 11
588.0583
 21
152.5747
 31
0.0
100
AcDbText
  0
TEXT
  5
31B
330
17
100
AcDbEntity
  8
AVAN-YAZI
100
AcDbText
 10
578.4562
 20
152.4336
 30
0.0
 40
2.212
  1
9,81
  7
AVAN-KALIN
 41
1.2453
 11
578.4562
 21
152.4336
 31
0.0
100
AcDbText
  0
TEXT
  5
31C
330
17
100
AcDbEntity
  8
AVAN-YAZI
100
AcDbText
 10
606.0584
 20
147.0008
 30
0.0
 40
1.775
  1
Tablo-11
  7
AVAN
 41
1.0905
 11
606.0584
 21
147.0008
 31
0.0
100
AcDbText
  0
TEXT
  5
31D
330
17
100
AcDbEntity
  8
AVAN-YAZI
100
AcDbText
 10
456.0583
 20
146.9303
 30
0.0
 40
2.109
  1
Gk
  7
AVAN
 41
1.0406
 11
456.0583
 21
146.9303
 31
0.0
100
AcDbText
  0
TEXT
  5
31E
330
17
100
AcDbEntity
  8
AVAN-YAZI
100
AcDbText
 10
469.0583
 20
146.9303
 30
0.0
 40
2.109
  1
Boş kabin kütlesi
  7
AVAN
 41
1.074
 11
469.0583
 21
146.9303
 31
0.0
100
AcDbText
  0
TEXT
  5
31F
330
17
100
AcDbEntity
  8
AVAN-YAZI
100
AcDbText
 10
553.0583
 20
146.9303
 30
0.0
 40
2.109
  1
=
  7
AVAN
 41
1.4092
 11
553.0583
 21
146.9303
 31
0.0
100
AcDbText
  0
TEXT
  5
320
330
17
100
AcDbEntity
  8
AVAN-YAZI
100
AcDbText
 10
588.0583
 20
146.9303
 30
0.0
 40
2.109
  1
kg
  7
AVAN
 41
1.129
 11
588.0583
 21
146.9303
 31
0.0
100
AcDbText
  0
TEXT
  5
321
330
17
100
AcDbEntity
  8
AVAN-YAZI
100
AcDbText
 10
579.6087
 20
146.7892
 30
0.0
 40
2.212
  1
800
  7
AVAN-KALIN
 41
1.2291
 11
579.6087
 21
146.7892
 31
0.0
100
AcDbText
  0
TEXT
  5
322
330
17
100
AcDbEntity
  8
AVAN-YAZI
100
AcDbText
 10
606.0584
 20
141.3564
 30
0.0
 40
1.775
  1
SABİTLER B
  7
AVAN
 41
0.9093
 11
606.0584
 21
141.3564
 31
0.0
100
AcDbText
  0
TEXT
  5
323
330
17
100
AcDbEntity
  8
AVAN-YAZI
100
AcDbText
 10
456.0583
 20
141.2858
 30
0.0
 40
2.109
  1
gf
  7
AVAN
 41
1.1621
 11
456.0583
 21
141.2858
 31
0.0
100
AcDbText
  0
TEXT
  5
324
330
17
100
AcDbEntity
  8
AVAN-YAZI
100
AcDbText
 10
469.0583
 20
141.2858
 30
0.0
 40
2.109
  1
Gezici kablo ( flexbil ) birim kütlesi
  7
AVAN
 41
1.13
 11
469.0583
 21
141.2858
 31
0.0
100
AcDbText
  0
TEXT
  5
325
330
17
100
AcDbEntity
  8
AVAN-YAZI
100
AcDbText
 10
553.0583
 20
141.2858
 30
0.0
 40
2.109
  1
=
  7
AVAN
 41
1.4092
 11
553.0583
 21
141.2858
 31
0.0
100
AcDbText
  0
TEXT
  5
326
330
17
100
AcDbEntity
  8
AVAN-YAZI
100
AcDbText
 10
588.0583
 20
141.2858
 30
0.0
 40
2.109
  1
kg/m
  7
AVAN
 41
1.1444
 11
588.0583
 21
141.2858
 31
0.0
100
AcDbText
  0
TEXT
  5
327
330
17
100
AcDbEntity
  8
AVAN-YAZI
100
AcDbText
 10
578.4562
 20
141.1447
 30
0.0
 40
2.212
  1
1,50
  7
AVAN-KALIN
 41
1.2453
 11
578.4562
 21
141.1447
 31
0.0
100
AcDbText
  0
TEXT
  5
328
330
17
100
AcDbEntity
  8
AVAN-YAZI
100
AcDbText
 10
456.0583
 20
134.5654
 30
0.0
 40
2.16
  1
Gf = gf · ( Hk / 2 + 3 )
  7
AVAN-KALIN
 41
1.2377
 11
456.0583
 21
134.5654
 31
0.0
100
AcDbText
  0
TEXT
  5
329
330
17
100
AcDbEntity
  8
AVAN-YAZI
100
AcDbText
 10
606.0584
 20
129.5736
 30
0.0
 40
1.775
  1
gezici kablo kütlesi
  7
AVAN
 41
1.1228
 11
606.0584
 21
129.5736
 31
0.0
100
AcDbText
  0
TEXT
  5
32A
330
17
100
AcDbEntity
  8
AVAN-YAZI
100
AcDbText
 10
469.0583
 20
129.556
 30
0.0
 40
2.109
  1
= 1,50 · ( 32,85 / 2 + 3 )
  7
AVAN
 41
1.159
 11
469.0583
 21
129.556
 31
0.0
100
AcDbText
  0
TEXT
  5
32B
330
17
100
AcDbEntity
  8
AVAN-YAZI
100
AcDbText
 10
588.0583
 20
129.5031
 30
0.0
 40
2.109
  1
kg
  7
AVAN
 41
1.129
 11
588.0583
 21
129.5031
 31
0.0
100
AcDbText
  0
TEXT
  5
32C
330
17
100
AcDbEntity
  8
AVAN-YAZI
100
AcDbText
 10
576.3452
 20
129.3619
 30
0.0
 40
2.212
  1
29,14
  7
AVAN-KALIN
 41
1.2417
 11
576.3452
 21
129.3619
 31
0.0
100
AcDbText
  0
TEXT
  5
32D
330
17
100
AcDbEntity
  8
AVAN-YAZI
100
AcDbText
 10
456.0583
 20
122.0771
 30
0.0
 40
2.16
  1
P = Gk + Gf
  7
AVAN-KALIN
 41
1.1918
 11
456.0583
 21
122.0771
 31
0.0
100
AcDbText
  0
TEXT
  5
32E
330
17
100
AcDbEntity
  8
AVAN-YAZI
100
AcDbText
 10
606.0584
 20
117.6144
 30
0.0
 40
1.775
  1
kabin tarafı toplam
  7
AVAN
 41
1.0754
 11
606.0584
 21
117.6144
 31
0.0
100
AcDbText
  0
TEXT
  5
32F
330
17
100
AcDbEntity
  8
AVAN-YAZI
100
AcDbText
 10
469.0583
 20
116.0093
 30
0.0
 40
2.109
  1
= 800 + 29,14
  7
AVAN
 41
1.1777
 11
469.0583
 21
116.0093
 31
0.0
100
AcDbText
  0
TEXT
  5
330
330
17
100
AcDbEntity
  8
AVAN-YAZI
100
AcDbText
 10
588.0583
 20
115.9564
 30
0.0
 40
2.109
  1
kg
  7
AVAN
 41
1.129
 11
588.0583
 21
115.9564
 31
0.0
100
AcDbText
  0
TEXT
  5
331
330
17
100
AcDbEntity
  8
AVAN-YAZI
100
AcDbText
 10
574.2343
 20
115.8153
 30
0.0
 40
2.212
  1
829,14
  7
AVAN-KALIN
 41
1.2394
 11
574.2343
 21
115.8153
 31
0.0
100
AcDbText
  0
TEXT
  5
332
330
17
100
AcDbEntity
  8
AVAN-YAZI
100
AcDbText
 10
606.0584
 20
114.4394
 30
0.0
 40
1.775
  1
kütle
  7
AVAN
 41
1.1617
 11
606.0584
 21
114.4394
 31
0.0
100
AcDbText
  0
TEXT
  5
333
330
17
100
AcDbEntity
  8
AVAN-YAZI
100
AcDbText
 10
606.0584
 20
108.6186
 30
0.0
 40
1.775
  1
GİRİŞ
  7
AVAN
 41
0.6995
 11
606.0584
 21
108.6186
 31
0.0
100
AcDbText
  0
TEXT
  5
334
330
17
100
AcDbEntity
  8
AVAN-YAZI
100
AcDbText
 10
456.0583
 20
108.5481
 30
0.0
 40
2.109
  1
Q
  7
AVAN
 41
0.9937
 11
456.0583
 21
108.5481
 31
0.0
100
AcDbText
  0
TEXT
  5
335
330
17
100
AcDbEntity
  8
AVAN-YAZI
100
AcDbText
 10
469.0583
 20
108.5481
 30
0.0
 40
2.109
  1
Anma yükü
  7
AVAN
 41
1.1116
 11
469.0583
 21
108.5481
 31
0.0
100
AcDbText
  0
TEXT
  5
336
330
17
100
AcDbEntity
  8
AVAN-YAZI
100
AcDbText
 10
553.0583
 20
108.5481
 30
0.0
 40
2.109
  1
=
  7
AVAN
 41
1.4092
 11
553.0583
 21
108.5481
 31
0.0
100
AcDbText
  0
TEXT
  5
337
330
17
100
AcDbEntity
  8
AVAN-YAZI
100
AcDbText
 10
588.0583
 20
108.5481
 30
0.0
 40
2.109
  1
kg
  7
AVAN
 41
1.129
 11
588.0583
 21
108.5481
 31
0.0
100
AcDbText
  0
TEXT
  5
338
330
17
100
AcDbEntity
  8
AVAN-YAZI
100
AcDbText
 10
579.6087
 20
108.4069
 30
0.0
 40
2.212
  1
800
  7
AVAN-KALIN
 41
1.2291
 11
579.6087
 21
108.4069
 31
0.0
100
AcDbText
  0
TEXT
  5
339
330
17
100
AcDbEntity
  8
AVAN-YAZI
100
AcDbText
 10
606.0584
 20
102.9742
 30
0.0
 40
1.775
  1
SABİTLER B
  7
AVAN
 41
0.9093
 11
606.0584
 21
102.9742
 31
0.0
100
AcDbText
  0
TEXT
  5
33A
330
17
100
AcDbEntity
  8
AVAN-YAZI
100
AcDbText
 10
456.0583
 20
102.9036
 30
0.0
 40
2.109
  1
q
  7
AVAN
 41
1.1213
 11
456.0583
 21
102.9036
 31
0.0
100
AcDbText
  0
TEXT
  5
33B
330
17
100
AcDbEntity
  8
AVAN-YAZI
100
AcDbText
 10
469.0583
 20
102.9036
 30
0.0
 40
2.109
  1
Denge faktörü
  7
AVAN
 41
1.1227
 11
469.0583
 21
102.9036
 31
0.0
100
AcDbText
  0
TEXT
  5
33C
330
17
100
AcDbEntity
  8
AVAN-YAZI
100
AcDbText
 10
553.0583
 20
102.9036
 30
0.0
 40
2.109
  1
=
  7
AVAN
 41
1.4092
 11
553.0583
 21
102.9036
 31
0.0
100
AcDbText
  0
TEXT
  5
33D
330
17
100
AcDbEntity
  8
AVAN-YAZI
100
AcDbText
 10
588.0583
 20
102.9036
 30
0.0
 40
2.109
  1
—
  7
AVAN
 41
0.9822
 11
588.0583
 21
102.9036
 31
0.0
100
AcDbText
  0
TEXT
  5
33E
330
17
100
AcDbEntity
  8
AVAN-YAZI
100
AcDbText
 10
578.4562
 20
102.7625
 30
0.0
 40
2.212
  1
0,50
  7
AVAN-KALIN
 41
1.2453
 11
578.4562
 21
102.7625
 31
0.0
100
AcDbText
  0
TEXT
  5
33F
330
17
100
AcDbEntity
  8
AVAN-YAZI
100
AcDbText
 10
456.0583
 20
96.1832
 30
0.0
 40
2.16
  1
Ga = P + q · Q
  7
AVAN-KALIN
 41
1.1989
 11
456.0583
 21
96.1832
 31
0.0
100
AcDbText
  0
TEXT
  5
340
330
17
100
AcDbEntity
  8
AVAN-YAZI
100
AcDbText
 10
606.0584
 20
91.1914
 30
0.0
 40
1.775
  1
karşı ağırlık kütlesi
  7
AVAN
 41
0.9061
 11
606.0584
 21
91.1914
 31
0.0
100
AcDbText
  0
TEXT
  5
341
330
17
100
AcDbEntity
  8
AVAN-YAZI
100
AcDbText
 10
469.0583
 20
91.1738
 30
0.0
 40
2.109
  1
= 829,14 + 0,50 · 800
  7
AVAN
 41
1.1587
 11
469.0583
 21
91.1738
 31
0.0
100
AcDbText
  0
TEXT
  5
342
330
17
100
AcDbEntity
  8
AVAN-YAZI
100
AcDbText
 10
588.0583
 20
91.1208
 30
0.0
 40
2.109
  1
kg
  7
AVAN
 41
1.129
 11
588.0583
 21
91.1208
 31
0.0
100
AcDbText
  0
TEXT
  5
343
330
17
100
AcDbEntity
  8
AVAN-YAZI
100
AcDbText
 10
570.9708
 20
90.9797
 30
0.0
 40
2.212
  1
1.229,14
  7
AVAN-KALIN
 41
1.2453
 11
570.9708
 21
90.9797
 31
0.0
100
AcDbText
  0
TEXT
  5
344
330
17
100
AcDbEntity
  8
AVAN-YAZI
100
AcDbText
 10
606.0584
 20
85.2294
 30
0.0
 40
1.775
  1
SABİTLER A /
  7
AVAN
 41
0.9292
 11
606.0584
 21
85.2294
 31
0.0
100
AcDbText
  0
TEXT
  5
345
330
17
100
AcDbEntity
  8
AVAN-YAZI
100
AcDbText
 10
456.0583
 20
83.5714
 30
0.0
 40
2.109
  1
k1
  7
AVAN
 41
1.1304
 11
456.0583
 21
83.5714
 31
0.0
100
AcDbText
  0
TEXT
  5
346
330
17
100
AcDbEntity
  8
AVAN-YAZI
100
AcDbText
 10
469.0583
 20
83.5714
 30
0.0
 40
2.109
  1
Darbe faktörü ( V > 1 → 2 / V > 0,63 → 3 / V ≤ 0,63 → 5 )
  7
AVAN
 41
1.0964
 11
469.0583
 21
83.5714
 31
0.0
100
AcDbText
  0
TEXT
  5
347
330
17
100
AcDbEntity
  8
AVAN-YAZI
100
AcDbText
 10
553.0583
 20
83.5714
 30
0.0
 40
2.109
  1
=
  7
AVAN
 41
1.4092
 11
553.0583
 21
83.5714
 31
0.0
100
AcDbText
  0
TEXT
  5
348
330
17
100
AcDbEntity
  8
AVAN-YAZI
100
AcDbText
 10
588.0583
 20
83.5714
 30
0.0
 40
2.109
  1
—
  7
AVAN
 41
0.9822
 11
588.0583
 21
83.5714
 31
0.0
100
AcDbText
  0
TEXT
  5
349
330
17
100
AcDbEntity
  8
AVAN-YAZI
100
AcDbText
 10
583.8307
 20
83.4303
 30
0.0
 40
2.212
  1
2
  7
AVAN-KALIN
 41
1.2291
 11
583.8307
 21
83.4303
 31
0.0
100
AcDbText
  0
TEXT
  5
34A
330
17
100
AcDbEntity
  8
AVAN-YAZI
100
AcDbText
 10
606.0584
 20
82.0544
 30
0.0
 40
1.775
  1
MMO/697 Çiz-1
  7
AVAN
 41
1.0626
 11
606.0584
 21
82.0544
 31
0.0
100
AcDbText
  0
TEXT
  5
34B
330
17
100
AcDbEntity
  8
AVAN-YAZI
100
AcDbText
 10
606.0584
 20
76.7981
 30
0.0
 40
1.775
  1
SABİTLER B
  7
AVAN
 41
0.9093
 11
606.0584
 21
76.7981
 31
0.0
100
AcDbText
  0
TEXT
  5
34C
330
17
100
AcDbEntity
  8
AVAN-YAZI
100
AcDbText
 10
456.0583
 20
76.7275
 30
0.0
 40
2.109
  1
n
  7
AVAN
 41
1.1196
 11
456.0583
 21
76.7275
 31
0.0
100
AcDbText
  0
TEXT
  5
34D
330
17
100
AcDbEntity
  8
AVAN-YAZI
100
AcDbText
 10
469.0583
 20
76.7275
 30
0.0
 40
2.109
  1
Kabin kılavuz ray sayısı
  7
AVAN
 41
0.9601
 11
469.0583
 21
76.7275
 31
0.0
100
AcDbText
  0
TEXT
  5
34E
330
17
100
AcDbEntity
  8
AVAN-YAZI
100
AcDbText
 10
553.0583
 20
76.7275
 30
0.0
 40
2.109
  1
=
  7
AVAN
 41
1.4092
 11
553.0583
 21
76.7275
 31
0.0
100
AcDbText
  0
TEXT
  5
34F
330
17
100
AcDbEntity
  8
AVAN-YAZI
100
AcDbText
 10
588.0583
 20
76.7275
 30
0.0
 40
2.109
  1
adet
  7
AVAN
 41
1.1381
 11
588.0583
 21
76.7275
 31
0.0
100
AcDbText
  0
TEXT
  5
350
330
17
100
AcDbEntity
  8
AVAN-YAZI
100
AcDbText
 10
583.8307
 20
76.5864
 30
0.0
 40
2.212
  1
2
  7
AVAN-KALIN
 41
1.2291
 11
583.8307
 21
76.5864
 31
0.0
100
AcDbText
  0
TEXT
  5
351
330
17
100
AcDbEntity
  8
AVAN-YAZI
100
AcDbText
 10
606.0584
 20
71.1536
 30
0.0
 40
1.775
  1
OFİS VARSAYILANI
  7
AVAN
 41
0.9342
 11
606.0584
 21
71.1536
 31
0.0
100
AcDbText
  0
TEXT
  5
352
330
17
100
AcDbEntity
  8
AVAN-YAZI
100
AcDbText
 10
456.0583
 20
71.0831
 30
0.0
 40
2.109
  1
gr
  7
AVAN
 41
1.1555
 11
456.0583
 21
71.0831
 31
0.0
100
AcDbText
  0
TEXT
  5
353
330
17
100
AcDbEntity
  8
AVAN-YAZI
100
AcDbText
 10
469.0583
 20
71.0831
 30
0.0
 40
2.109
  1
1 m kılavuz rayın kütlesi
  7
AVAN
 41
1.0301
 11
469.0583
 21
71.0831
 31
0.0
100
AcDbText
  0
TEXT
  5
354
330
17
100
AcDbEntity
  8
AVAN-YAZI
100
AcDbText
 10
553.0583
 20
71.0831
 30
0.0
 40
2.109
  1
=
  7
AVAN
 41
1.4092
 11
553.0583
 21
71.0831
 31
0.0
100
AcDbText
  0
TEXT
  5
355
330
17
100
AcDbEntity
  8
AVAN-YAZI
100
AcDbText
 10
588.0583
 20
71.0831
 30
0.0
 40
2.109
  1
kg/m
  7
AVAN
 41
1.1444
 11
588.0583
 21
71.0831
 31
0.0
100
AcDbText
  0
TEXT
  5
356
330
17
100
AcDbEntity
  8
AVAN-YAZI
100
AcDbText
 10
576.3452
 20
70.9419
 30
0.0
 40
2.212
  1
17,91
  7
AVAN-KALIN
 41
1.2417
 11
576.3452
 21
70.9419
 31
0.0
100
AcDbText
  0
TEXT
  5
357
330
17
100
AcDbEntity
  8
AVAN-YAZI
100
AcDbText
 10
606.0584
 20
65.5092
 30
0.0
 40
1.775
  1
SABİTLER A
  7
AVAN
 41
0.909
 11
606.0584
 21
65.5092
 31
0.0
100
AcDbText
  0
TEXT
  5
358
330
17
100
AcDbEntity
  8
AVAN-YAZI
100
AcDbText
 10
456.0583
 20
65.4386
 30
0.0
 40
2.109
  1
Lr
  7
AVAN
 41
1.0697
 11
456.0583
 21
65.4386
 31
0.0
100
AcDbText
  0
TEXT
  5
359
330
17
100
AcDbEntity
  8
AVAN-YAZI
100
AcDbText
 10
469.0583
 20
65.4386
 30
0.0
 40
2.109
  1
Kılavuz ray uzunluğu ( Hk − 0,20 )
  7
AVAN
 41
1.0729
 11
469.0583
 21
65.4386
 31
0.0
100
AcDbText
  0
TEXT
  5
35A
330
17
100
AcDbEntity
  8
AVAN-YAZI
100
AcDbText
 10
553.0583
 20
65.4386
 30
0.0
 40
2.109
  1
=
  7
AVAN
 41
1.4092
 11
553.0583
 21
65.4386
 31
0.0
100
AcDbText
  0
TEXT
  5
35B
330
17
100
AcDbEntity
  8
AVAN-YAZI
100
AcDbText
 10
588.0583
 20
65.4386
 30
0.0
 40
2.109
  1
m
  7
AVAN
 41
1.1486
 11
588.0583
 21
65.4386
 31
0.0
100
AcDbText
  0
TEXT
  5
35C
330
17
100
AcDbEntity
  8
AVAN-YAZI
100
AcDbText
 10
576.3452
 20
65.2975
 30
0.0
 40
2.212
  1
32,65
  7
AVAN-KALIN
 41
1.2417
 11
576.3452
 21
65.2975
 31
0.0
100
AcDbText
  0
TEXT
  5
35D
330
17
100
AcDbEntity
  8
AVAN-YAZI
100
AcDbText
 10
456.0583
 20
58.7182
 30
0.0
 40
2.16
  1
Mg = Lr · gr
  7
AVAN-KALIN
 41
1.2074
 11
456.0583
 21
58.7182
 31
0.0
100
AcDbText
  0
TEXT
  5
35E
330
17
100
AcDbEntity
  8
AVAN-YAZI
100
AcDbText
 10
606.0584
 20
53.7264
 30
0.0
 40
1.775
  1
bir ray hattının kütlesi
  7
AVAN
 41
1.036
 11
606.0584
 21
53.7264
 31
0.0
100
AcDbText
  0
TEXT
  5
35F
330
17
100
AcDbEntity
  8
AVAN-YAZI
100
AcDbText
 10
469.0583
 20
53.7088
 30
0.0
 40
2.109
  1
= 32,65 · 17,91
  7
AVAN
 41
1.1485
 11
469.0583
 21
53.7088
 31
0.0
100
AcDbText
  0
TEXT
  5
360
330
17
100
AcDbEntity
  8
AVAN-YAZI
100
AcDbText
 10
588.0583
 20
53.6558
 30
0.0
 40
2.109
  1
kg
  7
AVAN
 41
1.129
 11
588.0583
 21
53.6558
 31
0.0
100
AcDbText
  0
TEXT
  5
361
330
17
100
AcDbEntity
  8
AVAN-YAZI
100
AcDbText
 10
574.2343
 20
53.5147
 30
0.0
 40
2.212
  1
584,76
  7
AVAN-KALIN
 41
1.2394
 11
574.2343
 21
53.5147
 31
0.0
100
AcDbText
  0
TEXT
  5
362
330
17
100
AcDbEntity
  8
AVAN-YAZI
100
AcDbText
 10
456.0583
 20
46.7414
 30
0.0
 40
2.109
  1
A - KUYU ALT BOŞLUĞU TABANINA GELEN KUVVET ( kabin tamponu
  7
AVAN
 41
1.0261
 11
456.0583
 21
46.7414
 31
0.0
100
AcDbText
  0
TEXT
  5
363
330
17
100
AcDbEntity
  8
AVAN-YAZI
100
AcDbText
 10
456.0583
 20
42.7903
 30
0.0
 40
2.109
  1
altı )
  7
AVAN
 41
0.9177
 11
456.0583
 21
42.7903
 31
0.0
100
AcDbText
  0
TEXT
  5
364
330
17
100
AcDbEntity
  8
AVAN-YAZI
100
AcDbText
 10
456.0583
 20
35.8582
 30
0.0
 40
2.16
  1
P1 = 4 · gn · ( P + Q )
  7
AVAN-KALIN
 41
1.2222
 11
456.0583
 21
35.8582
 31
0.0
100
AcDbText
  0
TEXT
  5
365
330
17
100
AcDbEntity
  8
AVAN-YAZI
100
AcDbText
 10
469.0583
 20
30.8488
 30
0.0
 40
2.109
  1
= 4 · 9,81 · ( 829,14 + 800 )
  7
AVAN
 41
1.1526
 11
469.0583
 21
30.8488
 31
0.0
100
AcDbText
  0
TEXT
  5
366
330
17
100
AcDbEntity
  8
AVAN-YAZI
100
AcDbText
 10
588.0583
 20
30.7958
 30
0.0
 40
2.109
  1
N
  7
AVAN
 41
1.0176
 11
588.0583
 21
30.7958
 31
0.0
100
AcDbText
  0
TEXT
  5
367
330
17
100
AcDbEntity
  8
AVAN-YAZI
100
AcDbText
 10
574.2343
 20
30.6547
 30
0.0
 40
2.212
  1
63.930
  7
AVAN-KALIN
 41
1.2394
 11
574.2343
 21
30.6547
 31
0.0
100
AcDbText
  0
TEXT
  5
368
330
17
100
AcDbEntity
  8
AVAN-YAZI
100
AcDbText
 10
626.5146
 20
14.4
 30
0.0
 40
1.646
  1
Sayfa 1
  7
AVAN
 41
1.0886
 11
626.5146
 21
14.4
 31
0.0
100
AcDbText
  0
LWPOLYLINE
  5
369
330
17
100
AcDbEntity
  8
AVAN-A4
100
AcDbPolyline
 90
4
 70
1
 10
660.00001
 20
0.0
 10
870.0000133333333
 20
0.0
 10
870.0000133333333
 20
297.0000127777778
 10
660.00001
 20
297.0000127777778
  0
LINE
  5
36A
330
17
100
AcDbEntity
  8
AVAN-CIZGI
100
AcDbLine
 10
672.0
 20
12.0
 30
0.0
 11
858.0
 21
12.0
 31
0.0
  0
LINE
  5
36B
330
17
100
AcDbEntity
  8
AVAN-CIZGI
100
AcDbLine
 10
858.0
 20
12.0
 30
0.0
 11
858.0
 21
285.0
 31
0.0
  0
LINE
  5
36C
330
17
100
AcDbEntity
  8
AVAN-CIZGI
100
AcDbLine
 10
858.0
 20
285.0
 30
0.0
 11
672.0
 21
285.0
 31
0.0
  0
LINE
  5
36D
330
17
100
AcDbEntity
  8
AVAN-CIZGI
100
AcDbLine
 10
672.0
 20
285.0
 30
0.0
 11
672.0
 21
12.0
 31
0.0
  0
LINE
  5
36E
330
17
100
AcDbEntity
  8
AVAN-CIZGI
100
AcDbLine
 10
672.0
 20
273.6
 30
0.0
 11
858.0
 21
273.6
 31
0.0
  0
LINE
  5
36F
330
17
100
AcDbEntity
  8
AVAN-CIZGI
100
AcDbLine
 10
672.0
 20
19.0
 30
0.0
 11
858.0
 21
19.0
 31
0.0
  0
LINE
  5
370
330
17
100
AcDbEntity
  8
AVAN-CIZGI
100
AcDbLine
 10
675.0
 20
209.31
 30
0.0
 11
675.0
 21
266.8833
 31
0.0
  0
LINE
  5
371
330
17
100
AcDbEntity
  8
AVAN-CIZGI
100
AcDbLine
 10
855.0
 20
209.31
 30
0.0
 11
855.0
 21
266.8833
 31
0.0
  0
LINE
  5
372
330
17
100
AcDbEntity
  8
AVAN-CIZGI
100
AcDbLine
 10
675.0
 20
209.31
 30
0.0
 11
855.0
 21
209.31
 31
0.0
  0
LINE
  5
373
330
17
100
AcDbEntity
  8
AVAN-CIZGI
100
AcDbLine
 10
777.0
 20
209.31
 30
0.0
 11
777.0
 21
266.8833
 31
0.0
  0
LINE
  5
374
330
17
100
AcDbEntity
  8
AVAN-CIZGI
100
AcDbLine
 10
825.0
 20
209.31
 30
0.0
 11
825.0
 21
266.8833
 31
0.0
  0
LINE
  5
375
330
17
100
AcDbEntity
  8
AVAN-CIZGI
100
AcDbLine
 10
675.0
 20
266.8833
 30
0.0
 11
855.0
 21
266.8833
 31
0.0
  0
LINE
  5
376
330
17
100
AcDbEntity
  8
AVAN-CIZGI
100
AcDbLine
 10
675.0
 20
247.6922
 30
0.0
 11
855.0
 21
247.6922
 31
0.0
  0
LINE
  5
377
330
17
100
AcDbEntity
  8
AVAN-CIZGI
100
AcDbLine
 10
675.0
 20
228.5011
 30
0.0
 11
855.0
 21
228.5011
 31
0.0
  0
LINE
  5
378
330
17
100
AcDbEntity
  8
AVAN-CIZGI
100
AcDbLine
 10
675.0
 20
209.31
 30
0.0
 11
855.0
 21
209.31
 31
0.0
  0
LINE
  5
379
330
17
100
AcDbEntity
  8
AVAN-CIZGI
100
AcDbLine
 10
675.0
 20
209.31
 30
0.0
 11
855.0
 21
209.31
 31
0.0
  0
LINE
  5
37A
330
17
100
AcDbEntity
  8
AVAN-CIZGI
100
AcDbLine
 10
675.0
 20
190.1189
 30
0.0
 11
855.0
 21
190.1189
 31
0.0
  0
LINE
  5
37B
330
17
100
AcDbEntity
  8
AVAN-CIZGI
100
AcDbLine
 10
675.0
 20
190.1189
 30
0.0
 11
675.0
 21
209.31
 31
0.0
  0
LINE
  5
37C
330
17
100
AcDbEntity
  8
AVAN-CIZGI
100
AcDbLine
 10
855.0
 20
190.1189
 30
0.0
 11
855.0
 21
209.31
 31
0.0
  0
LINE
  5
37D
330
17
100
AcDbEntity
  8
AVAN-CIZGI
100
AcDbLine
 10
777.0
 20
190.1189
 30
0.0
 11
777.0
 21
209.31
 31
0.0
  0
LINE
  5
37E
330
17
100
AcDbEntity
  8
AVAN-CIZGI
100
AcDbLine
 10
825.0
 20
190.1189
 30
0.0
 11
825.0
 21
209.31
 31
0.0
  0
LINE
  5
37F
330
17
100
AcDbEntity
  8
AVAN-CIZGI
100
AcDbLine
 10
675.0
 20
190.1189
 30
0.0
 11
855.0
 21
190.1189
 31
0.0
  0
LINE
  5
380
330
17
100
AcDbEntity
  8
AVAN-CIZGI
100
AcDbLine
 10
675.0
 20
175.5589
 30
0.0
 11
855.0
 21
175.5589
 31
0.0
  0
LINE
  5
381
330
17
100
AcDbEntity
  8
AVAN-CIZGI
100
AcDbLine
 10
675.0
 20
168.715
 30
0.0
 11
855.0
 21
168.715
 31
0.0
  0
LINE
  5
382
330
17
100
AcDbEntity
  8
AVAN-CIZGI
100
AcDbLine
 10
675.0
 20
168.715
 30
0.0
 11
675.0
 21
175.5589
 31
0.0
  0
LINE
  5
383
330
17
100
AcDbEntity
  8
AVAN-CIZGI
100
AcDbLine
 10
855.0
 20
168.715
 30
0.0
 11
855.0
 21
175.5589
 31
0.0
  0
LINE
  5
384
330
17
100
AcDbEntity
  8
AVAN-CIZGI
100
AcDbLine
 10
675.0
 20
175.5589
 30
0.0
 11
855.0
 21
175.5589
 31
0.0
  0
LINE
  5
385
330
17
100
AcDbEntity
  8
AVAN-CIZGI
100
AcDbLine
 10
675.0
 20
168.715
 30
0.0
 11
855.0
 21
168.715
 31
0.0
  0
LINE
  5
386
330
17
100
AcDbEntity
  8
AVAN-CIZGI
100
AcDbLine
 10
675.0
 20
163.0705
 30
0.0
 11
855.0
 21
163.0705
 31
0.0
  0
LINE
  5
387
330
17
100
AcDbEntity
  8
AVAN-CIZGI
100
AcDbLine
 10
675.0
 20
163.0705
 30
0.0
 11
675.0
 21
168.715
 31
0.0
  0
LINE
  5
388
330
17
100
AcDbEntity
  8
AVAN-CIZGI
100
AcDbLine
 10
855.0
 20
163.0705
 30
0.0
 11
855.0
 21
168.715
 31
0.0
  0
LINE
  5
389
330
17
100
AcDbEntity
  8
AVAN-CIZGI
100
AcDbLine
 10
777.0
 20
163.0705
 30
0.0
 11
777.0
 21
168.715
 31
0.0
  0
LINE
  5
38A
330
17
100
AcDbEntity
  8
AVAN-CIZGI
100
AcDbLine
 10
825.0
 20
163.0705
 30
0.0
 11
825.0
 21
168.715
 31
0.0
  0
LINE
  5
38B
330
17
100
AcDbEntity
  8
AVAN-CIZGI
100
AcDbLine
 10
675.0
 20
163.0705
 30
0.0
 11
855.0
 21
163.0705
 31
0.0
  0
LINE
  5
38C
330
17
100
AcDbEntity
  8
AVAN-CIZGI
100
AcDbLine
 10
675.0
 20
163.0705
 30
0.0
 11
855.0
 21
163.0705
 31
0.0
  0
LINE
  5
38D
330
17
100
AcDbEntity
  8
AVAN-CIZGI
100
AcDbLine
 10
675.0
 20
87.5055
 30
0.0
 11
855.0
 21
87.5055
 31
0.0
  0
LINE
  5
38E
330
17
100
AcDbEntity
  8
AVAN-CIZGI
100
AcDbLine
 10
675.0
 20
87.5055
 30
0.0
 11
675.0
 21
163.0705
 31
0.0
  0
LINE
  5
38F
330
17
100
AcDbEntity
  8
AVAN-CIZGI
100
AcDbLine
 10
855.0
 20
87.5055
 30
0.0
 11
855.0
 21
163.0705
 31
0.0
  0
LINE
  5
390
330
17
100
AcDbEntity
  8
AVAN-CIZGI
100
AcDbLine
 10
777.0
 20
87.5055
 30
0.0
 11
777.0
 21
163.0705
 31
0.0
  0
LINE
  5
391
330
17
100
AcDbEntity
  8
AVAN-CIZGI
100
AcDbLine
 10
825.0
 20
87.5055
 30
0.0
 11
825.0
 21
163.0705
 31
0.0
  0
LINE
  5
392
330
17
100
AcDbEntity
  8
AVAN-CIZGI
100
AcDbLine
 10
675.0
 20
157.4261
 30
0.0
 11
855.0
 21
157.4261
 31
0.0
  0
LINE
  5
393
330
17
100
AcDbEntity
  8
AVAN-CIZGI
100
AcDbLine
 10
675.0
 20
151.7817
 30
0.0
 11
855.0
 21
151.7817
 31
0.0
  0
LINE
  5
394
330
17
100
AcDbEntity
  8
AVAN-CIZGI
100
AcDbLine
 10
675.0
 20
139.2933
 30
0.0
 11
855.0
 21
139.2933
 31
0.0
  0
LINE
  5
395
330
17
100
AcDbEntity
  8
AVAN-CIZGI
100
AcDbLine
 10
675.0
 20
133.6489
 30
0.0
 11
855.0
 21
133.6489
 31
0.0
  0
LINE
  5
396
330
17
100
AcDbEntity
  8
AVAN-CIZGI
100
AcDbLine
 10
675.0
 20
128.0044
 30
0.0
 11
855.0
 21
128.0044
 31
0.0
  0
LINE
  5
397
330
17
100
AcDbEntity
  8
AVAN-CIZGI
100
AcDbLine
 10
675.0
 20
122.36
 30
0.0
 11
855.0
 21
122.36
 31
0.0
  0
LINE
  5
398
330
17
100
AcDbEntity
  8
AVAN-CIZGI
100
AcDbLine
 10
675.0
 20
107.755
 30
0.0
 11
855.0
 21
107.755
 31
0.0
  0
LINE
  5
399
330
17
100
AcDbEntity
  8
AVAN-CIZGI
100
AcDbLine
 10
675.0
 20
102.1105
 30
0.0
 11
855.0
 21
102.1105
 31
0.0
  0
LINE
  5
39A
330
17
100
AcDbEntity
  8
AVAN-CIZGI
100
AcDbLine
 10
675.0
 20
87.5055
 30
0.0
 11
855.0
 21
87.5055
 31
0.0
  0
LINE
  5
39B
330
17
100
AcDbEntity
  8
AVAN-CIZGI
100
AcDbLine
 10
675.0
 20
87.5055
 30
0.0
 11
855.0
 21
87.5055
 31
0.0
  0
LINE
  5
39C
330
17
100
AcDbEntity
  8
AVAN-CIZGI
100
AcDbLine
 10
675.0
 20
81.8611
 30
0.0
 11
855.0
 21
81.8611
 31
0.0
  0
LINE
  5
39D
330
17
100
AcDbEntity
  8
AVAN-CIZGI
100
AcDbLine
 10
675.0
 20
81.8611
 30
0.0
 11
675.0
 21
87.5055
 31
0.0
  0
LINE
  5
39E
330
17
100
AcDbEntity
  8
AVAN-CIZGI
100
AcDbLine
 10
855.0
 20
81.8611
 30
0.0
 11
855.0
 21
87.5055
 31
0.0
  0
LINE
  5
39F
330
17
100
AcDbEntity
  8
AVAN-CIZGI
100
AcDbLine
 10
777.0
 20
81.8611
 30
0.0
 11
777.0
 21
87.5055
 31
0.0
  0
LINE
  5
3A0
330
17
100
AcDbEntity
  8
AVAN-CIZGI
100
AcDbLine
 10
825.0
 20
81.8611
 30
0.0
 11
825.0
 21
87.5055
 31
0.0
  0
LINE
  5
3A1
330
17
100
AcDbEntity
  8
AVAN-CIZGI
100
AcDbLine
 10
675.0
 20
81.8611
 30
0.0
 11
855.0
 21
81.8611
 31
0.0
  0
LINE
  5
3A2
330
17
100
AcDbEntity
  8
AVAN-CIZGI
100
AcDbLine
 10
675.0
 20
80.3611
 30
0.0
 11
855.0
 21
80.3611
 31
0.0
  0
LINE
  5
3A3
330
17
100
AcDbEntity
  8
AVAN-CIZGI
100
AcDbLine
 10
675.0
 20
73.1292
 30
0.0
 11
855.0
 21
73.1292
 31
0.0
  0
LINE
  5
3A4
330
17
100
AcDbEntity
  8
AVAN-CIZGI
100
AcDbLine
 10
675.0
 20
69.9292
 30
0.0
 11
855.0
 21
69.9292
 31
0.0
  0
LINE
  5
3A5
330
17
100
AcDbEntity
  8
AVAN-CIZGI
100
AcDbLine
 10
675.0
 20
63.0853
 30
0.0
 11
855.0
 21
63.0853
 31
0.0
  0
LINE
  5
3A6
330
17
100
AcDbEntity
  8
AVAN-CIZGI
100
AcDbLine
 10
675.0
 20
63.0853
 30
0.0
 11
675.0
 21
69.9292
 31
0.0
  0
LINE
  5
3A7
330
17
100
AcDbEntity
  8
AVAN-CIZGI
100
AcDbLine
 10
855.0
 20
63.0853
 30
0.0
 11
855.0
 21
69.9292
 31
0.0
  0
LINE
  5
3A8
330
17
100
AcDbEntity
  8
AVAN-CIZGI
100
AcDbLine
 10
675.0
 20
69.9292
 30
0.0
 11
855.0
 21
69.9292
 31
0.0
  0
LINE
  5
3A9
330
17
100
AcDbEntity
  8
AVAN-CIZGI
100
AcDbLine
 10
675.0
 20
63.0853
 30
0.0
 11
855.0
 21
63.0853
 31
0.0
  0
LINE
  5
3AA
330
17
100
AcDbEntity
  8
AVAN-CIZGI
100
AcDbLine
 10
675.0
 20
57.4408
 30
0.0
 11
855.0
 21
57.4408
 31
0.0
  0
LINE
  5
3AB
330
17
100
AcDbEntity
  8
AVAN-CIZGI
100
AcDbLine
 10
675.0
 20
57.4408
 30
0.0
 11
675.0
 21
63.0853
 31
0.0
  0
LINE
  5
3AC
330
17
100
AcDbEntity
  8
AVAN-CIZGI
100
AcDbLine
 10
855.0
 20
57.4408
 30
0.0
 11
855.0
 21
63.0853
 31
0.0
  0
LINE
  5
3AD
330
17
100
AcDbEntity
  8
AVAN-CIZGI
100
AcDbLine
 10
777.0
 20
57.4408
 30
0.0
 11
777.0
 21
63.0853
 31
0.0
  0
LINE
  5
3AE
330
17
100
AcDbEntity
  8
AVAN-CIZGI
100
AcDbLine
 10
825.0
 20
57.4408
 30
0.0
 11
825.0
 21
63.0853
 31
0.0
  0
LINE
  5
3AF
330
17
100
AcDbEntity
  8
AVAN-CIZGI
100
AcDbLine
 10
675.0
 20
57.4408
 30
0.0
 11
855.0
 21
57.4408
 31
0.0
  0
LINE
  5
3B0
330
17
100
AcDbEntity
  8
AVAN-CIZGI
100
AcDbLine
 10
675.0
 20
57.4408
 30
0.0
 11
855.0
 21
57.4408
 31
0.0
  0
LINE
  5
3B1
330
17
100
AcDbEntity
  8
AVAN-CIZGI
100
AcDbLine
 10
675.0
 20
28.0192
 30
0.0
 11
675.0
 21
57.4408
 31
0.0
  0
LINE
  5
3B2
330
17
100
AcDbEntity
  8
AVAN-CIZGI
100
AcDbLine
 10
855.0
 20
28.0192
 30
0.0
 11
855.0
 21
57.4408
 31
0.0
  0
LINE
  5
3B3
330
17
100
AcDbEntity
  8
AVAN-CIZGI
100
AcDbLine
 10
777.0
 20
28.0192
 30
0.0
 11
777.0
 21
57.4408
 31
0.0
  0
LINE
  5
3B4
330
17
100
AcDbEntity
  8
AVAN-CIZGI
100
AcDbLine
 10
825.0
 20
28.0192
 30
0.0
 11
825.0
 21
57.4408
 31
0.0
  0
LINE
  5
3B5
330
17
100
AcDbEntity
  8
AVAN-CIZGI
100
AcDbLine
 10
675.0
 20
51.7964
 30
0.0
 11
855.0
 21
51.7964
 31
0.0
  0
LINE
  5
3B6
330
17
100
AcDbEntity
  8
AVAN-CIZGI
100
AcDbLine
 10
675.0
 20
46.1519
 30
0.0
 11
855.0
 21
46.1519
 31
0.0
  0
LINE
  5
3B7
330
17
100
AcDbEntity
  8
AVAN-CIZGI
100
AcDbLine
 10
675.0
 20
33.6636
 30
0.0
 11
855.0
 21
33.6636
 31
0.0
  0
LINE
  5
3B8
330
17
100
AcDbEntity
  8
AVAN-CIZGI
100
AcDbLine
 10
675.0
 20
28.0192
 30
0.0
 11
855.0
 21
28.0192
 31
0.0
  0
TEXT
  5
3B9
330
17
100
AcDbEntity
  8
AVAN-YAZI
100
AcDbText
 10
724.0278
 20
276.8
 30
0.0
 40
3.086
  1
ASANSÖR AVAN PROJE HESAPLARI
  7
AVAN-KALIN
 41
1.066
 11
724.0278
 21
276.8
 31
0.0
100
AcDbText
  0
TEXT
  5
3BA
330
17
100
AcDbEntity
  8
AVAN-YAZI
100
AcDbText
 10
676.0583
 20
262.4383
 30
0.0
 40
2.109
  1
B - KARŞI AĞIRLIK TAMPONU ALTINDAKİ ZEMİNE GELEN KUVVET
  7
AVAN
 41
0.9666
 11
676.0583
 21
262.4383
 31
0.0
100
AcDbText
  0
TEXT
  5
3BB
330
17
100
AcDbEntity
  8
AVAN-YAZI
100
AcDbText
 10
676.0583
 20
255.3651
 30
0.0
 40
2.16
  1
P2 = 4 · gn · ( P + q · Q ) = 4 · gn · Ga
  7
AVAN-KALIN
 41
1.2183
 11
676.0583
 21
255.3651
 31
0.0
100
AcDbText
  0
TEXT
  5
3BC
330
17
100
AcDbEntity
  8
AVAN-YAZI
100
AcDbText
 10
689.0583
 20
250.3557
 30
0.0
 40
2.109
  1
= 4 · 9,81 · 1.229,14
  7
AVAN
 41
1.1423
 11
689.0583
 21
250.3557
 31
0.0
100
AcDbText
  0
TEXT
  5
3BD
330
17
100
AcDbEntity
  8
AVAN-YAZI
100
AcDbText
 10
808.0583
 20
250.3028
 30
0.0
 40
2.109
  1
N
  7
AVAN
 41
1.0176
 11
808.0583
 21
250.3028
 31
0.0
100
AcDbText
  0
TEXT
  5
3BE
330
17
100
AcDbEntity
  8
AVAN-YAZI
100
AcDbText
 10
794.2343
 20
250.1617
 30
0.0
 40
2.212
  1
48.240
  7
AVAN-KALIN
 41
1.2394
 11
794.2343
 21
250.1617
 31
0.0
100
AcDbText
  0
TEXT
  5
3BF
330
17
100
AcDbEntity
  8
AVAN-YAZI
100
AcDbText
 10
676.0583
 20
243.2472
 30
0.0
 40
2.109
  1
C - KABİN KILAVUZ RAYLARINA GELEN DÜŞEY KUVVET
  7
AVAN
 41
0.9739
 11
676.0583
 21
243.2472
 31
0.0
100
AcDbText
  0
TEXT
  5
3C0
330
17
100
AcDbEntity
  8
AVAN-YAZI
100
AcDbText
 10
676.0583
 20
236.174
 30
0.0
 40
2.16
  1
PR = k1 · gn · ( P + Q ) / n + Mg · gn
  7
AVAN-KALIN
 41
1.2097
 11
676.0583
 21
236.174
 31
0.0
100
AcDbText
  0
TEXT
  5
3C1
330
17
100
AcDbEntity
  8
AVAN-YAZI
100
AcDbText
 10
689.0583
 20
231.1646
 30
0.0
 40
2.109
  1
= 2 · 9,81 · ( 829,14 + 800 ) / 2 + 584,76 · 9,81
  7
AVAN
 41
1.1498
 11
689.0583
 21
231.1646
 31
0.0
100
AcDbText
  0
TEXT
  5
3C2
330
17
100
AcDbEntity
  8
AVAN-YAZI
100
AcDbText
 10
808.0583
 20
231.1117
 30
0.0
 40
2.109
  1
N
  7
AVAN
 41
1.0176
 11
808.0583
 21
231.1117
 31
0.0
100
AcDbText
  0
TEXT
  5
3C3
330
17
100
AcDbEntity
  8
AVAN-YAZI
100
AcDbText
 10
794.2343
 20
230.9706
 30
0.0
 40
2.212
  1
21.720
  7
AVAN-KALIN
 41
1.2394
 11
794.2343
 21
230.9706
 31
0.0
100
AcDbText
  0
TEXT
  5
3C4
330
17
100
AcDbEntity
  8
AVAN-YAZI
100
AcDbText
 10
676.0583
 20
224.0561
 30
0.0
 40
2.109
  1
D - KARŞI AĞIRLIK KILAVUZ RAYLARINA GELEN DÜŞEY KUVVET
  7
AVAN
 41
0.9883
 11
676.0583
 21
224.0561
 31
0.0
100
AcDbText
  0
TEXT
  5
3C5
330
17
100
AcDbEntity
  8
AVAN-YAZI
100
AcDbText
 10
676.0583
 20
216.9829
 30
0.0
 40
2.16
  1
PK = k1 · gn · Ga / n + Mg · gn
  7
AVAN-KALIN
 41
1.197
 11
676.0583
 21
216.9829
 31
0.0
100
AcDbText
  0
TEXT
  5
3C6
330
17
100
AcDbEntity
  8
AVAN-YAZI
100
AcDbText
 10
689.0583
 20
211.9735
 30
0.0
 40
2.109
  1
= 2 · 9,81 · 1.229,14 / 2 + 584,76 · 9,81
  7
AVAN
 41
1.144
 11
689.0583
 21
211.9735
 31
0.0
100
AcDbText
  0
TEXT
  5
3C7
330
17
100
AcDbEntity
  8
AVAN-YAZI
100
AcDbText
 10
808.0583
 20
211.9206
 30
0.0
 40
2.109
  1
N
  7
AVAN
 41
1.0176
 11
808.0583
 21
211.9206
 31
0.0
100
AcDbText
  0
TEXT
  5
3C8
330
17
100
AcDbEntity
  8
AVAN-YAZI
100
AcDbText
 10
794.2343
 20
211.7794
 30
0.0
 40
2.212
  1
17.800
  7
AVAN-KALIN
 41
1.2394
 11
794.2343
 21
211.7794
 31
0.0
100
AcDbText
  0
TEXT
  5
3C9
330
17
100
AcDbEntity
  8
AVAN-YAZI
100
AcDbText
 10
676.0583
 20
204.865
 30
0.0
 40
2.109
  1
E - KUYU ÜSTÜ BETONUNA ETKİ EDEN KUVVET
  7
AVAN
 41
0.9726
 11
676.0583
 21
204.865
 31
0.0
100
AcDbText
  0
TEXT
  5
3CA
330
17
100
AcDbEntity
  8
AVAN-YAZI
100
AcDbText
 10
676.0583
 20
197.7918
 30
0.0
 40
2.16
  1
Fs = gn · ( Fmk + Fsh + Fmt + P + Q + Ga )
  7
AVAN-KALIN
 41
1.2076
 11
676.0583
 21
197.7918
 31
0.0
100
AcDbText
  0
TEXT
  5
3CB
330
17
100
AcDbEntity
  8
AVAN-YAZI
100
AcDbText
 10
689.0583
 20
192.7824
 30
0.0
 40
2.109
  1
= 9,81 · ( 350 + 100 + 150 + 829,14 + 800 + 1.229,14 )
  7
AVAN
 41
1.1658
 11
689.0583
 21
192.7824
 31
0.0
100
AcDbText
  0
TEXT
  5
3CC
330
17
100
AcDbEntity
  8
AVAN-YAZI
100
AcDbText
 10
808.0583
 20
192.7294
 30
0.0
 40
2.109
  1
N
  7
AVAN
 41
1.0176
 11
808.0583
 21
192.7294
 31
0.0
100
AcDbText
  0
TEXT
  5
3CD
330
17
100
AcDbEntity
  8
AVAN-YAZI
100
AcDbText
 10
794.2343
 20
192.5883
 30
0.0
 40
2.212
  1
33.930
  7
AVAN-KALIN
 41
1.2394
 11
794.2343
 21
192.5883
 31
0.0
100
AcDbText
  0
TEXT
  5
3CE
330
17
100
AcDbEntity
  8
AVAN-YAZI
100
AcDbText
 10
677.1167
 20
186.3789
 30
0.0
 40
1.852
  1
▪ PR ve PK, MMO/697 §2.3.3 formülündeki Mg · gn ray kütlesi terimini içerir ( kitabın §4.3 örnek hesabı bu terimi ihmal etmiştir ).
  7
AVAN
 41
1.088
 11
677.1167
 21
186.3789
 31
0.0
100
AcDbText
  0
TEXT
  5
3CF
330
17
100
AcDbEntity
  8
AVAN-YAZI
100
AcDbText
 10
677.1167
 20
182.9922
 30
0.0
 40
1.852
  1
▪ Karşı ağırlıkta paraşüt ( fren ) bulunması hâlinde PK dikkate alınır.
  7
AVAN
 41
0.9846
 11
677.1167
 21
182.9922
 31
0.0
100
AcDbText
  0
TEXT
  5
3D0
330
17
100
AcDbEntity
  8
AVAN-YAZI
100
AcDbText
 10
677.1167
 20
179.6056
 30
0.0
 40
1.852
  1
▪ Kılavuz ray uzunluğu 40 m'yi aşarsa halat / kompanzasyon kuvveti Fp uygulama projesinde ayrıca hesaplanır ( MMO/697 s.20 ).
  7
AVAN
 41
1.0712
 11
677.1167
 21
179.6056
 31
0.0
100
AcDbText
  0
TEXT
  5
3D1
330
17
100
AcDbEntity
  8
AVAN-YAZI
100
AcDbText
 10
837.8424
 20
171.1315
 30
0.0
 40
1.903
  1
TS EN 81-20
  7
AVAN
 41
1.0479
 11
837.8424
 21
171.1315
 31
0.0
100
AcDbText
  0
TEXT
  5
3D2
330
17
100
AcDbEntity
  8
AVAN-YAZI
100
AcDbText
 10
676.0583
 20
171.008
 30
0.0
 40
2.443
  1
3 - KABİN AYDINLATMA HESABI
  7
AVAN-KALIN
 41
1.0761
 11
676.0583
 21
171.008
 31
0.0
100
AcDbText
  0
TEXT
  5
3D3
330
17
100
AcDbEntity
  8
AVAN-YAZI
100
AcDbText
 10
826.0584
 20
165.0461
 30
0.0
 40
1.775
  1
GİRİŞ
  7
AVAN
 41
0.6995
 11
826.0584
 21
165.0461
 31
0.0
100
AcDbText
  0
TEXT
  5
3D4
330
17
100
AcDbEntity
  8
AVAN-YAZI
100
AcDbText
 10
676.0583
 20
164.9755
 30
0.0
 40
2.109
  1
a
  7
AVAN
 41
1.0825
 11
676.0583
 21
164.9755
 31
0.0
100
AcDbText
  0
TEXT
  5
3D5
330
17
100
AcDbEntity
  8
AVAN-YAZI
100
AcDbText
 10
689.0583
 20
164.9755
 30
0.0
 40
2.109
  1
Kabin boyu
  7
AVAN
 41
1.1003
 11
689.0583
 21
164.9755
 31
0.0
100
AcDbText
  0
TEXT
  5
3D6
330
17
100
AcDbEntity
  8
AVAN-YAZI
100
AcDbText
 10
773.0583
 20
164.9755
 30
0.0
 40
2.109
  1
=
  7
AVAN
 41
1.4092
 11
773.0583
 21
164.9755
 31
0.0
100
AcDbText
  0
TEXT
  5
3D7
330
17
100
AcDbEntity
  8
AVAN-YAZI
100
AcDbText
 10
808.0583
 20
164.9755
 30
0.0
 40
2.109
  1
m
  7
AVAN
 41
1.1486
 11
808.0583
 21
164.9755
 31
0.0
100
AcDbText
  0
TEXT
  5
3D8
330
17
100
AcDbEntity
  8
AVAN-YAZI
100
AcDbText
 10
798.4562
 20
164.8344
 30
0.0
 40
2.212
  1
1,45
  7
AVAN-KALIN
 41
1.2453
 11
798.4562
 21
164.8344
 31
0.0
100
AcDbText
  0
TEXT
  5
3D9
330
17
100
AcDbEntity
  8
AVAN-YAZI
100
AcDbText
 10
826.0584
 20
159.4017
 30
0.0
 40
1.775
  1
GİRİŞ
  7
AVAN
 41
0.6995
 11
826.0584
 21
159.4017
 31
0.0
100
AcDbText
  0
TEXT
  5
3DA
330
17
100
AcDbEntity
  8
AVAN-YAZI
100
AcDbText
 10
676.0583
 20
159.3311
 30
0.0
 40
2.109
  1
b
  7
AVAN
 41
1.1213
 11
676.0583
 21
159.3311
 31
0.0
100
AcDbText
  0
TEXT
  5
3DB
330
17
100
AcDbEntity
  8
AVAN-YAZI
100
AcDbText
 10
689.0583
 20
159.3311
 30
0.0
 40
2.109
  1
Kabin genişliği
  7
AVAN
 41
1.0348
 11
689.0583
 21
159.3311
 31
0.0
100
AcDbText
  0
TEXT
  5
3DC
330
17
100
AcDbEntity
  8
AVAN-YAZI
100
AcDbText
 10
773.0583
 20
159.3311
 30
0.0
 40
2.109
  1
=
  7
AVAN
 41
1.4092
 11
773.0583
 21
159.3311
 31
0.0
100
AcDbText
  0
TEXT
  5
3DD
330
17
100
AcDbEntity
  8
AVAN-YAZI
100
AcDbText
 10
808.0583
 20
159.3311
 30
0.0
 40
2.109
  1
m
  7
AVAN
 41
1.1486
 11
808.0583
 21
159.3311
 31
0.0
100
AcDbText
  0
TEXT
  5
3DE
330
17
100
AcDbEntity
  8
AVAN-YAZI
100
AcDbText
 10
798.4562
 20
159.19
 30
0.0
 40
2.212
  1
1,30
  7
AVAN-KALIN
 41
1.2453
 11
798.4562
 21
159.19
 31
0.0
100
AcDbText
  0
TEXT
  5
3DF
330
17
100
AcDbEntity
  8
AVAN-YAZI
100
AcDbText
 10
826.0584
 20
153.7572
 30
0.0
 40
1.775
  1
SABİTLER A
  7
AVAN
 41
0.909
 11
826.0584
 21
153.7572
 31
0.0
100
AcDbText
  0
TEXT
  5
3E0
330
17
100
AcDbEntity
  8
AVAN-YAZI
100
AcDbText
 10
676.0583
 20
153.6867
 30
0.0
 40
2.109
  1
h
  7
AVAN
 41
1.1196
 11
676.0583
 21
153.6867
 31
0.0
100
AcDbText
  0
TEXT
  5
3E1
330
17
100
AcDbEntity
  8
AVAN-YAZI
100
AcDbText
 10
689.0583
 20
153.6867
 30
0.0
 40
2.109
  1
Armatür ile çalışma düzlemi arasındaki yükseklik
  7
AVAN
 41
1.0574
 11
689.0583
 21
153.6867
 31
0.0
100
AcDbText
  0
TEXT
  5
3E2
330
17
100
AcDbEntity
  8
AVAN-YAZI
100
AcDbText
 10
773.0583
 20
153.6867
 30
0.0
 40
2.109
  1
=
  7
AVAN
 41
1.4092
 11
773.0583
 21
153.6867
 31
0.0
100
AcDbText
  0
TEXT
  5
3E3
330
17
100
AcDbEntity
  8
AVAN-YAZI
100
AcDbText
 10
808.0583
 20
153.6867
 30
0.0
 40
2.109
  1
m
  7
AVAN
 41
1.1486
 11
808.0583
 21
153.6867
 31
0.0
100
AcDbText
  0
TEXT
  5
3E4
330
17
100
AcDbEntity
  8
AVAN-YAZI
100
AcDbText
 10
803.8307
 20
153.5455
 30
0.0
 40
2.212
  1
1
  7
AVAN-KALIN
 41
1.2291
 11
803.8307
 21
153.5455
 31
0.0
100
AcDbText
  0
TEXT
  5
3E5
330
17
100
AcDbEntity
  8
AVAN-YAZI
100
AcDbText
 10
676.0583
 20
146.9662
 30
0.0
 40
2.16
  1
k = a · b / ( h · ( a + b ) )
  7
AVAN-KALIN
 41
1.2508
 11
676.0583
 21
146.9662
 31
0.0
100
AcDbText
  0
TEXT
  5
3E6
330
17
100
AcDbEntity
  8
AVAN-YAZI
100
AcDbText
 10
826.0584
 20
141.9744
 30
0.0
 40
1.775
  1
bölge indeksi
  7
AVAN
 41
1.1161
 11
826.0584
 21
141.9744
 31
0.0
100
AcDbText
  0
TEXT
  5
3E7
330
17
100
AcDbEntity
  8
AVAN-YAZI
100
AcDbText
 10
689.0583
 20
141.9568
 30
0.0
 40
2.109
  1
= 1,45 · 1,30 / ( 1,00 · ( 1,45 + 1,30 ) )
  7
AVAN
 41
1.1468
 11
689.0583
 21
141.9568
 31
0.0
100
AcDbText
  0
TEXT
  5
3E8
330
17
100
AcDbEntity
  8
AVAN-YAZI
100
AcDbText
 10
808.0583
 20
141.9039
 30
0.0
 40
2.109
  1
—
  7
AVAN
 41
0.9822
 11
808.0583
 21
141.9039
 31
0.0
100
AcDbText
  0
TEXT
  5
3E9
330
17
100
AcDbEntity
  8
AVAN-YAZI
100
AcDbText
 10
794.2343
 20
141.7628
 30
0.0
 40
2.212
  1
0,6855
  7
AVAN-KALIN
 41
1.2394
 11
794.2343
 21
141.7628
 31
0.0
100
AcDbText
  0
TEXT
  5
3EA
330
17
100
AcDbEntity
  8
AVAN-YAZI
100
AcDbText
 10
826.0584
 20
135.6244
 30
0.0
 40
1.775
  1
TABLOLAR T2
  7
AVAN
 41
1.0053
 11
826.0584
 21
135.6244
 31
0.0
100
AcDbText
  0
TEXT
  5
3EB
330
17
100
AcDbEntity
  8
AVAN-YAZI
100
AcDbText
 10
676.0583
 20
135.5539
 30
0.0
 40
2.109
  1
η
  7
AVAN
 41
1.0323
 11
676.0583
 21
135.5539
 31
0.0
100
AcDbText
  0
TEXT
  5
3EC
330
17
100
AcDbEntity
  8
AVAN-YAZI
100
AcDbText
 10
689.0583
 20
135.5539
 30
0.0
 40
2.109
  1
Oda aydınlatma verimi
  7
AVAN
 41
1.0714
 11
689.0583
 21
135.5539
 31
0.0
100
AcDbText
  0
TEXT
  5
3ED
330
17
100
AcDbEntity
  8
AVAN-YAZI
100
AcDbText
 10
773.0583
 20
135.5539
 30
0.0
 40
2.109
  1
=
  7
AVAN
 41
1.4092
 11
773.0583
 21
135.5539
 31
0.0
100
AcDbText
  0
TEXT
  5
3EE
330
17
100
AcDbEntity
  8
AVAN-YAZI
100
AcDbText
 10
808.0583
 20
135.5539
 30
0.0
 40
2.109
  1
—
  7
AVAN
 41
0.9822
 11
808.0583
 21
135.5539
 31
0.0
100
AcDbText
  0
TEXT
  5
3EF
330
17
100
AcDbEntity
  8
AVAN-YAZI
100
AcDbText
 10
798.4562
 20
135.4128
 30
0.0
 40
2.212
  1
0,23
  7
AVAN-KALIN
 41
1.2453
 11
798.4562
 21
135.4128
 31
0.0
100
AcDbText
  0
TEXT
  5
3F0
330
17
100
AcDbEntity
  8
AVAN-YAZI
100
AcDbText
 10
826.0584
 20
129.98
 30
0.0
 40
1.775
  1
SABİTLER A
  7
AVAN
 41
0.909
 11
826.0584
 21
129.98
 31
0.0
100
AcDbText
  0
TEXT
  5
3F1
330
17
100
AcDbEntity
  8
AVAN-YAZI
100
AcDbText
 10
676.0583
 20
129.9094
 30
0.0
 40
2.109
  1
E
  7
AVAN
 41
0.9304
 11
676.0583
 21
129.9094
 31
0.0
100
AcDbText
  0
TEXT
  5
3F2
330
17
100
AcDbEntity
  8
AVAN-YAZI
100
AcDbText
 10
689.0583
 20
129.9094
 30
0.0
 40
2.109
  1
Asgari aydınlatma şiddeti
  7
AVAN
 41
1.0511
 11
689.0583
 21
129.9094
 31
0.0
100
AcDbText
  0
TEXT
  5
3F3
330
17
100
AcDbEntity
  8
AVAN-YAZI
100
AcDbText
 10
773.0583
 20
129.9094
 30
0.0
 40
2.109
  1
=
  7
AVAN
 41
1.4092
 11
773.0583
 21
129.9094
 31
0.0
100
AcDbText
  0
TEXT
  5
3F4
330
17
100
AcDbEntity
  8
AVAN-YAZI
100
AcDbText
 10
808.0583
 20
129.9094
 30
0.0
 40
2.109
  1
lüx
  7
AVAN
 41
1.1554
 11
808.0583
 21
129.9094
 31
0.0
100
AcDbText
  0
TEXT
  5
3F5
330
17
100
AcDbEntity
  8
AVAN-YAZI
100
AcDbText
 10
799.6087
 20
129.7683
 30
0.0
 40
2.212
  1
100
  7
AVAN-KALIN
 41
1.2291
 11
799.6087
 21
129.7683
 31
0.0
100
AcDbText
  0
TEXT
  5
3F6
330
17
100
AcDbEntity
  8
AVAN-YAZI
100
AcDbText
 10
826.0584
 20
124.3355
 30
0.0
 40
1.775
  1
SABİTLER A
  7
AVAN
 41
0.909
 11
826.0584
 21
124.3355
 31
0.0
100
AcDbText
  0
TEXT
  5
3F7
330
17
100
AcDbEntity
  8
AVAN-YAZI
100
AcDbText
 10
676.0583
 20
124.265
 30
0.0
 40
2.109
  1
d
  7
AVAN
 41
1.1213
 11
676.0583
 21
124.265
 31
0.0
100
AcDbText
  0
TEXT
  5
3F8
330
17
100
AcDbEntity
  8
AVAN-YAZI
100
AcDbText
 10
689.0583
 20
124.265
 30
0.0
 40
2.109
  1
Kirlenme ( bakım ) faktörü
  7
AVAN
 41
1.0803
 11
689.0583
 21
124.265
 31
0.0
100
AcDbText
  0
TEXT
  5
3F9
330
17
100
AcDbEntity
  8
AVAN-YAZI
100
AcDbText
 10
773.0583
 20
124.265
 30
0.0
 40
2.109
  1
=
  7
AVAN
 41
1.4092
 11
773.0583
 21
124.265
 31
0.0
100
AcDbText
  0
TEXT
  5
3FA
330
17
100
AcDbEntity
  8
AVAN-YAZI
100
AcDbText
 10
808.0583
 20
124.265
 30
0.0
 40
2.109
  1
—
  7
AVAN
 41
0.9822
 11
808.0583
 21
124.265
 31
0.0
100
AcDbText
  0
TEXT
  5
3FB
330
17
100
AcDbEntity
  8
AVAN-YAZI
100
AcDbText
 10
798.4562
 20
124.1239
 30
0.0
 40
2.212
  1
1,25
  7
AVAN-KALIN
 41
1.2453
 11
798.4562
 21
124.1239
 31
0.0
100
AcDbText
  0
TEXT
  5
3FC
330
17
100
AcDbEntity
  8
AVAN-YAZI
100
AcDbText
 10
676.0583
 20
117.5446
 30
0.0
 40
2.16
  1
T = E · a · b · d / η
  7
AVAN-KALIN
 41
1.2083
 11
676.0583
 21
117.5446
 31
0.0
100
AcDbText
  0
TEXT
  5
3FD
330
17
100
AcDbEntity
  8
AVAN-YAZI
100
AcDbText
 10
826.0584
 20
113.0819
 30
0.0
 40
1.775
  1
gerekli toplam ışık
  7
AVAN
 41
0.9738
 11
826.0584
 21
113.0819
 31
0.0
100
AcDbText
  0
TEXT
  5
3FE
330
17
100
AcDbEntity
  8
AVAN-YAZI
100
AcDbText
 10
689.0583
 20
111.4768
 30
0.0
 40
2.109
  1
= 100 · 1,45 · 1,30 · 1,25 / 0,23
  7
AVAN
 41
1.1372
 11
689.0583
 21
111.4768
 31
0.0
100
AcDbText
  0
TEXT
  5
3FF
330
17
100
AcDbEntity
  8
AVAN-YAZI
100
AcDbText
 10
808.0583
 20
111.4239
 30
0.0
 40
2.109
  1
lm
  7
AVAN
 41
1.1655
 11
808.0583
 21
111.4239
 31
0.0
100
AcDbText
  0
TEXT
  5
400
330
17
100
AcDbEntity
  8
AVAN-YAZI
100
AcDbText
 10
790.9708
 20
111.2828
 30
0.0
 40
2.212
  1
1.024,46
  7
AVAN-KALIN
 41
1.2453
 11
790.9708
 21
111.2828
 31
0.0
100
AcDbText
  0
TEXT
  5
401
330
17
100
AcDbEntity
  8
AVAN-YAZI
100
AcDbText
 10
826.0584
 20
109.9069
 30
0.0
 40
1.775
  1
akısı
  7
AVAN
 41
0.7239
 11
826.0584
 21
109.9069
 31
0.0
100
AcDbText
  0
TEXT
  5
402
330
17
100
AcDbEntity
  8
AVAN-YAZI
100
AcDbText
 10
826.0584
 20
104.0861
 30
0.0
 40
1.775
  1
SABİTLER B
  7
AVAN
 41
0.9093
 11
826.0584
 21
104.0861
 31
0.0
100
AcDbText
  0
TEXT
  5
403
330
17
100
AcDbEntity
  8
AVAN-YAZI
100
AcDbText
 10
676.0583
 20
104.0155
 30
0.0
 40
2.109
  1
ØL
  7
AVAN
 41
0.9897
 11
676.0583
 21
104.0155
 31
0.0
100
AcDbText
  0
TEXT
  5
404
330
17
100
AcDbEntity
  8
AVAN-YAZI
100
AcDbText
 10
689.0583
 20
104.0155
 30
0.0
 40
2.109
  1
Bir armatürün ışık akısı
  7
AVAN
 41
0.9109
 11
689.0583
 21
104.0155
 31
0.0
100
AcDbText
  0
TEXT
  5
405
330
17
100
AcDbEntity
  8
AVAN-YAZI
100
AcDbText
 10
773.0583
 20
104.0155
 30
0.0
 40
2.109
  1
=
  7
AVAN
 41
1.4092
 11
773.0583
 21
104.0155
 31
0.0
100
AcDbText
  0
TEXT
  5
406
330
17
100
AcDbEntity
  8
AVAN-YAZI
100
AcDbText
 10
808.0583
 20
104.0155
 30
0.0
 40
2.109
  1
lm
  7
AVAN
 41
1.1655
 11
808.0583
 21
104.0155
 31
0.0
100
AcDbText
  0
TEXT
  5
407
330
17
100
AcDbEntity
  8
AVAN-YAZI
100
AcDbText
 10
799.6087
 20
103.8744
 30
0.0
 40
2.212
  1
300
  7
AVAN-KALIN
 41
1.2291
 11
799.6087
 21
103.8744
 31
0.0
100
AcDbText
  0
TEXT
  5
408
330
17
100
AcDbEntity
  8
AVAN-YAZI
100
AcDbText
 10
676.0583
 20
97.2951
 30
0.0
 40
2.16
  1
Z = T / ØL
  7
AVAN-KALIN
 41
1.1761
 11
676.0583
 21
97.2951
 31
0.0
100
AcDbText
  0
TEXT
  5
409
330
17
100
AcDbEntity
  8
AVAN-YAZI
100
AcDbText
 10
826.0584
 20
92.8325
 30
0.0
 40
1.775
  1
hesaplanan armatür
  7
AVAN
 41
1.1215
 11
826.0584
 21
92.8325
 31
0.0
100
AcDbText
  0
TEXT
  5
40A
330
17
100
AcDbEntity
  8
AVAN-YAZI
100
AcDbText
 10
689.0583
 20
91.2273
 30
0.0
 40
2.109
  1
= 1.024,46 / 300
  7
AVAN
 41
1.1492
 11
689.0583
 21
91.2273
 31
0.0
100
AcDbText
  0
TEXT
  5
40B
330
17
100
AcDbEntity
  8
AVAN-YAZI
100
AcDbText
 10
808.0583
 20
91.1744
 30
0.0
 40
2.109
  1
adet
  7
AVAN
 41
1.1381
 11
808.0583
 21
91.1744
 31
0.0
100
AcDbText
  0
TEXT
  5
40C
330
17
100
AcDbEntity
  8
AVAN-YAZI
100
AcDbText
 10
798.4562
 20
91.0333
 30
0.0
 40
2.212
  1
3,41
  7
AVAN-KALIN
 41
1.2453
 11
798.4562
 21
91.0333
 31
0.0
100
AcDbText
  0
TEXT
  5
40D
330
17
100
AcDbEntity
  8
AVAN-YAZI
100
AcDbText
 10
826.0584
 20
89.6575
 30
0.0
 40
1.775
  1
sayısı
  7
AVAN
 41
0.7692
 11
826.0584
 21
89.6575
 31
0.0
100
AcDbText
  0
TEXT
  5
40E
330
17
100
AcDbEntity
  8
AVAN-YAZI
100
AcDbText
 10
676.0583
 20
83.7661
 30
0.0
 40
2.109
  1
n
  7
AVAN
 41
1.1196
 11
676.0583
 21
83.7661
 31
0.0
100
AcDbText
  0
TEXT
  5
40F
330
17
100
AcDbEntity
  8
AVAN-YAZI
100
AcDbText
 10
689.0583
 20
83.7661
 30
0.0
 40
2.109
  1
SEÇİLEN armatür sayısı ( Z yukarı yuvarlanır )
  7
AVAN
 41
0.9741
 11
689.0583
 21
83.7661
 31
0.0
100
AcDbText
  0
TEXT
  5
410
330
17
100
AcDbEntity
  8
AVAN-YAZI
100
AcDbText
 10
773.0583
 20
83.7661
 30
0.0
 40
2.109
  1
=
  7
AVAN
 41
1.4092
 11
773.0583
 21
83.7661
 31
0.0
100
AcDbText
  0
TEXT
  5
411
330
17
100
AcDbEntity
  8
AVAN-YAZI
100
AcDbText
 10
808.0583
 20
83.7661
 30
0.0
 40
2.109
  1
adet
  7
AVAN
 41
1.1381
 11
808.0583
 21
83.7661
 31
0.0
100
AcDbText
  0
TEXT
  5
412
330
17
100
AcDbEntity
  8
AVAN-YAZI
100
AcDbText
 10
803.8307
 20
83.625
 30
0.0
 40
2.212
  1
4
  7
AVAN-KALIN
 41
1.2291
 11
803.8307
 21
83.625
 31
0.0
100
AcDbText
  0
TEXT
  5
413
330
17
100
AcDbEntity
  8
AVAN-YAZI
100
AcDbText
 10
675.7056
 20
75.775
 30
0.0
 40
2.315
  1
SONUÇ
  7
AVAN-KALIN
 41
1.0752
 11
675.7056
 21
75.775
 31
0.0
100
AcDbText
  0
TEXT
  5
414
330
17
100
AcDbEntity
  8
AVAN-YAZI
100
AcDbText
 10
727.7056
 20
75.775
 30
0.0
 40
2.315
  1
4 adet 5 W armatür kullanılacaktır.
  7
AVAN-KALIN
 41
1.1339
 11
727.7056
 21
75.775
 31
0.0
100
AcDbText
  0
TEXT
  5
415
330
17
100
AcDbEntity
  8
AVAN-YAZI
100
AcDbText
 10
837.8424
 20
65.5018
 30
0.0
 40
1.903
  1
TS EN 81-20
  7
AVAN
 41
1.0479
 11
837.8424
 21
65.5018
 31
0.0
100
AcDbText
  0
TEXT
  5
416
330
17
100
AcDbEntity
  8
AVAN-YAZI
100
AcDbText
 10
676.0583
 20
65.3783
 30
0.0
 40
2.443
  1
4 - KUYU AYDINLATMA HESABI
  7
AVAN-KALIN
 41
1.1081
 11
676.0583
 21
65.3783
 31
0.0
100
AcDbText
  0
TEXT
  5
417
330
17
100
AcDbEntity
  8
AVAN-YAZI
100
AcDbText
 10
826.0584
 20
59.4164
 30
0.0
 40
1.775
  1
GİRİŞ
  7
AVAN
 41
0.6995
 11
826.0584
 21
59.4164
 31
0.0
100
AcDbText
  0
TEXT
  5
418
330
17
100
AcDbEntity
  8
AVAN-YAZI
100
AcDbText
 10
676.0583
 20
59.3458
 30
0.0
 40
2.109
  1
a
  7
AVAN
 41
1.0825
 11
676.0583
 21
59.3458
 31
0.0
100
AcDbText
  0
TEXT
  5
419
330
17
100
AcDbEntity
  8
AVAN-YAZI
100
AcDbText
 10
689.0583
 20
59.3458
 30
0.0
 40
2.109
  1
Kuyu yüksekliği ( kuyu boyu )
  7
AVAN
 41
1.1039
 11
689.0583
 21
59.3458
 31
0.0
100
AcDbText
  0
TEXT
  5
41A
330
17
100
AcDbEntity
  8
AVAN-YAZI
100
AcDbText
 10
773.0583
 20
59.3458
 30
0.0
 40
2.109
  1
=
  7
AVAN
 41
1.4092
 11
773.0583
 21
59.3458
 31
0.0
100
AcDbText
  0
TEXT
  5
41B
330
17
100
AcDbEntity
  8
AVAN-YAZI
100
AcDbText
 10
808.0583
 20
59.3458
 30
0.0
 40
2.109
  1
m
  7
AVAN
 41
1.1486
 11
808.0583
 21
59.3458
 31
0.0
100
AcDbText
  0
TEXT
  5
41C
330
17
100
AcDbEntity
  8
AVAN-YAZI
100
AcDbText
 10
796.3452
 20
59.2047
 30
0.0
 40
2.212
  1
32,85
  7
AVAN-KALIN
 41
1.2417
 11
796.3452
 21
59.2047
 31
0.0
100
AcDbText
  0
TEXT
  5
41D
330
17
100
AcDbEntity
  8
AVAN-YAZI
100
AcDbText
 10
826.0584
 20
53.7719
 30
0.0
 40
1.775
  1
GİRİŞ
  7
AVAN
 41
0.6995
 11
826.0584
 21
53.7719
 31
0.0
100
AcDbText
  0
TEXT
  5
41E
330
17
100
AcDbEntity
  8
AVAN-YAZI
100
AcDbText
 10
676.0583
 20
53.7014
 30
0.0
 40
2.109
  1
b
  7
AVAN
 41
1.1213
 11
676.0583
 21
53.7014
 31
0.0
100
AcDbText
  0
TEXT
  5
41F
330
17
100
AcDbEntity
  8
AVAN-YAZI
100
AcDbText
 10
689.0583
 20
53.7014
 30
0.0
 40
2.109
  1
Kuyu genişliği
  7
AVAN
 41
1.0338
 11
689.0583
 21
53.7014
 31
0.0
100
AcDbText
  0
TEXT
  5
420
330
17
100
AcDbEntity
  8
AVAN-YAZI
100
AcDbText
 10
773.0583
 20
53.7014
 30
0.0
 40
2.109
  1
=
  7
AVAN
 41
1.4092
 11
773.0583
 21
53.7014
 31
0.0
100
AcDbText
  0
TEXT
  5
421
330
17
100
AcDbEntity
  8
AVAN-YAZI
100
AcDbText
 10
808.0583
 20
53.7014
 30
0.0
 40
2.109
  1
m
  7
AVAN
 41
1.1486
 11
808.0583
 21
53.7014
 31
0.0
100
AcDbText
  0
TEXT
  5
422
330
17
100
AcDbEntity
  8
AVAN-YAZI
100
AcDbText
 10
798.4562
 20
53.5603
 30
0.0
 40
2.212
  1
1,80
  7
AVAN-KALIN
 41
1.2453
 11
798.4562
 21
53.5603
 31
0.0
100
AcDbText
  0
TEXT
  5
423
330
17
100
AcDbEntity
  8
AVAN-YAZI
100
AcDbText
 10
826.0584
 20
48.1275
 30
0.0
 40
1.775
  1
SABİTLER A
  7
AVAN
 41
0.909
 11
826.0584
 21
48.1275
 31
0.0
100
AcDbText
  0
TEXT
  5
424
330
17
100
AcDbEntity
  8
AVAN-YAZI
100
AcDbText
 10
676.0583
 20
48.0569
 30
0.0
 40
2.109
  1
h
  7
AVAN
 41
1.1196
 11
676.0583
 21
48.0569
 31
0.0
100
AcDbText
  0
TEXT
  5
425
330
17
100
AcDbEntity
  8
AVAN-YAZI
100
AcDbText
 10
689.0583
 20
48.0569
 30
0.0
 40
2.109
  1
Armatür ile çalışma düzlemi arasındaki yükseklik
  7
AVAN
 41
1.0574
 11
689.0583
 21
48.0569
 31
0.0
100
AcDbText
  0
TEXT
  5
426
330
17
100
AcDbEntity
  8
AVAN-YAZI
100
AcDbText
 10
773.0583
 20
48.0569
 30
0.0
 40
2.109
  1
=
  7
AVAN
 41
1.4092
 11
773.0583
 21
48.0569
 31
0.0
100
AcDbText
  0
TEXT
  5
427
330
17
100
AcDbEntity
  8
AVAN-YAZI
100
AcDbText
 10
808.0583
 20
48.0569
 30
0.0
 40
2.109
  1
m
  7
AVAN
 41
1.1486
 11
808.0583
 21
48.0569
 31
0.0
100
AcDbText
  0
TEXT
  5
428
330
17
100
AcDbEntity
  8
AVAN-YAZI
100
AcDbText
 10
803.8307
 20
47.9158
 30
0.0
 40
2.212
  1
1
  7
AVAN-KALIN
 41
1.2291
 11
803.8307
 21
47.9158
 31
0.0
100
AcDbText
  0
TEXT
  5
429
330
17
100
AcDbEntity
  8
AVAN-YAZI
100
AcDbText
 10
676.0583
 20
41.3365
 30
0.0
 40
2.16
  1
k = a · b / ( h · ( a + b ) )
  7
AVAN-KALIN
 41
1.2508
 11
676.0583
 21
41.3365
 31
0.0
100
AcDbText
  0
TEXT
  5
42A
330
17
100
AcDbEntity
  8
AVAN-YAZI
100
AcDbText
 10
826.0584
 20
36.3447
 30
0.0
 40
1.775
  1
bölge indeksi
  7
AVAN
 41
1.1161
 11
826.0584
 21
36.3447
 31
0.0
100
AcDbText
  0
TEXT
  5
42B
330
17
100
AcDbEntity
  8
AVAN-YAZI
100
AcDbText
 10
689.0583
 20
36.3271
 30
0.0
 40
2.109
  1
= 32,85 · 1,80 / ( 1,00 · ( 32,85 + 1,80 ) )
  7
AVAN
 41
1.1454
 11
689.0583
 21
36.3271
 31
0.0
100
AcDbText
  0
TEXT
  5
42C
330
17
100
AcDbEntity
  8
AVAN-YAZI
100
AcDbText
 10
808.0583
 20
36.2742
 30
0.0
 40
2.109
  1
—
  7
AVAN
 41
0.9822
 11
808.0583
 21
36.2742
 31
0.0
100
AcDbText
  0
TEXT
  5
42D
330
17
100
AcDbEntity
  8
AVAN-YAZI
100
AcDbText
 10
794.2343
 20
36.1331
 30
0.0
 40
2.212
  1
1,7065
  7
AVAN-KALIN
 41
1.2394
 11
794.2343
 21
36.1331
 31
0.0
100
AcDbText
  0
TEXT
  5
42E
330
17
100
AcDbEntity
  8
AVAN-YAZI
100
AcDbText
 10
826.0584
 20
29.9947
 30
0.0
 40
1.775
  1
TABLOLAR T2
  7
AVAN
 41
1.0053
 11
826.0584
 21
29.9947
 31
0.0
100
AcDbText
  0
TEXT
  5
42F
330
17
100
AcDbEntity
  8
AVAN-YAZI
100
AcDbText
 10
676.0583
 20
29.9242
 30
0.0
 40
2.109
  1
η
  7
AVAN
 41
1.0323
 11
676.0583
 21
29.9242
 31
0.0
100
AcDbText
  0
TEXT
  5
430
330
17
100
AcDbEntity
  8
AVAN-YAZI
100
AcDbText
 10
689.0583
 20
29.9242
 30
0.0
 40
2.109
  1
Oda aydınlatma verimi
  7
AVAN
 41
1.0714
 11
689.0583
 21
29.9242
 31
0.0
100
AcDbText
  0
TEXT
  5
431
330
17
100
AcDbEntity
  8
AVAN-YAZI
100
AcDbText
 10
773.0583
 20
29.9242
 30
0.0
 40
2.109
  1
=
  7
AVAN
 41
1.4092
 11
773.0583
 21
29.9242
 31
0.0
100
AcDbText
  0
TEXT
  5
432
330
17
100
AcDbEntity
  8
AVAN-YAZI
100
AcDbText
 10
808.0583
 20
29.9242
 30
0.0
 40
2.109
  1
—
  7
AVAN
 41
0.9822
 11
808.0583
 21
29.9242
 31
0.0
100
AcDbText
  0
TEXT
  5
433
330
17
100
AcDbEntity
  8
AVAN-YAZI
100
AcDbText
 10
798.4562
 20
29.7831
 30
0.0
 40
2.212
  1
0,41
  7
AVAN-KALIN
 41
1.2453
 11
798.4562
 21
29.7831
 31
0.0
100
AcDbText
  0
TEXT
  5
434
330
17
100
AcDbEntity
  8
AVAN-YAZI
100
AcDbText
 10
846.5146
 20
14.4
 30
0.0
 40
1.646
  1
Sayfa 2
  7
AVAN
 41
1.0886
 11
846.5146
 21
14.4
 31
0.0
100
AcDbText
  0
LWPOLYLINE
  5
435
330
17
100
AcDbEntity
  8
AVAN-A4
100
AcDbPolyline
 90
4
 70
1
 10
880.0000133333333
 20
0.0
 10
1090.0000166666666
 20
0.0
 10
1090.0000166666666
 20
297.0000127777778
 10
880.0000133333333
 20
297.0000127777778
  0
LINE
  5
436
330
17
100
AcDbEntity
  8
AVAN-CIZGI
100
AcDbLine
 10
892.0
 20
12.0
 30
0.0
 11
1078.0
 21
12.0
 31
0.0
  0
LINE
  5
437
330
17
100
AcDbEntity
  8
AVAN-CIZGI
100
AcDbLine
 10
1078.0
 20
12.0
 30
0.0
 11
1078.0
 21
285.0
 31
0.0
  0
LINE
  5
438
330
17
100
AcDbEntity
  8
AVAN-CIZGI
100
AcDbLine
 10
1078.0
 20
285.0
 30
0.0
 11
892.0
 21
285.0
 31
0.0
  0
LINE
  5
439
330
17
100
AcDbEntity
  8
AVAN-CIZGI
100
AcDbLine
 10
892.0
 20
285.0
 30
0.0
 11
892.0
 21
12.0
 31
0.0
  0
LINE
  5
43A
330
17
100
AcDbEntity
  8
AVAN-CIZGI
100
AcDbLine
 10
892.0
 20
273.6
 30
0.0
 11
1078.0
 21
273.6
 31
0.0
  0
LINE
  5
43B
330
17
100
AcDbEntity
  8
AVAN-CIZGI
100
AcDbLine
 10
892.0
 20
19.0
 30
0.0
 11
1078.0
 21
19.0
 31
0.0
  0
LINE
  5
43C
330
17
100
AcDbEntity
  8
AVAN-CIZGI
100
AcDbLine
 10
895.0
 20
196.9628
 30
0.0
 11
895.0
 21
266.8833
 31
0.0
  0
LINE
  5
43D
330
17
100
AcDbEntity
  8
AVAN-CIZGI
100
AcDbLine
 10
1075.0
 20
196.9628
 30
0.0
 11
1075.0
 21
266.8833
 31
0.0
  0
LINE
  5
43E
330
17
100
AcDbEntity
  8
AVAN-CIZGI
100
AcDbLine
 10
895.0
 20
196.9628
 30
0.0
 11
1075.0
 21
196.9628
 31
0.0
  0
LINE
  5
43F
330
17
100
AcDbEntity
  8
AVAN-CIZGI
100
AcDbLine
 10
997.0
 20
196.9628
 30
0.0
 11
997.0
 21
266.8833
 31
0.0
  0
LINE
  5
440
330
17
100
AcDbEntity
  8
AVAN-CIZGI
100
AcDbLine
 10
1045.0
 20
196.9628
 30
0.0
 11
1045.0
 21
266.8833
 31
0.0
  0
LINE
  5
441
330
17
100
AcDbEntity
  8
AVAN-CIZGI
100
AcDbLine
 10
895.0
 20
266.8833
 30
0.0
 11
1075.0
 21
266.8833
 31
0.0
  0
LINE
  5
442
330
17
100
AcDbEntity
  8
AVAN-CIZGI
100
AcDbLine
 10
895.0
 20
261.2389
 30
0.0
 11
1075.0
 21
261.2389
 31
0.0
  0
LINE
  5
443
330
17
100
AcDbEntity
  8
AVAN-CIZGI
100
AcDbLine
 10
895.0
 20
255.5944
 30
0.0
 11
1075.0
 21
255.5944
 31
0.0
  0
LINE
  5
444
330
17
100
AcDbEntity
  8
AVAN-CIZGI
100
AcDbLine
 10
895.0
 20
240.9894
 30
0.0
 11
1075.0
 21
240.9894
 31
0.0
  0
LINE
  5
445
330
17
100
AcDbEntity
  8
AVAN-CIZGI
100
AcDbLine
 10
895.0
 20
235.345
 30
0.0
 11
1075.0
 21
235.345
 31
0.0
  0
LINE
  5
446
330
17
100
AcDbEntity
  8
AVAN-CIZGI
100
AcDbLine
 10
895.0
 20
220.74
 30
0.0
 11
1075.0
 21
220.74
 31
0.0
  0
LINE
  5
447
330
17
100
AcDbEntity
  8
AVAN-CIZGI
100
AcDbLine
 10
895.0
 20
215.0956
 30
0.0
 11
1075.0
 21
215.0956
 31
0.0
  0
LINE
  5
448
330
17
100
AcDbEntity
  8
AVAN-CIZGI
100
AcDbLine
 10
895.0
 20
209.4511
 30
0.0
 11
1075.0
 21
209.4511
 31
0.0
  0
LINE
  5
449
330
17
100
AcDbEntity
  8
AVAN-CIZGI
100
AcDbLine
 10
895.0
 20
196.9628
 30
0.0
 11
1075.0
 21
196.9628
 31
0.0
  0
LINE
  5
44A
330
17
100
AcDbEntity
  8
AVAN-CIZGI
100
AcDbLine
 10
895.0
 20
196.9628
 30
0.0
 11
1075.0
 21
196.9628
 31
0.0
  0
LINE
  5
44B
330
17
100
AcDbEntity
  8
AVAN-CIZGI
100
AcDbLine
 10
895.0
 20
191.3183
 30
0.0
 11
1075.0
 21
191.3183
 31
0.0
  0
LINE
  5
44C
330
17
100
AcDbEntity
  8
AVAN-CIZGI
100
AcDbLine
 10
895.0
 20
191.3183
 30
0.0
 11
895.0
 21
196.9628
 31
0.0
  0
LINE
  5
44D
330
17
100
AcDbEntity
  8
AVAN-CIZGI
100
AcDbLine
 10
1075.0
 20
191.3183
 30
0.0
 11
1075.0
 21
196.9628
 31
0.0
  0
LINE
  5
44E
330
17
100
AcDbEntity
  8
AVAN-CIZGI
100
AcDbLine
 10
997.0
 20
191.3183
 30
0.0
 11
997.0
 21
196.9628
 31
0.0
  0
LINE
  5
44F
330
17
100
AcDbEntity
  8
AVAN-CIZGI
100
AcDbLine
 10
1045.0
 20
191.3183
 30
0.0
 11
1045.0
 21
196.9628
 31
0.0
  0
LINE
  5
450
330
17
100
AcDbEntity
  8
AVAN-CIZGI
100
AcDbLine
 10
895.0
 20
191.3183
 30
0.0
 11
1075.0
 21
191.3183
 31
0.0
  0
LINE
  5
451
330
17
100
AcDbEntity
  8
AVAN-CIZGI
100
AcDbLine
 10
895.0
 20
189.8183
 30
0.0
 11
1075.0
 21
189.8183
 31
0.0
  0
LINE
  5
452
330
17
100
AcDbEntity
  8
AVAN-CIZGI
100
AcDbLine
 10
895.0
 20
182.5864
 30
0.0
 11
1075.0
 21
182.5864
 31
0.0
  0
LINE
  5
453
330
17
100
AcDbEntity
  8
AVAN-CIZGI
100
AcDbLine
 10
895.0
 20
179.3864
 30
0.0
 11
1075.0
 21
179.3864
 31
0.0
  0
LINE
  5
454
330
17
100
AcDbEntity
  8
AVAN-CIZGI
100
AcDbLine
 10
895.0
 20
172.5425
 30
0.0
 11
1075.0
 21
172.5425
 31
0.0
  0
LINE
  5
455
330
17
100
AcDbEntity
  8
AVAN-CIZGI
100
AcDbLine
 10
895.0
 20
172.5425
 30
0.0
 11
895.0
 21
179.3864
 31
0.0
  0
LINE
  5
456
330
17
100
AcDbEntity
  8
AVAN-CIZGI
100
AcDbLine
 10
1075.0
 20
172.5425
 30
0.0
 11
1075.0
 21
179.3864
 31
0.0
  0
LINE
  5
457
330
17
100
AcDbEntity
  8
AVAN-CIZGI
100
AcDbLine
 10
895.0
 20
179.3864
 30
0.0
 11
1075.0
 21
179.3864
 31
0.0
  0
LINE
  5
458
330
17
100
AcDbEntity
  8
AVAN-CIZGI
100
AcDbLine
 10
895.0
 20
172.5425
 30
0.0
 11
1075.0
 21
172.5425
 31
0.0
  0
LINE
  5
459
330
17
100
AcDbEntity
  8
AVAN-CIZGI
100
AcDbLine
 10
895.0
 20
135.8536
 30
0.0
 11
1075.0
 21
135.8536
 31
0.0
  0
LINE
  5
45A
330
17
100
AcDbEntity
  8
AVAN-CIZGI
100
AcDbLine
 10
895.0
 20
135.8536
 30
0.0
 11
895.0
 21
172.5425
 31
0.0
  0
LINE
  5
45B
330
17
100
AcDbEntity
  8
AVAN-CIZGI
100
AcDbLine
 10
1075.0
 20
135.8536
 30
0.0
 11
1075.0
 21
172.5425
 31
0.0
  0
LINE
  5
45C
330
17
100
AcDbEntity
  8
AVAN-CIZGI
100
AcDbLine
 10
895.0
 20
166.4747
 30
0.0
 11
1075.0
 21
166.4747
 31
0.0
  0
LINE
  5
45D
330
17
100
AcDbEntity
  8
AVAN-CIZGI
100
AcDbLine
 10
895.0
 20
160.407
 30
0.0
 11
1075.0
 21
160.407
 31
0.0
  0
LINE
  5
45E
330
17
100
AcDbEntity
  8
AVAN-CIZGI
100
AcDbLine
 10
895.0
 20
154.3392
 30
0.0
 11
1075.0
 21
154.3392
 31
0.0
  0
LINE
  5
45F
330
17
100
AcDbEntity
  8
AVAN-CIZGI
100
AcDbLine
 10
895.0
 20
148.2714
 30
0.0
 11
1075.0
 21
148.2714
 31
0.0
  0
LINE
  5
460
330
17
100
AcDbEntity
  8
AVAN-CIZGI
100
AcDbLine
 10
895.0
 20
142.2036
 30
0.0
 11
1075.0
 21
142.2036
 31
0.0
  0
LINE
  5
461
330
17
100
AcDbEntity
  8
AVAN-CIZGI
100
AcDbLine
 10
908.0
 20
135.8536
 30
0.0
 11
908.0
 21
172.5425
 31
0.0
  0
LINE
  5
462
330
17
100
AcDbEntity
  8
AVAN-CIZGI
100
AcDbLine
 10
992.0
 20
135.8536
 30
0.0
 11
992.0
 21
172.5425
 31
0.0
  0
LINE
  5
463
330
17
100
AcDbEntity
  8
AVAN-CIZGI
100
AcDbLine
 10
997.0
 20
135.8536
 30
0.0
 11
997.0
 21
172.5425
 31
0.0
  0
LINE
  5
464
330
17
100
AcDbEntity
  8
AVAN-CIZGI
100
AcDbLine
 10
1027.0
 20
135.8536
 30
0.0
 11
1027.0
 21
172.5425
 31
0.0
  0
LINE
  5
465
330
17
100
AcDbEntity
  8
AVAN-CIZGI
100
AcDbLine
 10
1045.0
 20
135.8536
 30
0.0
 11
1045.0
 21
172.5425
 31
0.0
  0
LINE
  5
466
330
17
100
AcDbEntity
  8
AVAN-CIZGI
100
AcDbLine
 10
895.0
 20
134.3536
 30
0.0
 11
1075.0
 21
134.3536
 31
0.0
  0
LINE
  5
467
330
17
100
AcDbEntity
  8
AVAN-CIZGI
100
AcDbLine
 10
895.0
 20
122.712
 30
0.0
 11
1075.0
 21
122.712
 31
0.0
  0
LINE
  5
468
330
17
100
AcDbEntity
  8
AVAN-CIZGI
100
AcDbLine
 10
895.0
 20
108.1519
 30
0.0
 11
1075.0
 21
108.1519
 31
0.0
  0
LINE
  5
469
330
17
100
AcDbEntity
  8
AVAN-CIZGI
100
AcDbLine
 10
895.0
 20
101.308
 30
0.0
 11
1075.0
 21
101.308
 31
0.0
  0
LINE
  5
46A
330
17
100
AcDbEntity
  8
AVAN-CIZGI
100
AcDbLine
 10
895.0
 20
101.308
 30
0.0
 11
895.0
 21
108.1519
 31
0.0
  0
LINE
  5
46B
330
17
100
AcDbEntity
  8
AVAN-CIZGI
100
AcDbLine
 10
1075.0
 20
101.308
 30
0.0
 11
1075.0
 21
108.1519
 31
0.0
  0
LINE
  5
46C
330
17
100
AcDbEntity
  8
AVAN-CIZGI
100
AcDbLine
 10
895.0
 20
108.1519
 30
0.0
 11
1075.0
 21
108.1519
 31
0.0
  0
LINE
  5
46D
330
17
100
AcDbEntity
  8
AVAN-CIZGI
100
AcDbLine
 10
895.0
 20
101.308
 30
0.0
 11
1075.0
 21
101.308
 31
0.0
  0
LINE
  5
46E
330
17
100
AcDbEntity
  8
AVAN-CIZGI
100
AcDbLine
 10
895.0
 20
95.6636
 30
0.0
 11
1075.0
 21
95.6636
 31
0.0
  0
LINE
  5
46F
330
17
100
AcDbEntity
  8
AVAN-CIZGI
100
AcDbLine
 10
895.0
 20
95.6636
 30
0.0
 11
895.0
 21
101.308
 31
0.0
  0
LINE
  5
470
330
17
100
AcDbEntity
  8
AVAN-CIZGI
100
AcDbLine
 10
1075.0
 20
95.6636
 30
0.0
 11
1075.0
 21
101.308
 31
0.0
  0
LINE
  5
471
330
17
100
AcDbEntity
  8
AVAN-CIZGI
100
AcDbLine
 10
997.0
 20
95.6636
 30
0.0
 11
997.0
 21
101.308
 31
0.0
  0
LINE
  5
472
330
17
100
AcDbEntity
  8
AVAN-CIZGI
100
AcDbLine
 10
1045.0
 20
95.6636
 30
0.0
 11
1045.0
 21
101.308
 31
0.0
  0
LINE
  5
473
330
17
100
AcDbEntity
  8
AVAN-CIZGI
100
AcDbLine
 10
895.0
 20
95.6636
 30
0.0
 11
1075.0
 21
95.6636
 31
0.0
  0
LINE
  5
474
330
17
100
AcDbEntity
  8
AVAN-CIZGI
100
AcDbLine
 10
895.0
 20
95.6636
 30
0.0
 11
1075.0
 21
95.6636
 31
0.0
  0
LINE
  5
475
330
17
100
AcDbEntity
  8
AVAN-CIZGI
100
AcDbLine
 10
895.0
 20
30.8231
 30
0.0
 11
895.0
 21
95.6636
 31
0.0
  0
LINE
  5
476
330
17
100
AcDbEntity
  8
AVAN-CIZGI
100
AcDbLine
 10
1075.0
 20
30.8231
 30
0.0
 11
1075.0
 21
95.6636
 31
0.0
  0
LINE
  5
477
330
17
100
AcDbEntity
  8
AVAN-CIZGI
100
AcDbLine
 10
997.0
 20
30.8231
 30
0.0
 11
997.0
 21
95.6636
 31
0.0
  0
LINE
  5
478
330
17
100
AcDbEntity
  8
AVAN-CIZGI
100
AcDbLine
 10
1045.0
 20
30.8231
 30
0.0
 11
1045.0
 21
95.6636
 31
0.0
  0
LINE
  5
479
330
17
100
AcDbEntity
  8
AVAN-CIZGI
100
AcDbLine
 10
895.0
 20
90.0192
 30
0.0
 11
1075.0
 21
90.0192
 31
0.0
  0
LINE
  5
47A
330
17
100
AcDbEntity
  8
AVAN-CIZGI
100
AcDbLine
 10
895.0
 20
84.3747
 30
0.0
 11
1075.0
 21
84.3747
 31
0.0
  0
LINE
  5
47B
330
17
100
AcDbEntity
  8
AVAN-CIZGI
100
AcDbLine
 10
895.0
 20
78.7303
 30
0.0
 11
1075.0
 21
78.7303
 31
0.0
  0
LINE
  5
47C
330
17
100
AcDbEntity
  8
AVAN-CIZGI
100
AcDbLine
 10
895.0
 20
73.0858
 30
0.0
 11
1075.0
 21
73.0858
 31
0.0
  0
LINE
  5
47D
330
17
100
AcDbEntity
  8
AVAN-CIZGI
100
AcDbLine
 10
895.0
 20
65.0425
 30
0.0
 11
1075.0
 21
65.0425
 31
0.0
  0
LINE
  5
47E
330
17
100
AcDbEntity
  8
AVAN-CIZGI
100
AcDbLine
 10
895.0
 20
52.5542
 30
0.0
 11
1075.0
 21
52.5542
 31
0.0
  0
LINE
  5
47F
330
17
100
AcDbEntity
  8
AVAN-CIZGI
100
AcDbLine
 10
895.0
 20
46.9097
 30
0.0
 11
1075.0
 21
46.9097
 31
0.0
  0
LINE
  5
480
330
17
100
AcDbEntity
  8
AVAN-CIZGI
100
AcDbLine
 10
895.0
 20
38.8664
 30
0.0
 11
1075.0
 21
38.8664
 31
0.0
  0
LINE
  5
481
330
17
100
AcDbEntity
  8
AVAN-CIZGI
100
AcDbLine
 10
895.0
 20
30.8231
 30
0.0
 11
1075.0
 21
30.8231
 31
0.0
  0
TEXT
  5
482
330
17
100
AcDbEntity
  8
AVAN-YAZI
100
AcDbText
 10
944.0278
 20
276.8
 30
0.0
 40
3.086
  1
ASANSÖR AVAN PROJE HESAPLARI
  7
AVAN-KALIN
 41
1.066
 11
944.0278
 21
276.8
 31
0.0
100
AcDbText
  0
TEXT
  5
483
330
17
100
AcDbEntity
  8
AVAN-YAZI
100
AcDbText
 10
1046.0584
 20
263.2144
 30
0.0
 40
1.775
  1
SABİTLER A
  7
AVAN
 41
0.909
 11
1046.0584
 21
263.2144
 31
0.0
100
AcDbText
  0
TEXT
  5
484
330
17
100
AcDbEntity
  8
AVAN-YAZI
100
AcDbText
 10
896.0583
 20
263.1439
 30
0.0
 40
2.109
  1
E
  7
AVAN
 41
0.9304
 11
896.0583
 21
263.1439
 31
0.0
100
AcDbText
  0
TEXT
  5
485
330
17
100
AcDbEntity
  8
AVAN-YAZI
100
AcDbText
 10
909.0583
 20
263.1439
 30
0.0
 40
2.109
  1
Asgari aydınlatma şiddeti
  7
AVAN
 41
1.0511
 11
909.0583
 21
263.1439
 31
0.0
100
AcDbText
  0
TEXT
  5
486
330
17
100
AcDbEntity
  8
AVAN-YAZI
100
AcDbText
 10
993.0583
 20
263.1439
 30
0.0
 40
2.109
  1
=
  7
AVAN
 41
1.4092
 11
993.0583
 21
263.1439
 31
0.0
100
AcDbText
  0
TEXT
  5
487
330
17
100
AcDbEntity
  8
AVAN-YAZI
100
AcDbText
 10
1028.0583
 20
263.1439
 30
0.0
 40
2.109
  1
lüx
  7
AVAN
 41
1.1554
 11
1028.0583
 21
263.1439
 31
0.0
100
AcDbText
  0
TEXT
  5
488
330
17
100
AcDbEntity
  8
AVAN-YAZI
100
AcDbText
 10
1021.7197
 20
263.0028
 30
0.0
 40
2.212
  1
50
  7
AVAN-KALIN
 41
1.2291
 11
1021.7197
 21
263.0028
 31
0.0
100
AcDbText
  0
TEXT
  5
489
330
17
100
AcDbEntity
  8
AVAN-YAZI
100
AcDbText
 10
1046.0584
 20
257.57
 30
0.0
 40
1.775
  1
SABİTLER A
  7
AVAN
 41
0.909
 11
1046.0584
 21
257.57
 31
0.0
100
AcDbText
  0
TEXT
  5
48A
330
17
100
AcDbEntity
  8
AVAN-YAZI
100
AcDbText
 10
896.0583
 20
257.4994
 30
0.0
 40
2.109
  1
d
  7
AVAN
 41
1.1213
 11
896.0583
 21
257.4994
 31
0.0
100
AcDbText
  0
TEXT
  5
48B
330
17
100
AcDbEntity
  8
AVAN-YAZI
100
AcDbText
 10
909.0583
 20
257.4994
 30
0.0
 40
2.109
  1
Kirlenme ( bakım ) faktörü
  7
AVAN
 41
1.0803
 11
909.0583
 21
257.4994
 31
0.0
100
AcDbText
  0
TEXT
  5
48C
330
17
100
AcDbEntity
  8
AVAN-YAZI
100
AcDbText
 10
993.0583
 20
257.4994
 30
0.0
 40
2.109
  1
=
  7
AVAN
 41
1.4092
 11
993.0583
 21
257.4994
 31
0.0
100
AcDbText
  0
TEXT
  5
48D
330
17
100
AcDbEntity
  8
AVAN-YAZI
100
AcDbText
 10
1028.0583
 20
257.4994
 30
0.0
 40
2.109
  1
—
  7
AVAN
 41
0.9822
 11
1028.0583
 21
257.4994
 31
0.0
100
AcDbText
  0
TEXT
  5
48E
330
17
100
AcDbEntity
  8
AVAN-YAZI
100
AcDbText
 10
1018.4562
 20
257.3583
 30
0.0
 40
2.212
  1
1,25
  7
AVAN-KALIN
 41
1.2453
 11
1018.4562
 21
257.3583
 31
0.0
100
AcDbText
  0
TEXT
  5
48F
330
17
100
AcDbEntity
  8
AVAN-YAZI
100
AcDbText
 10
896.0583
 20
250.779
 30
0.0
 40
2.16
  1
T = E · a · b · d / η
  7
AVAN-KALIN
 41
1.2083
 11
896.0583
 21
250.779
 31
0.0
100
AcDbText
  0
TEXT
  5
490
330
17
100
AcDbEntity
  8
AVAN-YAZI
100
AcDbText
 10
1046.0584
 20
246.3164
 30
0.0
 40
1.775
  1
gerekli toplam ışık
  7
AVAN
 41
0.9738
 11
1046.0584
 21
246.3164
 31
0.0
100
AcDbText
  0
TEXT
  5
491
330
17
100
AcDbEntity
  8
AVAN-YAZI
100
AcDbText
 10
909.0583
 20
244.7113
 30
0.0
 40
2.109
  1
= 50 · 32,85 · 1,80 · 1,25 / 0,41
  7
AVAN
 41
1.1372
 11
909.0583
 21
244.7113
 31
0.0
100
AcDbText
  0
TEXT
  5
492
330
17
100
AcDbEntity
  8
AVAN-YAZI
100
AcDbText
 10
1028.0583
 20
244.6583
 30
0.0
 40
2.109
  1
lm
  7
AVAN
 41
1.1655
 11
1028.0583
 21
244.6583
 31
0.0
100
AcDbText
  0
TEXT
  5
493
330
17
100
AcDbEntity
  8
AVAN-YAZI
100
AcDbText
 10
1010.9708
 20
244.5172
 30
0.0
 40
2.212
  1
9.013,72
  7
AVAN-KALIN
 41
1.2453
 11
1010.9708
 21
244.5172
 31
0.0
100
AcDbText
  0
TEXT
  5
494
330
17
100
AcDbEntity
  8
AVAN-YAZI
100
AcDbText
 10
1046.0584
 20
243.1414
 30
0.0
 40
1.775
  1
akısı
  7
AVAN
 41
0.7239
 11
1046.0584
 21
243.1414
 31
0.0
100
AcDbText
  0
TEXT
  5
495
330
17
100
AcDbEntity
  8
AVAN-YAZI
100
AcDbText
 10
1046.0584
 20
237.3206
 30
0.0
 40
1.775
  1
SABİTLER B
  7
AVAN
 41
0.9093
 11
1046.0584
 21
237.3206
 31
0.0
100
AcDbText
  0
TEXT
  5
496
330
17
100
AcDbEntity
  8
AVAN-YAZI
100
AcDbText
 10
896.0583
 20
237.25
 30
0.0
 40
2.109
  1
ØL
  7
AVAN
 41
0.9897
 11
896.0583
 21
237.25
 31
0.0
100
AcDbText
  0
TEXT
  5
497
330
17
100
AcDbEntity
  8
AVAN-YAZI
100
AcDbText
 10
909.0583
 20
237.25
 30
0.0
 40
2.109
  1
Bir armatürün ışık akısı
  7
AVAN
 41
0.9109
 11
909.0583
 21
237.25
 31
0.0
100
AcDbText
  0
TEXT
  5
498
330
17
100
AcDbEntity
  8
AVAN-YAZI
100
AcDbText
 10
993.0583
 20
237.25
 30
0.0
 40
2.109
  1
=
  7
AVAN
 41
1.4092
 11
993.0583
 21
237.25
 31
0.0
100
AcDbText
  0
TEXT
  5
499
330
17
100
AcDbEntity
  8
AVAN-YAZI
100
AcDbText
 10
1028.0583
 20
237.25
 30
0.0
 40
2.109
  1
lm
  7
AVAN
 41
1.1655
 11
1028.0583
 21
237.25
 31
0.0
100
AcDbText
  0
TEXT
  5
49A
330
17
100
AcDbEntity
  8
AVAN-YAZI
100
AcDbText
 10
1016.3452
 20
237.1089
 30
0.0
 40
2.212
  1
2.600
  7
AVAN-KALIN
 41
1.2417
 11
1016.3452
 21
237.1089
 31
0.0
100
AcDbText
  0
TEXT
  5
49B
330
17
100
AcDbEntity
  8
AVAN-YAZI
100
AcDbText
 10
896.0583
 20
230.5296
 30
0.0
 40
2.16
  1
Z = T / ØL
  7
AVAN-KALIN
 41
1.1761
 11
896.0583
 21
230.5296
 31
0.0
100
AcDbText
  0
TEXT
  5
49C
330
17
100
AcDbEntity
  8
AVAN-YAZI
100
AcDbText
 10
1046.0584
 20
226.0669
 30
0.0
 40
1.775
  1
hesaplanan armatür
  7
AVAN
 41
1.1215
 11
1046.0584
 21
226.0669
 31
0.0
100
AcDbText
  0
TEXT
  5
49D
330
17
100
AcDbEntity
  8
AVAN-YAZI
100
AcDbText
 10
909.0583
 20
224.4618
 30
0.0
 40
2.109
  1
= 9.013,72 / 2.600
  7
AVAN
 41
1.1466
 11
909.0583
 21
224.4618
 31
0.0
100
AcDbText
  0
TEXT
  5
49E
330
17
100
AcDbEntity
  8
AVAN-YAZI
100
AcDbText
 10
1028.0583
 20
224.4089
 30
0.0
 40
2.109
  1
adet
  7
AVAN
 41
1.1381
 11
1028.0583
 21
224.4089
 31
0.0
100
AcDbText
  0
TEXT
  5
49F
330
17
100
AcDbEntity
  8
AVAN-YAZI
100
AcDbText
 10
1018.4562
 20
224.2678
 30
0.0
 40
2.212
  1
3,47
  7
AVAN-KALIN
 41
1.2453
 11
1018.4562
 21
224.2678
 31
0.0
100
AcDbText
  0
TEXT
  5
4A0
330
17
100
AcDbEntity
  8
AVAN-YAZI
100
AcDbText
 10
1046.0584
 20
222.8919
 30
0.0
 40
1.775
  1
sayısı
  7
AVAN
 41
0.7692
 11
1046.0584
 21
222.8919
 31
0.0
100
AcDbText
  0
TEXT
  5
4A1
330
17
100
AcDbEntity
  8
AVAN-YAZI
100
AcDbText
 10
1046.0584
 20
217.0711
 30
0.0
 40
1.775
  1
SABİTLER A
  7
AVAN
 41
0.909
 11
1046.0584
 21
217.0711
 31
0.0
100
AcDbText
  0
TEXT
  5
4A2
330
17
100
AcDbEntity
  8
AVAN-YAZI
100
AcDbText
 10
896.0583
 20
217.0006
 30
0.0
 40
2.109
  1
n1
  7
AVAN
 41
1.1217
 11
896.0583
 21
217.0006
 31
0.0
100
AcDbText
  0
TEXT
  5
4A3
330
17
100
AcDbEntity
  8
AVAN-YAZI
100
AcDbText
 10
909.0583
 20
217.0006
 30
0.0
 40
2.109
  1
Işık akısından = ROUNDUP( Z ) + 2 ( kuyu dibi + üstü )
  7
AVAN
 41
1.0355
 11
909.0583
 21
217.0006
 31
0.0
100
AcDbText
  0
TEXT
  5
4A4
330
17
100
AcDbEntity
  8
AVAN-YAZI
100
AcDbText
 10
993.0583
 20
217.0006
 30
0.0
 40
2.109
  1
=
  7
AVAN
 41
1.4092
 11
993.0583
 21
217.0006
 31
0.0
100
AcDbText
  0
TEXT
  5
4A5
330
17
100
AcDbEntity
  8
AVAN-YAZI
100
AcDbText
 10
1028.0583
 20
217.0006
 30
0.0
 40
2.109
  1
adet
  7
AVAN
 41
1.1381
 11
1028.0583
 21
217.0006
 31
0.0
100
AcDbText
  0
TEXT
  5
4A6
330
17
100
AcDbEntity
  8
AVAN-YAZI
100
AcDbText
 10
1023.8307
 20
216.8594
 30
0.0
 40
2.212
  1
6
  7
AVAN-KALIN
 41
1.2291
 11
1023.8307
 21
216.8594
 31
0.0
100
AcDbText
  0
TEXT
  5
4A7
330
17
100
AcDbEntity
  8
AVAN-YAZI
100
AcDbText
 10
1046.0584
 20
211.4267
 30
0.0
 40
1.775
  1
SABİTLER B
  7
AVAN
 41
0.9093
 11
1046.0584
 21
211.4267
 31
0.0
100
AcDbText
  0
TEXT
  5
4A8
330
17
100
AcDbEntity
  8
AVAN-YAZI
100
AcDbText
 10
896.0583
 20
211.3561
 30
0.0
 40
2.109
  1
Dmax
  7
AVAN
 41
1.1092
 11
896.0583
 21
211.3561
 31
0.0
100
AcDbText
  0
TEXT
  5
4A9
330
17
100
AcDbEntity
  8
AVAN-YAZI
100
AcDbText
 10
909.0583
 20
211.3561
 30
0.0
 40
2.109
  1
Armatürler arası azami aralık
  7
AVAN
 41
1.038
 11
909.0583
 21
211.3561
 31
0.0
100
AcDbText
  0
TEXT
  5
4AA
330
17
100
AcDbEntity
  8
AVAN-YAZI
100
AcDbText
 10
993.0583
 20
211.3561
 30
0.0
 40
2.109
  1
=
  7
AVAN
 41
1.4092
 11
993.0583
 21
211.3561
 31
0.0
100
AcDbText
  0
TEXT
  5
4AB
330
17
100
AcDbEntity
  8
AVAN-YAZI
100
AcDbText
 10
1028.0583
 20
211.3561
 30
0.0
 40
2.109
  1
m
  7
AVAN
 41
1.1486
 11
1028.0583
 21
211.3561
 31
0.0
100
AcDbText
  0
TEXT
  5
4AC
330
17
100
AcDbEntity
  8
AVAN-YAZI
100
AcDbText
 10
1023.8307
 20
211.215
 30
0.0
 40
2.212
  1
7
  7
AVAN-KALIN
 41
1.2291
 11
1023.8307
 21
211.215
 31
0.0
100
AcDbText
  0
TEXT
  5
4AD
330
17
100
AcDbEntity
  8
AVAN-YAZI
100
AcDbText
 10
896.0583
 20
204.6357
 30
0.0
 40
2.16
  1
n2 = ROUNDUP( ( Hk − 1 ) / Dmax ) + 1
  7
AVAN-KALIN
 41
1.2018
 11
896.0583
 21
204.6357
 31
0.0
100
AcDbText
  0
TEXT
  5
4AE
330
17
100
AcDbEntity
  8
AVAN-YAZI
100
AcDbText
 10
1046.0584
 20
199.6439
 30
0.0
 40
1.775
  1
geometrik asgari adet
  7
AVAN
 41
1.131
 11
1046.0584
 21
199.6439
 31
0.0
100
AcDbText
  0
TEXT
  5
4AF
330
17
100
AcDbEntity
  8
AVAN-YAZI
100
AcDbText
 10
909.0583
 20
199.6263
 30
0.0
 40
2.109
  1
= ROUNDUP( ( 32,85 − 1 ) / 7,00 ) + 1
  7
AVAN
 41
1.1172
 11
909.0583
 21
199.6263
 31
0.0
100
AcDbText
  0
TEXT
  5
4B0
330
17
100
AcDbEntity
  8
AVAN-YAZI
100
AcDbText
 10
1028.0583
 20
199.5733
 30
0.0
 40
2.109
  1
adet
  7
AVAN
 41
1.1381
 11
1028.0583
 21
199.5733
 31
0.0
100
AcDbText
  0
TEXT
  5
4B1
330
17
100
AcDbEntity
  8
AVAN-YAZI
100
AcDbText
 10
1023.8307
 20
199.4322
 30
0.0
 40
2.212
  1
6
  7
AVAN-KALIN
 41
1.2291
 11
1023.8307
 21
199.4322
 31
0.0
100
AcDbText
  0
TEXT
  5
4B2
330
17
100
AcDbEntity
  8
AVAN-YAZI
100
AcDbText
 10
896.0583
 20
193.2233
 30
0.0
 40
2.109
  1
n
  7
AVAN
 41
1.1196
 11
896.0583
 21
193.2233
 31
0.0
100
AcDbText
  0
TEXT
  5
4B3
330
17
100
AcDbEntity
  8
AVAN-YAZI
100
AcDbText
 10
909.0583
 20
193.2233
 30
0.0
 40
2.109
  1
SEÇİLEN armatür sayısı = MAX ( n1 ; n2 )
  7
AVAN
 41
1.003
 11
909.0583
 21
193.2233
 31
0.0
100
AcDbText
  0
TEXT
  5
4B4
330
17
100
AcDbEntity
  8
AVAN-YAZI
100
AcDbText
 10
993.0583
 20
193.2233
 30
0.0
 40
2.109
  1
=
  7
AVAN
 41
1.4092
 11
993.0583
 21
193.2233
 31
0.0
100
AcDbText
  0
TEXT
  5
4B5
330
17
100
AcDbEntity
  8
AVAN-YAZI
100
AcDbText
 10
1028.0583
 20
193.2233
 30
0.0
 40
2.109
  1
adet
  7
AVAN
 41
1.1381
 11
1028.0583
 21
193.2233
 31
0.0
100
AcDbText
  0
TEXT
  5
4B6
330
17
100
AcDbEntity
  8
AVAN-YAZI
100
AcDbText
 10
1023.8307
 20
193.0822
 30
0.0
 40
2.212
  1
6
  7
AVAN-KALIN
 41
1.2291
 11
1023.8307
 21
193.0822
 31
0.0
100
AcDbText
  0
TEXT
  5
4B7
330
17
100
AcDbEntity
  8
AVAN-YAZI
100
AcDbText
 10
895.7056
 20
185.2322
 30
0.0
 40
2.315
  1
SONUÇ
  7
AVAN-KALIN
 41
1.0752
 11
895.7056
 21
185.2322
 31
0.0
100
AcDbText
  0
TEXT
  5
4B8
330
17
100
AcDbEntity
  8
AVAN-YAZI
100
AcDbText
 10
947.7056
 20
185.2322
 30
0.0
 40
2.315
  1
6 adet 40 W armatür kullanılacaktır.
  7
AVAN-KALIN
 41
1.1369
 11
947.7056
 21
185.2322
 31
0.0
100
AcDbText
  0
TEXT
  5
4B9
330
17
100
AcDbEntity
  8
AVAN-YAZI
100
AcDbText
 10
1053.2892
 20
174.959
 30
0.0
 40
1.903
  1
tablo adı : TAS1
  7
AVAN
 41
1.0152
 11
1053.2892
 21
174.959
 31
0.0
100
AcDbText
  0
TEXT
  5
4BA
330
17
100
AcDbEntity
  8
AVAN-YAZI
100
AcDbText
 10
896.0583
 20
174.8356
 30
0.0
 40
2.443
  1
5 - KURULU GÜÇ CETVELİ
  7
AVAN-KALIN
 41
1.0497
 11
896.0583
 21
174.8356
 31
0.0
100
AcDbText
  0
TEXT
  5
4BB
330
17
100
AcDbEntity
  8
AVAN-YAZI
100
AcDbText
 10
896.0583
 20
168.5914
 30
0.0
 40
2.109
  1
Lin
  7
AVAN
 41
1.0814
 11
896.0583
 21
168.5914
 31
0.0
100
AcDbText
  0
TEXT
  5
4BC
330
17
100
AcDbEntity
  8
AVAN-YAZI
100
AcDbText
 10
909.0583
 20
168.5914
 30
0.0
 40
2.109
  1
Sorti
  7
AVAN
 41
1.1119
 11
909.0583
 21
168.5914
 31
0.0
100
AcDbText
  0
TEXT
  5
4BD
330
17
100
AcDbEntity
  8
AVAN-YAZI
100
AcDbText
 10
998.0584
 20
168.5914
 30
0.0
 40
2.109
  1
Gücü
  7
AVAN
 41
1.0653
 11
998.0584
 21
168.5914
 31
0.0
100
AcDbText
  0
TEXT
  5
4BE
330
17
100
AcDbEntity
  8
AVAN-YAZI
100
AcDbText
 10
1028.0583
 20
168.5914
 30
0.0
 40
2.109
  1
Birim
  7
AVAN
 41
1.1331
 11
1028.0583
 21
168.5914
 31
0.0
100
AcDbText
  0
TEXT
  5
4BF
330
17
100
AcDbEntity
  8
AVAN-YAZI
100
AcDbText
 10
1046.0584
 20
168.5914
 30
0.0
 40
2.109
  1
Sigorta A
  7
AVAN
 41
1.093
 11
1046.0584
 21
168.5914
 31
0.0
100
AcDbText
  0
TEXT
  5
4C0
330
17
100
AcDbEntity
  8
AVAN-YAZI
100
AcDbText
 10
896.0583
 20
162.5236
 30
0.0
 40
2.109
  1
1
  7
AVAN
 41
1.1239
 11
896.0583
 21
162.5236
 31
0.0
100
AcDbText
  0
TEXT
  5
4C1
330
17
100
AcDbEntity
  8
AVAN-YAZI
100
AcDbText
 10
909.0583
 20
162.5236
 30
0.0
 40
2.109
  1
MOTOR
  7
AVAN
 41
0.9876
 11
909.0583
 21
162.5236
 31
0.0
100
AcDbText
  0
TEXT
  5
4C2
330
17
100
AcDbEntity
  8
AVAN-YAZI
100
AcDbText
 10
993.0583
 20
162.5236
 30
0.0
 40
2.109
  1
=
  7
AVAN
 41
1.4092
 11
993.0583
 21
162.5236
 31
0.0
100
AcDbText
  0
TEXT
  5
4C3
330
17
100
AcDbEntity
  8
AVAN-YAZI
100
AcDbText
 10
1028.0583
 20
162.5236
 30
0.0
 40
2.109
  1
W
  7
AVAN
 41
1.0287
 11
1028.0583
 21
162.5236
 31
0.0
100
AcDbText
  0
TEXT
  5
4C4
330
17
100
AcDbEntity
  8
AVAN-YAZI
100
AcDbText
 10
1046.0584
 20
162.5236
 30
0.0
 40
2.109
  1
4 x 25
  7
AVAN
 41
1.1308
 11
1046.0584
 21
162.5236
 31
0.0
100
AcDbText
  0
TEXT
  5
4C5
330
17
100
AcDbEntity
  8
AVAN-YAZI
100
AcDbText
 10
1014.2343
 20
162.3825
 30
0.0
 40
2.212
  1
11.000
  7
AVAN-KALIN
 41
1.2394
 11
1014.2343
 21
162.3825
 31
0.0
100
AcDbText
  0
TEXT
  5
4C6
330
17
100
AcDbEntity
  8
AVAN-YAZI
100
AcDbText
 10
896.0583
 20
156.4559
 30
0.0
 40
2.109
  1
2
  7
AVAN
 41
1.1239
 11
896.0583
 21
156.4559
 31
0.0
100
AcDbText
  0
TEXT
  5
4C7
330
17
100
AcDbEntity
  8
AVAN-YAZI
100
AcDbText
 10
909.0583
 20
156.4559
 30
0.0
 40
2.109
  1
KUYU AYDINLATMASI ( 6 X 40 W )
  7
AVAN
 41
1.0282
 11
909.0583
 21
156.4559
 31
0.0
100
AcDbText
  0
TEXT
  5
4C8
330
17
100
AcDbEntity
  8
AVAN-YAZI
100
AcDbText
 10
993.0583
 20
156.4559
 30
0.0
 40
2.109
  1
=
  7
AVAN
 41
1.4092
 11
993.0583
 21
156.4559
 31
0.0
100
AcDbText
  0
TEXT
  5
4C9
330
17
100
AcDbEntity
  8
AVAN-YAZI
100
AcDbText
 10
1028.0583
 20
156.4559
 30
0.0
 40
2.109
  1
W
  7
AVAN
 41
1.0287
 11
1028.0583
 21
156.4559
 31
0.0
100
AcDbText
  0
TEXT
  5
4CA
330
17
100
AcDbEntity
  8
AVAN-YAZI
100
AcDbText
 10
1046.0584
 20
156.4559
 30
0.0
 40
2.109
  1
10
  7
AVAN
 41
1.1239
 11
1046.0584
 21
156.4559
 31
0.0
100
AcDbText
  0
TEXT
  5
4CB
330
17
100
AcDbEntity
  8
AVAN-YAZI
100
AcDbText
 10
1019.6087
 20
156.3147
 30
0.0
 40
2.212
  1
240
  7
AVAN-KALIN
 41
1.2291
 11
1019.6087
 21
156.3147
 31
0.0
100
AcDbText
  0
TEXT
  5
4CC
330
17
100
AcDbEntity
  8
AVAN-YAZI
100
AcDbText
 10
896.0583
 20
150.3881
 30
0.0
 40
2.109
  1
3
  7
AVAN
 41
1.1239
 11
896.0583
 21
150.3881
 31
0.0
100
AcDbText
  0
TEXT
  5
4CD
330
17
100
AcDbEntity
  8
AVAN-YAZI
100
AcDbText
 10
909.0583
 20
150.3881
 30
0.0
 40
2.109
  1
KABİN + KABİN ÜSTÜ AYD. ( 4 X 5 W + 1 X 5 W )
  7
AVAN
 41
1.0187
 11
909.0583
 21
150.3881
 31
0.0
100
AcDbText
  0
TEXT
  5
4CE
330
17
100
AcDbEntity
  8
AVAN-YAZI
100
AcDbText
 10
993.0583
 20
150.3881
 30
0.0
 40
2.109
  1
=
  7
AVAN
 41
1.4092
 11
993.0583
 21
150.3881
 31
0.0
100
AcDbText
  0
TEXT
  5
4CF
330
17
100
AcDbEntity
  8
AVAN-YAZI
100
AcDbText
 10
1028.0583
 20
150.3881
 30
0.0
 40
2.109
  1
W
  7
AVAN
 41
1.0287
 11
1028.0583
 21
150.3881
 31
0.0
100
AcDbText
  0
TEXT
  5
4D0
330
17
100
AcDbEntity
  8
AVAN-YAZI
100
AcDbText
 10
1046.0584
 20
150.3881
 30
0.0
 40
2.109
  1
10
  7
AVAN
 41
1.1239
 11
1046.0584
 21
150.3881
 31
0.0
100
AcDbText
  0
TEXT
  5
4D1
330
17
100
AcDbEntity
  8
AVAN-YAZI
100
AcDbText
 10
1021.7197
 20
150.247
 30
0.0
 40
2.212
  1
25
  7
AVAN-KALIN
 41
1.2291
 11
1021.7197
 21
150.247
 31
0.0
100
AcDbText
  0
TEXT
  5
4D2
330
17
100
AcDbEntity
  8
AVAN-YAZI
100
AcDbText
 10
896.0583
 20
144.3203
 30
0.0
 40
2.109
  1
4
  7
AVAN
 41
1.1239
 11
896.0583
 21
144.3203
 31
0.0
100
AcDbText
  0
TEXT
  5
4D3
330
17
100
AcDbEntity
  8
AVAN-YAZI
100
AcDbText
 10
909.0583
 20
144.3203
 30
0.0
 40
2.109
  1
TOPLAM PRİZ ( 3 X 300 W )
  7
AVAN
 41
1.0033
 11
909.0583
 21
144.3203
 31
0.0
100
AcDbText
  0
TEXT
  5
4D4
330
17
100
AcDbEntity
  8
AVAN-YAZI
100
AcDbText
 10
993.0583
 20
144.3203
 30
0.0
 40
2.109
  1
=
  7
AVAN
 41
1.4092
 11
993.0583
 21
144.3203
 31
0.0
100
AcDbText
  0
TEXT
  5
4D5
330
17
100
AcDbEntity
  8
AVAN-YAZI
100
AcDbText
 10
1028.0583
 20
144.3203
 30
0.0
 40
2.109
  1
W
  7
AVAN
 41
1.0287
 11
1028.0583
 21
144.3203
 31
0.0
100
AcDbText
  0
TEXT
  5
4D6
330
17
100
AcDbEntity
  8
AVAN-YAZI
100
AcDbText
 10
1046.0584
 20
144.3203
 30
0.0
 40
2.109
  1
16
  7
AVAN
 41
1.1239
 11
1046.0584
 21
144.3203
 31
0.0
100
AcDbText
  0
TEXT
  5
4D7
330
17
100
AcDbEntity
  8
AVAN-YAZI
100
AcDbText
 10
1019.6087
 20
144.1792
 30
0.0
 40
2.212
  1
900
  7
AVAN-KALIN
 41
1.2291
 11
1019.6087
 21
144.1792
 31
0.0
100
AcDbText
  0
TEXT
  5
4D8
330
17
100
AcDbEntity
  8
AVAN-YAZI
100
AcDbText
 10
909.0583
 20
138.1114
 30
0.0
 40
2.109
  1
ASANSÖRÜN KURULU GÜCÜ
  7
AVAN
 41
0.9877
 11
909.0583
 21
138.1114
 31
0.0
100
AcDbText
  0
TEXT
  5
4D9
330
17
100
AcDbEntity
  8
AVAN-YAZI
100
AcDbText
 10
993.0583
 20
138.1114
 30
0.0
 40
2.109
  1
=
  7
AVAN
 41
1.4092
 11
993.0583
 21
138.1114
 31
0.0
100
AcDbText
  0
TEXT
  5
4DA
330
17
100
AcDbEntity
  8
AVAN-YAZI
100
AcDbText
 10
1028.0583
 20
138.1114
 30
0.0
 40
2.109
  1
W
  7
AVAN
 41
1.0287
 11
1028.0583
 21
138.1114
 31
0.0
100
AcDbText
  0
TEXT
  5
4DB
330
17
100
AcDbEntity
  8
AVAN-YAZI
100
AcDbText
 10
1014.2343
 20
137.9703
 30
0.0
 40
2.212
  1
12.165
  7
AVAN-KALIN
 41
1.2394
 11
1014.2343
 21
137.9703
 31
0.0
100
AcDbText
  0
TEXT
  5
4DC
330
17
100
AcDbEntity
  8
AVAN-YAZI
100
AcDbText
 10
895.7056
 20
129.7675
 30
0.0
 40
2.315
  1
ASANSÖRÜN KURULU
  7
AVAN-KALIN
 41
1.0825
 11
895.7056
 21
129.7675
 31
0.0
100
AcDbText
  0
TEXT
  5
4DD
330
17
100
AcDbEntity
  8
AVAN-YAZI
100
AcDbText
 10
947.7056
 20
127.5626
 30
0.0
 40
2.315
  1
12.165 W
  7
AVAN-KALIN
 41
1.2185
 11
947.7056
 21
127.5626
 31
0.0
100
AcDbText
  0
TEXT
  5
4DE
330
17
100
AcDbEntity
  8
AVAN-YAZI
100
AcDbText
 10
895.7056
 20
125.3578
 30
0.0
 40
2.315
  1
GÜCÜ
  7
AVAN-KALIN
 41
1.0605
 11
895.7056
 21
125.3578
 31
0.0
100
AcDbText
  0
TEXT
  5
4DF
330
17
100
AcDbEntity
  8
AVAN-YAZI
100
AcDbText
 10
897.1167
 20
118.9719
 30
0.0
 40
1.852
  1
▪ Motor koruma cihazı anma akımı, motor anma akımının kalkış katsayısı ( ofis standardı, varsayılan 1,25 ) katından büyük ilk standart
  7
AVAN
 41
1.0099
 11
897.1167
 21
118.9719
 31
0.0
100
AcDbText
  0
TEXT
  5
4E0
330
17
100
AcDbEntity
  8
AVAN-YAZI
100
AcDbText
 10
897.1167
 20
115.5853
 30
0.0
 40
1.852
  1
kademedir ( IEC 60269 gG ). AVAN değeridir: kesin seçim kalkış yöntemine, sürücü tipine ve kablo koordinasyonuna göre uygulama
  7
AVAN
 41
1.0928
 11
897.1167
 21
115.5853
 31
0.0
100
AcDbText
  0
TEXT
  5
4E1
330
17
100
AcDbEntity
  8
AVAN-YAZI
100
AcDbText
 10
897.1167
 20
112.1986
 30
0.0
 40
1.852
  1
projesinde yapılır.
  7
AVAN
 41
0.9927
 11
897.1167
 21
112.1986
 31
0.0
100
AcDbText
  0
TEXT
  5
4E2
330
17
100
AcDbEntity
  8
AVAN-YAZI
100
AcDbText
 10
1033.1862
 20
103.7246
 30
0.0
 40
1.903
  1
Elektrik İç Tesisleri Yönetmeliği
  7
AVAN
 41
1.0557
 11
1033.1862
 21
103.7246
 31
0.0
100
AcDbText
  0
TEXT
  5
4E3
330
17
100
AcDbEntity
  8
AVAN-YAZI
100
AcDbText
 10
896.0583
 20
103.6011
 30
0.0
 40
2.443
  1
6 - GERİLİM DÜŞÜMÜ VE KESİT KONTROLÜ
  7
AVAN-KALIN
 41
1.0315
 11
896.0583
 21
103.6011
 31
0.0
100
AcDbText
  0
TEXT
  5
4E4
330
17
100
AcDbEntity
  8
AVAN-YAZI
100
AcDbText
 10
1046.0584
 20
97.6392
 30
0.0
 40
1.775
  1
GİRİŞ
  7
AVAN
 41
0.6995
 11
1046.0584
 21
97.6392
 31
0.0
100
AcDbText
  0
TEXT
  5
4E5
330
17
100
AcDbEntity
  8
AVAN-YAZI
100
AcDbText
 10
896.0583
 20
97.5686
 30
0.0
 40
2.109
  1
U
  7
AVAN
 41
0.9957
 11
896.0583
 21
97.5686
 31
0.0
100
AcDbText
  0
TEXT
  5
4E6
330
17
100
AcDbEntity
  8
AVAN-YAZI
100
AcDbText
 10
909.0583
 20
97.5686
 30
0.0
 40
2.109
  1
Şebeke gerilimi ( fazlar arası )
  7
AVAN
 41
1.0658
 11
909.0583
 21
97.5686
 31
0.0
100
AcDbText
  0
TEXT
  5
4E7
330
17
100
AcDbEntity
  8
AVAN-YAZI
100
AcDbText
 10
993.0583
 20
97.5686
 30
0.0
 40
2.109
  1
=
  7
AVAN
 41
1.4092
 11
993.0583
 21
97.5686
 31
0.0
100
AcDbText
  0
TEXT
  5
4E8
330
17
100
AcDbEntity
  8
AVAN-YAZI
100
AcDbText
 10
1028.0583
 20
97.5686
 30
0.0
 40
2.109
  1
V
  7
AVAN
 41
1.0073
 11
1028.0583
 21
97.5686
 31
0.0
100
AcDbText
  0
TEXT
  5
4E9
330
17
100
AcDbEntity
  8
AVAN-YAZI
100
AcDbText
 10
1019.6087
 20
97.4275
 30
0.0
 40
2.212
  1
380
  7
AVAN-KALIN
 41
1.2291
 11
1019.6087
 21
97.4275
 31
0.0
100
AcDbText
  0
TEXT
  5
4EA
330
17
100
AcDbEntity
  8
AVAN-YAZI
100
AcDbText
 10
1046.0584
 20
91.9947
 30
0.0
 40
1.775
  1
SABİTLER B
  7
AVAN
 41
0.9093
 11
1046.0584
 21
91.9947
 31
0.0
100
AcDbText
  0
TEXT
  5
4EB
330
17
100
AcDbEntity
  8
AVAN-YAZI
100
AcDbText
 10
896.0583
 20
91.9242
 30
0.0
 40
2.109
  1
cosφ
  7
AVAN
 41
1.1076
 11
896.0583
 21
91.9242
 31
0.0
100
AcDbText
  0
TEXT
  5
4EC
330
17
100
AcDbEntity
  8
AVAN-YAZI
100
AcDbText
 10
909.0583
 20
91.9242
 30
0.0
 40
2.109
  1
Güç katsayısı
  7
AVAN
 41
0.9316
 11
909.0583
 21
91.9242
 31
0.0
100
AcDbText
  0
TEXT
  5
4ED
330
17
100
AcDbEntity
  8
AVAN-YAZI
100
AcDbText
 10
993.0583
 20
91.9242
 30
0.0
 40
2.109
  1
=
  7
AVAN
 41
1.4092
 11
993.0583
 21
91.9242
 31
0.0
100
AcDbText
  0
TEXT
  5
4EE
330
17
100
AcDbEntity
  8
AVAN-YAZI
100
AcDbText
 10
1028.0583
 20
91.9242
 30
0.0
 40
2.109
  1
—
  7
AVAN
 41
0.9822
 11
1028.0583
 21
91.9242
 31
0.0
100
AcDbText
  0
TEXT
  5
4EF
330
17
100
AcDbEntity
  8
AVAN-YAZI
100
AcDbText
 10
1018.4562
 20
91.7831
 30
0.0
 40
2.212
  1
0,90
  7
AVAN-KALIN
 41
1.2453
 11
1018.4562
 21
91.7831
 31
0.0
100
AcDbText
  0
TEXT
  5
4F0
330
17
100
AcDbEntity
  8
AVAN-YAZI
100
AcDbText
 10
1046.0584
 20
86.3503
 30
0.0
 40
1.775
  1
GİRİŞ
  7
AVAN
 41
0.6995
 11
1046.0584
 21
86.3503
 31
0.0
100
AcDbText
  0
TEXT
  5
4F1
330
17
100
AcDbEntity
  8
AVAN-YAZI
100
AcDbText
 10
896.0583
 20
86.2797
 30
0.0
 40
2.109
  1
κ
  7
AVAN
 41
1.0544
 11
896.0583
 21
86.2797
 31
0.0
100
AcDbText
  0
TEXT
  5
4F2
330
17
100
AcDbEntity
  8
AVAN-YAZI
100
AcDbText
 10
909.0583
 20
86.2797
 30
0.0
 40
2.109
  1
İletken iletkenliği
  7
AVAN
 41
1.0509
 11
909.0583
 21
86.2797
 31
0.0
100
AcDbText
  0
TEXT
  5
4F3
330
17
100
AcDbEntity
  8
AVAN-YAZI
100
AcDbText
 10
993.0583
 20
86.2797
 30
0.0
 40
2.109
  1
=
  7
AVAN
 41
1.4092
 11
993.0583
 21
86.2797
 31
0.0
100
AcDbText
  0
TEXT
  5
4F4
330
17
100
AcDbEntity
  8
AVAN-YAZI
100
AcDbText
 10
1028.0583
 20
86.2797
 30
0.0
 40
2.109
  1
m/Ω·mm²
  7
AVAN
 41
1.1207
 11
1028.0583
 21
86.2797
 31
0.0
100
AcDbText
  0
TEXT
  5
4F5
330
17
100
AcDbEntity
  8
AVAN-YAZI
100
AcDbText
 10
1021.7197
 20
86.1386
 30
0.0
 40
2.212
  1
56
  7
AVAN-KALIN
 41
1.2291
 11
1021.7197
 21
86.1386
 31
0.0
100
AcDbText
  0
TEXT
  5
4F6
330
17
100
AcDbEntity
  8
AVAN-YAZI
100
AcDbText
 10
1046.0584
 20
80.7058
 30
0.0
 40
1.775
  1
yukarıdan
  7
AVAN
 41
1.0051
 11
1046.0584
 21
80.7058
 31
0.0
100
AcDbText
  0
TEXT
  5
4F7
330
17
100
AcDbEntity
  8
AVAN-YAZI
100
AcDbText
 10
896.0583
 20
80.6353
 30
0.0
 40
2.109
  1
P1
  7
AVAN
 41
0.9952
 11
896.0583
 21
80.6353
 31
0.0
100
AcDbText
  0
TEXT
  5
4F8
330
17
100
AcDbEntity
  8
AVAN-YAZI
100
AcDbText
 10
909.0583
 20
80.6353
 30
0.0
 40
2.109
  1
Asansörün toplam kurulu gücü
  7
AVAN
 41
1.1157
 11
909.0583
 21
80.6353
 31
0.0
100
AcDbText
  0
TEXT
  5
4F9
330
17
100
AcDbEntity
  8
AVAN-YAZI
100
AcDbText
 10
993.0583
 20
80.6353
 30
0.0
 40
2.109
  1
=
  7
AVAN
 41
1.4092
 11
993.0583
 21
80.6353
 31
0.0
100
AcDbText
  0
TEXT
  5
4FA
330
17
100
AcDbEntity
  8
AVAN-YAZI
100
AcDbText
 10
1028.0583
 20
80.6353
 30
0.0
 40
2.109
  1
W
  7
AVAN
 41
1.0287
 11
1028.0583
 21
80.6353
 31
0.0
100
AcDbText
  0
TEXT
  5
4FB
330
17
100
AcDbEntity
  8
AVAN-YAZI
100
AcDbText
 10
1014.2343
 20
80.4942
 30
0.0
 40
2.212
  1
12.165
  7
AVAN-KALIN
 41
1.2394
 11
1014.2343
 21
80.4942
 31
0.0
100
AcDbText
  0
TEXT
  5
4FC
330
17
100
AcDbEntity
  8
AVAN-YAZI
100
AcDbText
 10
1046.0584
 20
75.0614
 30
0.0
 40
1.775
  1
GİRİŞ
  7
AVAN
 41
0.6995
 11
1046.0584
 21
75.0614
 31
0.0
100
AcDbText
  0
TEXT
  5
4FD
330
17
100
AcDbEntity
  8
AVAN-YAZI
100
AcDbText
 10
896.0583
 20
74.9908
 30
0.0
 40
2.109
  1
L1
  7
AVAN
 41
1.054
 11
896.0583
 21
74.9908
 31
0.0
100
AcDbText
  0
TEXT
  5
4FE
330
17
100
AcDbEntity
  8
AVAN-YAZI
100
AcDbText
 10
909.0583
 20
74.9908
 30
0.0
 40
2.109
  1
Kolon hattı uzunluğu
  7
AVAN
 41
1.0359
 11
909.0583
 21
74.9908
 31
0.0
100
AcDbText
  0
TEXT
  5
4FF
330
17
100
AcDbEntity
  8
AVAN-YAZI
100
AcDbText
 10
993.0583
 20
74.9908
 30
0.0
 40
2.109
  1
=
  7
AVAN
 41
1.4092
 11
993.0583
 21
74.9908
 31
0.0
100
AcDbText
  0
TEXT
  5
500
330
17
100
AcDbEntity
  8
AVAN-YAZI
100
AcDbText
 10
1028.0583
 20
74.9908
 30
0.0
 40
2.109
  1
m
  7
AVAN
 41
1.1486
 11
1028.0583
 21
74.9908
 31
0.0
100
AcDbText
  0
TEXT
  5
501
330
17
100
AcDbEntity
  8
AVAN-YAZI
100
AcDbText
 10
1016.3452
 20
74.8497
 30
0.0
 40
2.212
  1
32,85
  7
AVAN-KALIN
 41
1.2417
 11
1016.3452
 21
74.8497
 31
0.0
100
AcDbText
  0
TEXT
  5
502
330
17
100
AcDbEntity
  8
AVAN-YAZI
100
AcDbText
 10
1046.0584
 20
69.805
 30
0.0
 40
1.775
  1
GİRİŞ — asansör
  7
AVAN
 41
0.9113
 11
1046.0584
 21
69.805
 31
0.0
100
AcDbText
  0
TEXT
  5
503
330
17
100
AcDbEntity
  8
AVAN-YAZI
100
AcDbText
 10
896.0583
 20
68.1469
 30
0.0
 40
2.109
  1
S1
  7
AVAN
 41
1.0207
 11
896.0583
 21
68.1469
 31
0.0
100
AcDbText
  0
TEXT
  5
504
330
17
100
AcDbEntity
  8
AVAN-YAZI
100
AcDbText
 10
909.0583
 20
68.1469
 30
0.0
 40
2.109
  1
Kolon hattı kesiti
  7
AVAN
 41
1.0548
 11
909.0583
 21
68.1469
 31
0.0
100
AcDbText
  0
TEXT
  5
505
330
17
100
AcDbEntity
  8
AVAN-YAZI
100
AcDbText
 10
993.0583
 20
68.1469
 30
0.0
 40
2.109
  1
=
  7
AVAN
 41
1.4092
 11
993.0583
 21
68.1469
 31
0.0
100
AcDbText
  0
TEXT
  5
506
330
17
100
AcDbEntity
  8
AVAN-YAZI
100
AcDbText
 10
1028.0583
 20
68.1469
 30
0.0
 40
2.109
  1
mm²
  7
AVAN
 41
1.1542
 11
1028.0583
 21
68.1469
 31
0.0
100
AcDbText
  0
TEXT
  5
507
330
17
100
AcDbEntity
  8
AVAN-YAZI
100
AcDbText
 10
1023.8307
 20
68.0058
 30
0.0
 40
2.212
  1
6
  7
AVAN-KALIN
 41
1.2291
 11
1023.8307
 21
68.0058
 31
0.0
100
AcDbText
  0
TEXT
  5
508
330
17
100
AcDbEntity
  8
AVAN-YAZI
100
AcDbText
 10
1046.0584
 20
66.63
 30
0.0
 40
1.775
  1
bazında
  7
AVAN
 41
0.9556
 11
1046.0584
 21
66.63
 31
0.0
100
AcDbText
  0
TEXT
  5
509
330
17
100
AcDbEntity
  8
AVAN-YAZI
100
AcDbText
 10
896.0583
 20
60.2271
 30
0.0
 40
2.16
  1
ε1 = 100 · P1 · L1 / ( κ · S1 · U² )
  7
AVAN-KALIN
 41
1.2259
 11
896.0583
 21
60.2271
 31
0.0
100
AcDbText
  0
TEXT
  5
50A
330
17
100
AcDbEntity
  8
AVAN-YAZI
100
AcDbText
 10
1046.0584
 20
55.2353
 30
0.0
 40
1.775
  1
kolon hattı
  7
AVAN
 41
1.0292
 11
1046.0584
 21
55.2353
 31
0.0
100
AcDbText
  0
TEXT
  5
50B
330
17
100
AcDbEntity
  8
AVAN-YAZI
100
AcDbText
 10
909.0583
 20
55.2176
 30
0.0
 40
2.109
  1
= 100 · 12.165 · 32,85 / ( 56 · 6,00 · 380² )
  7
AVAN
 41
1.1356
 11
909.0583
 21
55.2176
 31
0.0
100
AcDbText
  0
TEXT
  5
50C
330
17
100
AcDbEntity
  8
AVAN-YAZI
100
AcDbText
 10
1028.0583
 20
55.1647
 30
0.0
 40
2.109
  1
%
  7
AVAN
 41
1.0498
 11
1028.0583
 21
55.1647
 31
0.0
100
AcDbText
  0
TEXT
  5
50D
330
17
100
AcDbEntity
  8
AVAN-YAZI
100
AcDbText
 10
1016.3452
 20
55.0236
 30
0.0
 40
2.212
  1
0,824
  7
AVAN-KALIN
 41
1.2417
 11
1016.3452
 21
55.0236
 31
0.0
100
AcDbText
  0
TEXT
  5
50E
330
17
100
AcDbEntity
  8
AVAN-YAZI
100
AcDbText
 10
1046.0584
 20
48.8853
 30
0.0
 40
1.775
  1
GİRİŞ
  7
AVAN
 41
0.6995
 11
1046.0584
 21
48.8853
 31
0.0
100
AcDbText
  0
TEXT
  5
50F
330
17
100
AcDbEntity
  8
AVAN-YAZI
100
AcDbText
 10
896.0583
 20
48.8147
 30
0.0
 40
2.109
  1
P2
  7
AVAN
 41
0.9952
 11
896.0583
 21
48.8147
 31
0.0
100
AcDbText
  0
TEXT
  5
510
330
17
100
AcDbEntity
  8
AVAN-YAZI
100
AcDbText
 10
909.0583
 20
48.8147
 30
0.0
 40
2.109
  1
Makine ( motor ) gücü
  7
AVAN
 41
1.1197
 11
909.0583
 21
48.8147
 31
0.0
100
AcDbText
  0
TEXT
  5
511
330
17
100
AcDbEntity
  8
AVAN-YAZI
100
AcDbText
 10
993.0583
 20
48.8147
 30
0.0
 40
2.109
  1
=
  7
AVAN
 41
1.4092
 11
993.0583
 21
48.8147
 31
0.0
100
AcDbText
  0
TEXT
  5
512
330
17
100
AcDbEntity
  8
AVAN-YAZI
100
AcDbText
 10
1028.0583
 20
48.8147
 30
0.0
 40
2.109
  1
W
  7
AVAN
 41
1.0287
 11
1028.0583
 21
48.8147
 31
0.0
100
AcDbText
  0
TEXT
  5
513
330
17
100
AcDbEntity
  8
AVAN-YAZI
100
AcDbText
 10
1014.2343
 20
48.6736
 30
0.0
 40
2.212
  1
11.000
  7
AVAN-KALIN
 41
1.2394
 11
1014.2343
 21
48.6736
 31
0.0
100
AcDbText
  0
TEXT
  5
514
330
17
100
AcDbEntity
  8
AVAN-YAZI
100
AcDbText
 10
1046.0584
 20
43.6289
 30
0.0
 40
1.775
  1
GİRİŞ — asansör
  7
AVAN
 41
0.9113
 11
1046.0584
 21
43.6289
 31
0.0
100
AcDbText
  0
TEXT
  5
515
330
17
100
AcDbEntity
  8
AVAN-YAZI
100
AcDbText
 10
896.0583
 20
41.9708
 30
0.0
 40
2.109
  1
L2
  7
AVAN
 41
1.054
 11
896.0583
 21
41.9708
 31
0.0
100
AcDbText
  0
TEXT
  5
516
330
17
100
AcDbEntity
  8
AVAN-YAZI
100
AcDbText
 10
909.0583
 20
41.9708
 30
0.0
 40
2.109
  1
Makine besleme uzunluğu
  7
AVAN
 41
1.0865
 11
909.0583
 21
41.9708
 31
0.0
100
AcDbText
  0
TEXT
  5
517
330
17
100
AcDbEntity
  8
AVAN-YAZI
100
AcDbText
 10
993.0583
 20
41.9708
 30
0.0
 40
2.109
  1
=
  7
AVAN
 41
1.4092
 11
993.0583
 21
41.9708
 31
0.0
100
AcDbText
  0
TEXT
  5
518
330
17
100
AcDbEntity
  8
AVAN-YAZI
100
AcDbText
 10
1028.0583
 20
41.9708
 30
0.0
 40
2.109
  1
m
  7
AVAN
 41
1.1486
 11
1028.0583
 21
41.9708
 31
0.0
100
AcDbText
  0
TEXT
  5
519
330
17
100
AcDbEntity
  8
AVAN-YAZI
100
AcDbText
 10
1023.8307
 20
41.8297
 30
0.0
 40
2.212
  1
3
  7
AVAN-KALIN
 41
1.2291
 11
1023.8307
 21
41.8297
 31
0.0
100
AcDbText
  0
TEXT
  5
51A
330
17
100
AcDbEntity
  8
AVAN-YAZI
100
AcDbText
 10
1046.0584
 20
40.4539
 30
0.0
 40
1.775
  1
bazında
  7
AVAN
 41
0.9556
 11
1046.0584
 21
40.4539
 31
0.0
100
AcDbText
  0
TEXT
  5
51B
330
17
100
AcDbEntity
  8
AVAN-YAZI
100
AcDbText
 10
1046.0584
 20
35.5856
 30
0.0
 40
1.775
  1
GİRİŞ — asansör
  7
AVAN
 41
0.9113
 11
1046.0584
 21
35.5856
 31
0.0
100
AcDbText
  0
TEXT
  5
51C
330
17
100
AcDbEntity
  8
AVAN-YAZI
100
AcDbText
 10
896.0583
 20
33.9275
 30
0.0
 40
2.109
  1
S2
  7
AVAN
 41
1.0207
 11
896.0583
 21
33.9275
 31
0.0
100
AcDbText
  0
TEXT
  5
51D
330
17
100
AcDbEntity
  8
AVAN-YAZI
100
AcDbText
 10
909.0583
 20
33.9275
 30
0.0
 40
2.109
  1
Makine besleme kesiti
  7
AVAN
 41
1.1118
 11
909.0583
 21
33.9275
 31
0.0
100
AcDbText
  0
TEXT
  5
51E
330
17
100
AcDbEntity
  8
AVAN-YAZI
100
AcDbText
 10
993.0583
 20
33.9275
 30
0.0
 40
2.109
  1
=
  7
AVAN
 41
1.4092
 11
993.0583
 21
33.9275
 31
0.0
100
AcDbText
  0
TEXT
  5
51F
330
17
100
AcDbEntity
  8
AVAN-YAZI
100
AcDbText
 10
1028.0583
 20
33.9275
 30
0.0
 40
2.109
  1
mm²
  7
AVAN
 41
1.1542
 11
1028.0583
 21
33.9275
 31
0.0
100
AcDbText
  0
TEXT
  5
520
330
17
100
AcDbEntity
  8
AVAN-YAZI
100
AcDbText
 10
1023.8307
 20
33.7864
 30
0.0
 40
2.212
  1
6
  7
AVAN-KALIN
 41
1.2291
 11
1023.8307
 21
33.7864
 31
0.0
100
AcDbText
  0
TEXT
  5
521
330
17
100
AcDbEntity
  8
AVAN-YAZI
100
AcDbText
 10
1046.0584
 20
32.4106
 30
0.0
 40
1.775
  1
bazında
  7
AVAN
 41
0.9556
 11
1046.0584
 21
32.4106
 31
0.0
100
AcDbText
  0
TEXT
  5
522
330
17
100
AcDbEntity
  8
AVAN-YAZI
100
AcDbText
 10
1066.5146
 20
14.4
 30
0.0
 40
1.646
  1
Sayfa 3
  7
AVAN
 41
1.0886
 11
1066.5146
 21
14.4
 31
0.0
100
AcDbText
  0
LWPOLYLINE
  5
523
330
17
100
AcDbEntity
  8
AVAN-A4
100
AcDbPolyline
 90
4
 70
1
 10
1100.0000166666666
 20
0.0
 10
1310.00002
 20
0.0
 10
1310.00002
 20
297.0000127777778
 10
1100.0000166666666
 20
297.0000127777778
  0
LINE
  5
524
330
17
100
AcDbEntity
  8
AVAN-CIZGI
100
AcDbLine
 10
1112.0
 20
12.0
 30
0.0
 11
1298.0
 21
12.0
 31
0.0
  0
LINE
  5
525
330
17
100
AcDbEntity
  8
AVAN-CIZGI
100
AcDbLine
 10
1298.0
 20
12.0
 30
0.0
 11
1298.0
 21
285.0
 31
0.0
  0
LINE
  5
526
330
17
100
AcDbEntity
  8
AVAN-CIZGI
100
AcDbLine
 10
1298.0
 20
285.0
 30
0.0
 11
1112.0
 21
285.0
 31
0.0
  0
LINE
  5
527
330
17
100
AcDbEntity
  8
AVAN-CIZGI
100
AcDbLine
 10
1112.0
 20
285.0
 30
0.0
 11
1112.0
 21
12.0
 31
0.0
  0
LINE
  5
528
330
17
100
AcDbEntity
  8
AVAN-CIZGI
100
AcDbLine
 10
1112.0
 20
273.6
 30
0.0
 11
1298.0
 21
273.6
 31
0.0
  0
LINE
  5
529
330
17
100
AcDbEntity
  8
AVAN-CIZGI
100
AcDbLine
 10
1112.0
 20
19.0
 30
0.0
 11
1298.0
 21
19.0
 31
0.0
  0
LINE
  5
52A
330
17
100
AcDbEntity
  8
AVAN-CIZGI
100
AcDbLine
 10
1115.0
 20
223.7739
 30
0.0
 11
1115.0
 21
266.8833
 31
0.0
  0
LINE
  5
52B
330
17
100
AcDbEntity
  8
AVAN-CIZGI
100
AcDbLine
 10
1295.0
 20
223.7739
 30
0.0
 11
1295.0
 21
266.8833
 31
0.0
  0
LINE
  5
52C
330
17
100
AcDbEntity
  8
AVAN-CIZGI
100
AcDbLine
 10
1115.0
 20
223.7739
 30
0.0
 11
1295.0
 21
223.7739
 31
0.0
  0
LINE
  5
52D
330
17
100
AcDbEntity
  8
AVAN-CIZGI
100
AcDbLine
 10
1217.0
 20
223.7739
 30
0.0
 11
1217.0
 21
266.8833
 31
0.0
  0
LINE
  5
52E
330
17
100
AcDbEntity
  8
AVAN-CIZGI
100
AcDbLine
 10
1265.0
 20
223.7739
 30
0.0
 11
1265.0
 21
266.8833
 31
0.0
  0
LINE
  5
52F
330
17
100
AcDbEntity
  8
AVAN-CIZGI
100
AcDbLine
 10
1115.0
 20
266.8833
 30
0.0
 11
1295.0
 21
266.8833
 31
0.0
  0
LINE
  5
530
330
17
100
AcDbEntity
  8
AVAN-CIZGI
100
AcDbLine
 10
1115.0
 20
254.395
 30
0.0
 11
1295.0
 21
254.395
 31
0.0
  0
LINE
  5
531
330
17
100
AcDbEntity
  8
AVAN-CIZGI
100
AcDbLine
 10
1115.0
 20
241.9067
 30
0.0
 11
1295.0
 21
241.9067
 31
0.0
  0
LINE
  5
532
330
17
100
AcDbEntity
  8
AVAN-CIZGI
100
AcDbLine
 10
1115.0
 20
236.2622
 30
0.0
 11
1295.0
 21
236.2622
 31
0.0
  0
LINE
  5
533
330
17
100
AcDbEntity
  8
AVAN-CIZGI
100
AcDbLine
 10
1115.0
 20
223.7739
 30
0.0
 11
1295.0
 21
223.7739
 31
0.0
  0
LINE
  5
534
330
17
100
AcDbEntity
  8
AVAN-CIZGI
100
AcDbLine
 10
1115.0
 20
223.7739
 30
0.0
 11
1295.0
 21
223.7739
 31
0.0
  0
LINE
  5
535
330
17
100
AcDbEntity
  8
AVAN-CIZGI
100
AcDbLine
 10
1115.0
 20
215.7306
 30
0.0
 11
1295.0
 21
215.7306
 31
0.0
  0
LINE
  5
536
330
17
100
AcDbEntity
  8
AVAN-CIZGI
100
AcDbLine
 10
1115.0
 20
215.7306
 30
0.0
 11
1115.0
 21
223.7739
 31
0.0
  0
LINE
  5
537
330
17
100
AcDbEntity
  8
AVAN-CIZGI
100
AcDbLine
 10
1295.0
 20
215.7306
 30
0.0
 11
1295.0
 21
223.7739
 31
0.0
  0
LINE
  5
538
330
17
100
AcDbEntity
  8
AVAN-CIZGI
100
AcDbLine
 10
1217.0
 20
215.7306
 30
0.0
 11
1217.0
 21
223.7739
 31
0.0
  0
LINE
  5
539
330
17
100
AcDbEntity
  8
AVAN-CIZGI
100
AcDbLine
 10
1265.0
 20
215.7306
 30
0.0
 11
1265.0
 21
223.7739
 31
0.0
  0
LINE
  5
53A
330
17
100
AcDbEntity
  8
AVAN-CIZGI
100
AcDbLine
 10
1115.0
 20
215.7306
 30
0.0
 11
1295.0
 21
215.7306
 31
0.0
  0
LINE
  5
53B
330
17
100
AcDbEntity
  8
AVAN-CIZGI
100
AcDbLine
 10
1115.0
 20
214.2305
 30
0.0
 11
1295.0
 21
214.2305
 31
0.0
  0
LINE
  5
53C
330
17
100
AcDbEntity
  8
AVAN-CIZGI
100
AcDbLine
 10
1115.0
 20
202.5889
 30
0.0
 11
1295.0
 21
202.5889
 31
0.0
  0
LINE
  5
53D
330
17
100
AcDbEntity
  8
AVAN-CIZGI
100
AcDbLine
 10
1115.0
 20
175.0689
 30
0.0
 11
1295.0
 21
175.0689
 31
0.0
  0
LINE
  5
53E
330
17
100
AcDbEntity
  8
AVAN-CIZGI
100
AcDbLine
 10
1115.0
 20
168.225
 30
0.0
 11
1295.0
 21
168.225
 31
0.0
  0
LINE
  5
53F
330
17
100
AcDbEntity
  8
AVAN-CIZGI
100
AcDbLine
 10
1115.0
 20
168.225
 30
0.0
 11
1115.0
 21
175.0689
 31
0.0
  0
LINE
  5
540
330
17
100
AcDbEntity
  8
AVAN-CIZGI
100
AcDbLine
 10
1295.0
 20
168.225
 30
0.0
 11
1295.0
 21
175.0689
 31
0.0
  0
LINE
  5
541
330
17
100
AcDbEntity
  8
AVAN-CIZGI
100
AcDbLine
 10
1115.0
 20
175.0689
 30
0.0
 11
1295.0
 21
175.0689
 31
0.0
  0
LINE
  5
542
330
17
100
AcDbEntity
  8
AVAN-CIZGI
100
AcDbLine
 10
1115.0
 20
168.225
 30
0.0
 11
1295.0
 21
168.225
 31
0.0
  0
LINE
  5
543
330
17
100
AcDbEntity
  8
AVAN-CIZGI
100
AcDbLine
 10
1115.0
 20
162.5806
 30
0.0
 11
1295.0
 21
162.5806
 31
0.0
  0
LINE
  5
544
330
17
100
AcDbEntity
  8
AVAN-CIZGI
100
AcDbLine
 10
1115.0
 20
162.5806
 30
0.0
 11
1115.0
 21
168.225
 31
0.0
  0
LINE
  5
545
330
17
100
AcDbEntity
  8
AVAN-CIZGI
100
AcDbLine
 10
1295.0
 20
162.5806
 30
0.0
 11
1295.0
 21
168.225
 31
0.0
  0
LINE
  5
546
330
17
100
AcDbEntity
  8
AVAN-CIZGI
100
AcDbLine
 10
1217.0
 20
162.5806
 30
0.0
 11
1217.0
 21
168.225
 31
0.0
  0
LINE
  5
547
330
17
100
AcDbEntity
  8
AVAN-CIZGI
100
AcDbLine
 10
1265.0
 20
162.5806
 30
0.0
 11
1265.0
 21
168.225
 31
0.0
  0
LINE
  5
548
330
17
100
AcDbEntity
  8
AVAN-CIZGI
100
AcDbLine
 10
1115.0
 20
162.5806
 30
0.0
 11
1295.0
 21
162.5806
 31
0.0
  0
LINE
  5
549
330
17
100
AcDbEntity
  8
AVAN-CIZGI
100
AcDbLine
 10
1115.0
 20
162.5806
 30
0.0
 11
1295.0
 21
162.5806
 31
0.0
  0
LINE
  5
54A
330
17
100
AcDbEntity
  8
AVAN-CIZGI
100
AcDbLine
 10
1115.0
 20
91.2489
 30
0.0
 11
1295.0
 21
91.2489
 31
0.0
  0
LINE
  5
54B
330
17
100
AcDbEntity
  8
AVAN-CIZGI
100
AcDbLine
 10
1115.0
 20
91.2489
 30
0.0
 11
1115.0
 21
162.5806
 31
0.0
  0
LINE
  5
54C
330
17
100
AcDbEntity
  8
AVAN-CIZGI
100
AcDbLine
 10
1295.0
 20
91.2489
 30
0.0
 11
1295.0
 21
162.5806
 31
0.0
  0
LINE
  5
54D
330
17
100
AcDbEntity
  8
AVAN-CIZGI
100
AcDbLine
 10
1217.0
 20
91.2489
 30
0.0
 11
1217.0
 21
162.5806
 31
0.0
  0
LINE
  5
54E
330
17
100
AcDbEntity
  8
AVAN-CIZGI
100
AcDbLine
 10
1265.0
 20
91.2489
 30
0.0
 11
1265.0
 21
162.5806
 31
0.0
  0
LINE
  5
54F
330
17
100
AcDbEntity
  8
AVAN-CIZGI
100
AcDbLine
 10
1115.0
 20
156.9361
 30
0.0
 11
1295.0
 21
156.9361
 31
0.0
  0
LINE
  5
550
330
17
100
AcDbEntity
  8
AVAN-CIZGI
100
AcDbLine
 10
1115.0
 20
151.2917
 30
0.0
 11
1295.0
 21
151.2917
 31
0.0
  0
LINE
  5
551
330
17
100
AcDbEntity
  8
AVAN-CIZGI
100
AcDbLine
 10
1115.0
 20
138.8033
 30
0.0
 11
1295.0
 21
138.8033
 31
0.0
  0
LINE
  5
552
330
17
100
AcDbEntity
  8
AVAN-CIZGI
100
AcDbLine
 10
1115.0
 20
133.1589
 30
0.0
 11
1295.0
 21
133.1589
 31
0.0
  0
LINE
  5
553
330
17
100
AcDbEntity
  8
AVAN-CIZGI
100
AcDbLine
 10
1115.0
 20
127.5145
 30
0.0
 11
1295.0
 21
127.5145
 31
0.0
  0
LINE
  5
554
330
17
100
AcDbEntity
  8
AVAN-CIZGI
100
AcDbLine
 10
1115.0
 20
121.87
 30
0.0
 11
1295.0
 21
121.87
 31
0.0
  0
LINE
  5
555
330
17
100
AcDbEntity
  8
AVAN-CIZGI
100
AcDbLine
 10
1115.0
 20
109.3817
 30
0.0
 11
1295.0
 21
109.3817
 31
0.0
  0
LINE
  5
556
330
17
100
AcDbEntity
  8
AVAN-CIZGI
100
AcDbLine
 10
1115.0
 20
103.7372
 30
0.0
 11
1295.0
 21
103.7372
 31
0.0
  0
LINE
  5
557
330
17
100
AcDbEntity
  8
AVAN-CIZGI
100
AcDbLine
 10
1115.0
 20
91.2489
 30
0.0
 11
1295.0
 21
91.2489
 31
0.0
  0
LINE
  5
558
330
17
100
AcDbEntity
  8
AVAN-CIZGI
100
AcDbLine
 10
1115.0
 20
91.2489
 30
0.0
 11
1295.0
 21
91.2489
 31
0.0
  0
LINE
  5
559
330
17
100
AcDbEntity
  8
AVAN-CIZGI
100
AcDbLine
 10
1115.0
 20
85.6045
 30
0.0
 11
1295.0
 21
85.6045
 31
0.0
  0
LINE
  5
55A
330
17
100
AcDbEntity
  8
AVAN-CIZGI
100
AcDbLine
 10
1115.0
 20
85.6045
 30
0.0
 11
1115.0
 21
91.2489
 31
0.0
  0
LINE
  5
55B
330
17
100
AcDbEntity
  8
AVAN-CIZGI
100
AcDbLine
 10
1295.0
 20
85.6045
 30
0.0
 11
1295.0
 21
91.2489
 31
0.0
  0
LINE
  5
55C
330
17
100
AcDbEntity
  8
AVAN-CIZGI
100
AcDbLine
 10
1217.0
 20
85.6045
 30
0.0
 11
1217.0
 21
91.2489
 31
0.0
  0
LINE
  5
55D
330
17
100
AcDbEntity
  8
AVAN-CIZGI
100
AcDbLine
 10
1265.0
 20
85.6045
 30
0.0
 11
1265.0
 21
91.2489
 31
0.0
  0
LINE
  5
55E
330
17
100
AcDbEntity
  8
AVAN-CIZGI
100
AcDbLine
 10
1115.0
 20
85.6045
 30
0.0
 11
1295.0
 21
85.6045
 31
0.0
  0
LINE
  5
55F
330
17
100
AcDbEntity
  8
AVAN-CIZGI
100
AcDbLine
 10
1115.0
 20
84.1044
 30
0.0
 11
1295.0
 21
84.1044
 31
0.0
  0
LINE
  5
560
330
17
100
AcDbEntity
  8
AVAN-CIZGI
100
AcDbLine
 10
1115.0
 20
76.8725
 30
0.0
 11
1295.0
 21
76.8725
 31
0.0
  0
LINE
  5
561
330
17
100
AcDbEntity
  8
AVAN-CIZGI
100
AcDbLine
 10
1115.0
 20
70.8725
 30
0.0
 11
1295.0
 21
70.8725
 31
0.0
  0
LINE
  5
562
330
17
100
AcDbEntity
  8
AVAN-CIZGI
100
AcDbLine
 10
1115.0
 20
64.0286
 30
0.0
 11
1295.0
 21
64.0286
 31
0.0
  0
LINE
  5
563
330
17
100
AcDbEntity
  8
AVAN-CIZGI
100
AcDbLine
 10
1115.0
 20
64.0286
 30
0.0
 11
1115.0
 21
70.8725
 31
0.0
  0
LINE
  5
564
330
17
100
AcDbEntity
  8
AVAN-CIZGI
100
AcDbLine
 10
1295.0
 20
64.0286
 30
0.0
 11
1295.0
 21
70.8725
 31
0.0
  0
LINE
  5
565
330
17
100
AcDbEntity
  8
AVAN-CIZGI
100
AcDbLine
 10
1115.0
 20
70.8725
 30
0.0
 11
1295.0
 21
70.8725
 31
0.0
  0
LINE
  5
566
330
17
100
AcDbEntity
  8
AVAN-CIZGI
100
AcDbLine
 10
1115.0
 20
64.0286
 30
0.0
 11
1295.0
 21
64.0286
 31
0.0
  0
LINE
  5
567
330
17
100
AcDbEntity
  8
AVAN-CIZGI
100
AcDbLine
 10
1115.0
 20
57.1847
 30
0.0
 11
1295.0
 21
57.1847
 31
0.0
  0
LINE
  5
568
330
17
100
AcDbEntity
  8
AVAN-CIZGI
100
AcDbLine
 10
1115.0
 20
57.1847
 30
0.0
 11
1115.0
 21
64.0286
 31
0.0
  0
LINE
  5
569
330
17
100
AcDbEntity
  8
AVAN-CIZGI
100
AcDbLine
 10
1295.0
 20
57.1847
 30
0.0
 11
1295.0
 21
64.0286
 31
0.0
  0
LINE
  5
56A
330
17
100
AcDbEntity
  8
AVAN-CIZGI
100
AcDbLine
 10
1115.0
 20
64.0286
 30
0.0
 11
1295.0
 21
64.0286
 31
0.0
  0
LINE
  5
56B
330
17
100
AcDbEntity
  8
AVAN-CIZGI
100
AcDbLine
 10
1115.0
 20
57.1847
 30
0.0
 11
1295.0
 21
57.1847
 31
0.0
  0
LINE
  5
56C
330
17
100
AcDbEntity
  8
AVAN-CIZGI
100
AcDbLine
 10
1115.0
 20
44.6964
 30
0.0
 11
1295.0
 21
44.6964
 31
0.0
  0
LINE
  5
56D
330
17
100
AcDbEntity
  8
AVAN-CIZGI
100
AcDbLine
 10
1115.0
 20
44.6964
 30
0.0
 11
1115.0
 21
57.1847
 31
0.0
  0
LINE
  5
56E
330
17
100
AcDbEntity
  8
AVAN-CIZGI
100
AcDbLine
 10
1295.0
 20
44.6964
 30
0.0
 11
1295.0
 21
57.1847
 31
0.0
  0
LINE
  5
56F
330
17
100
AcDbEntity
  8
AVAN-CIZGI
100
AcDbLine
 10
1217.0
 20
44.6964
 30
0.0
 11
1217.0
 21
57.1847
 31
0.0
  0
LINE
  5
570
330
17
100
AcDbEntity
  8
AVAN-CIZGI
100
AcDbLine
 10
1265.0
 20
44.6964
 30
0.0
 11
1265.0
 21
57.1847
 31
0.0
  0
LINE
  5
571
330
17
100
AcDbEntity
  8
AVAN-CIZGI
100
AcDbLine
 10
1115.0
 20
44.6964
 30
0.0
 11
1295.0
 21
44.6964
 31
0.0
  0
LINE
  5
572
330
17
100
AcDbEntity
  8
AVAN-CIZGI
100
AcDbLine
 10
1115.0
 20
44.6964
 30
0.0
 11
1295.0
 21
44.6964
 31
0.0
  0
LINE
  5
573
330
17
100
AcDbEntity
  8
AVAN-CIZGI
100
AcDbLine
 10
1115.0
 20
32.2081
 30
0.0
 11
1115.0
 21
44.6964
 31
0.0
  0
LINE
  5
574
330
17
100
AcDbEntity
  8
AVAN-CIZGI
100
AcDbLine
 10
1295.0
 20
32.2081
 30
0.0
 11
1295.0
 21
44.6964
 31
0.0
  0
LINE
  5
575
330
17
100
AcDbEntity
  8
AVAN-CIZGI
100
AcDbLine
 10
1217.0
 20
32.2081
 30
0.0
 11
1217.0
 21
44.6964
 31
0.0
  0
LINE
  5
576
330
17
100
AcDbEntity
  8
AVAN-CIZGI
100
AcDbLine
 10
1265.0
 20
32.2081
 30
0.0
 11
1265.0
 21
44.6964
 31
0.0
  0
LINE
  5
577
330
17
100
AcDbEntity
  8
AVAN-CIZGI
100
AcDbLine
 10
1115.0
 20
32.2081
 30
0.0
 11
1295.0
 21
32.2081
 31
0.0
  0
TEXT
  5
578
330
17
100
AcDbEntity
  8
AVAN-YAZI
100
AcDbText
 10
1164.0278
 20
276.8
 30
0.0
 40
3.086
  1
ASANSÖR AVAN PROJE HESAPLARI
  7
AVAN-KALIN
 41
1.066
 11
1164.0278
 21
276.8
 31
0.0
100
AcDbText
  0
TEXT
  5
579
330
17
100
AcDbEntity
  8
AVAN-YAZI
100
AcDbText
 10
1116.0584
 20
262.0679
 30
0.0
 40
2.16
  1
ε2 = 100 · P2 · L2 / ( κ · S2 · U² )
  7
AVAN-KALIN
 41
1.2259
 11
1116.0584
 21
262.0679
 31
0.0
100
AcDbText
  0
TEXT
  5
57A
330
17
100
AcDbEntity
  8
AVAN-YAZI
100
AcDbText
 10
1266.0584
 20
257.0761
 30
0.0
 40
1.775
  1
makine besleme
  7
AVAN
 41
1.1149
 11
1266.0584
 21
257.0761
 31
0.0
100
AcDbText
  0
TEXT
  5
57B
330
17
100
AcDbEntity
  8
AVAN-YAZI
100
AcDbText
 10
1129.0584
 20
257.0585
 30
0.0
 40
2.109
  1
= 100 · 11.000 · 3,00 / ( 56 · 6,00 · 380² )
  7
AVAN
 41
1.136
 11
1129.0584
 21
257.0585
 31
0.0
100
AcDbText
  0
TEXT
  5
57C
330
17
100
AcDbEntity
  8
AVAN-YAZI
100
AcDbText
 10
1248.0583
 20
257.0056
 30
0.0
 40
2.109
  1
%
  7
AVAN
 41
1.0498
 11
1248.0583
 21
257.0056
 31
0.0
100
AcDbText
  0
TEXT
  5
57D
330
17
100
AcDbEntity
  8
AVAN-YAZI
100
AcDbText
 10
1236.3452
 20
256.8644
 30
0.0
 40
2.212
  1
0,068
  7
AVAN-KALIN
 41
1.2417
 11
1236.3452
 21
256.8644
 31
0.0
100
AcDbText
  0
TEXT
  5
57E
330
17
100
AcDbEntity
  8
AVAN-YAZI
100
AcDbText
 10
1116.0584
 20
249.5796
 30
0.0
 40
2.16
  1
ε = ε1 + ε2
  7
AVAN-KALIN
 41
1.2785
 11
1116.0584
 21
249.5796
 31
0.0
100
AcDbText
  0
TEXT
  5
57F
330
17
100
AcDbEntity
  8
AVAN-YAZI
100
AcDbText
 10
1266.0584
 20
244.5878
 30
0.0
 40
1.775
  1
toplam
  7
AVAN
 41
1.1466
 11
1266.0584
 21
244.5878
 31
0.0
100
AcDbText
  0
TEXT
  5
580
330
17
100
AcDbEntity
  8
AVAN-YAZI
100
AcDbText
 10
1129.0584
 20
244.5701
 30
0.0
 40
2.109
  1
= 0,824 + 0,068
  7
AVAN
 41
1.1713
 11
1129.0584
 21
244.5701
 31
0.0
100
AcDbText
  0
TEXT
  5
581
330
17
100
AcDbEntity
  8
AVAN-YAZI
100
AcDbText
 10
1248.0583
 20
244.5172
 30
0.0
 40
2.109
  1
%
  7
AVAN
 41
1.0498
 11
1248.0583
 21
244.5172
 31
0.0
100
AcDbText
  0
TEXT
  5
582
330
17
100
AcDbEntity
  8
AVAN-YAZI
100
AcDbText
 10
1236.3452
 20
244.3761
 30
0.0
 40
2.212
  1
0,892
  7
AVAN-KALIN
 41
1.2417
 11
1236.3452
 21
244.3761
 31
0.0
100
AcDbText
  0
TEXT
  5
583
330
17
100
AcDbEntity
  8
AVAN-YAZI
100
AcDbText
 10
1266.0584
 20
238.2378
 30
0.0
 40
1.775
  1
GİRİŞ
  7
AVAN
 41
0.6995
 11
1266.0584
 21
238.2378
 31
0.0
100
AcDbText
  0
TEXT
  5
584
330
17
100
AcDbEntity
  8
AVAN-YAZI
100
AcDbText
 10
1116.0584
 20
238.1672
 30
0.0
 40
2.109
  1
εmax
  7
AVAN
 41
1.1472
 11
1116.0584
 21
238.1672
 31
0.0
100
AcDbText
  0
TEXT
  5
585
330
17
100
AcDbEntity
  8
AVAN-YAZI
100
AcDbText
 10
1129.0584
 20
238.1672
 30
0.0
 40
2.109
  1
İzin verilen gerilim düşümü
  7
AVAN
 41
1.0624
 11
1129.0584
 21
238.1672
 31
0.0
100
AcDbText
  0
TEXT
  5
586
330
17
100
AcDbEntity
  8
AVAN-YAZI
100
AcDbText
 10
1213.0583
 20
238.1672
 30
0.0
 40
2.109
  1
=
  7
AVAN
 41
1.4092
 11
1213.0583
 21
238.1672
 31
0.0
100
AcDbText
  0
TEXT
  5
587
330
17
100
AcDbEntity
  8
AVAN-YAZI
100
AcDbText
 10
1248.0583
 20
238.1672
 30
0.0
 40
2.109
  1
%
  7
AVAN
 41
1.0498
 11
1248.0583
 21
238.1672
 31
0.0
100
AcDbText
  0
TEXT
  5
588
330
17
100
AcDbEntity
  8
AVAN-YAZI
100
AcDbText
 10
1243.8307
 20
238.0261
 30
0.0
 40
2.212
  1
3
  7
AVAN-KALIN
 41
1.2291
 11
1243.8307
 21
238.0261
 31
0.0
100
AcDbText
  0
TEXT
  5
589
330
17
100
AcDbEntity
  8
AVAN-YAZI
100
AcDbText
 10
1116.0584
 20
231.4468
 30
0.0
 40
2.16
  1
I = P1 / ( √3 · U · cosφ )
  7
AVAN-KALIN
 41
1.2226
 11
1116.0584
 21
231.4468
 31
0.0
100
AcDbText
  0
TEXT
  5
58A
330
17
100
AcDbEntity
  8
AVAN-YAZI
100
AcDbText
 10
1266.0584
 20
226.455
 30
0.0
 40
1.775
  1
hat akımı
  7
AVAN
 41
0.9047
 11
1266.0584
 21
226.455
 31
0.0
100
AcDbText
  0
TEXT
  5
58B
330
17
100
AcDbEntity
  8
AVAN-YAZI
100
AcDbText
 10
1129.0584
 20
226.4374
 30
0.0
 40
2.109
  1
= 12.165 / ( 1,73 · 380 · 0,90 )
  7
AVAN
 41
1.139
 11
1129.0584
 21
226.4374
 31
0.0
100
AcDbText
  0
TEXT
  5
58C
330
17
100
AcDbEntity
  8
AVAN-YAZI
100
AcDbText
 10
1248.0583
 20
226.3844
 30
0.0
 40
2.109
  1
A
  7
AVAN
 41
1.0073
 11
1248.0583
 21
226.3844
 31
0.0
100
AcDbText
  0
TEXT
  5
58D
330
17
100
AcDbEntity
  8
AVAN-YAZI
100
AcDbText
 10
1236.3452
 20
226.2433
 30
0.0
 40
2.212
  1
20,54
  7
AVAN-KALIN
 41
1.2417
 11
1236.3452
 21
226.2433
 31
0.0
100
AcDbText
  0
TEXT
  5
58E
330
17
100
AcDbEntity
  8
AVAN-YAZI
100
AcDbText
 10
1266.0584
 20
220.4931
 30
0.0
 40
1.775
  1
TABLOLAR / IEC
  7
AVAN
 41
0.9992
 11
1266.0584
 21
220.4931
 31
0.0
100
AcDbText
  0
TEXT
  5
58F
330
17
100
AcDbEntity
  8
AVAN-YAZI
100
AcDbText
 10
1116.0584
 20
218.835
 30
0.0
 40
2.109
  1
Iz
  7
AVAN
 41
1.035
 11
1116.0584
 21
218.835
 31
0.0
100
AcDbText
  0
TEXT
  5
590
330
17
100
AcDbEntity
  8
AVAN-YAZI
100
AcDbText
 10
1129.0584
 20
218.835
 30
0.0
 40
2.109
  1
Kablonun akım taşıma kapasitesi
  7
AVAN
 41
1.0209
 11
1129.0584
 21
218.835
 31
0.0
100
AcDbText
  0
TEXT
  5
591
330
17
100
AcDbEntity
  8
AVAN-YAZI
100
AcDbText
 10
1213.0583
 20
218.835
 30
0.0
 40
2.109
  1
=
  7
AVAN
 41
1.4092
 11
1213.0583
 21
218.835
 31
0.0
100
AcDbText
  0
TEXT
  5
592
330
17
100
AcDbEntity
  8
AVAN-YAZI
100
AcDbText
 10
1248.0583
 20
218.835
 30
0.0
 40
2.109
  1
A
  7
AVAN
 41
1.0073
 11
1248.0583
 21
218.835
 31
0.0
100
AcDbText
  0
TEXT
  5
593
330
17
100
AcDbEntity
  8
AVAN-YAZI
100
AcDbText
 10
1241.7197
 20
218.6939
 30
0.0
 40
2.212
  1
41
  7
AVAN-KALIN
 41
1.2291
 11
1241.7197
 21
218.6939
 31
0.0
100
AcDbText
  0
TEXT
  5
594
330
17
100
AcDbEntity
  8
AVAN-YAZI
100
AcDbText
 10
1266.0584
 20
217.3181
 30
0.0
 40
1.775
  1
60364-5-52
  7
AVAN
 41
1.1161
 11
1266.0584
 21
217.3181
 31
0.0
100
AcDbText
  0
TEXT
  5
595
330
17
100
AcDbEntity
  8
AVAN-YAZI
100
AcDbText
 10
1115.7056
 20
209.6444
 30
0.0
 40
2.315
  1
KONTROL ε ≤ εmax ve I ≤
  7
AVAN-KALIN
 41
1.176
 11
1115.7056
 21
209.6444
 31
0.0
100
AcDbText
  0
TEXT
  5
596
330
17
100
AcDbEntity
  8
AVAN-YAZI
100
AcDbText
 10
1167.7056
 20
207.4396
 30
0.0
 40
2.315
  1
Seçilen kablo : 6,00 mm² NHXMH FE180 — uygundur.
  7
AVAN-KALIN
 41
1.1625
 11
1167.7056
 21
207.4396
 31
0.0
100
AcDbText
  0
TEXT
  5
597
330
17
100
AcDbEntity
  8
AVAN-YAZI
100
AcDbText
 10
1115.7056
 20
205.2347
 30
0.0
 40
2.315
  1
Iz
  7
AVAN-KALIN
 41
1.2045
 11
1115.7056
 21
205.2347
 31
0.0
100
AcDbText
  0
TEXT
  5
598
330
17
100
AcDbEntity
  8
AVAN-YAZI
100
AcDbText
 10
1117.1167
 20
200.0489
 30
0.0
 40
1.852
  1
ε ≤ εmax : UYGUN
  7
AVAN
 41
1.0987
 11
1117.1167
 21
200.0489
 31
0.0
100
AcDbText
  0
TEXT
  5
599
330
17
100
AcDbEntity
  8
AVAN-YAZI
100
AcDbText
 10
1117.1167
 20
196.6622
 30
0.0
 40
1.852
  1
I ≤ Iz : UYGUN
  7
AVAN
 41
1.0643
 11
1117.1167
 21
196.6622
 31
0.0
100
AcDbText
  0
TEXT
  5
59A
330
17
100
AcDbEntity
  8
AVAN-YAZI
100
AcDbText
 10
1117.1167
 20
192.0755
 30
0.0
 40
1.852
  1
▪ Aydınlatma ve priz devrelerinde izin verilen gerilim düşümü %1,5'tir; bu devrelerin uç noktalara kadar düşümü uygulama projesinde
  7
AVAN
 41
1.1058
 11
1117.1167
 21
192.0755
 31
0.0
100
AcDbText
  0
TEXT
  5
59B
330
17
100
AcDbEntity
  8
AVAN-YAZI
100
AcDbText
 10
1117.1167
 20
188.6889
 30
0.0
 40
1.852
  1
kontrol edilecektir.
  7
AVAN
 41
1.1457
 11
1117.1167
 21
188.6889
 31
0.0
100
AcDbText
  0
TEXT
  5
59C
330
17
100
AcDbEntity
  8
AVAN-YAZI
100
AcDbText
 10
1117.1167
 20
185.3022
 30
0.0
 40
1.852
  1
▪ ε % = 100 · P · L / ( κ · S · U² ) I = P / ( √3 · U · cosφ )
  7
AVAN
 41
1.0996
 11
1117.1167
 21
185.3022
 31
0.0
100
AcDbText
  0
TEXT
  5
59D
330
17
100
AcDbEntity
  8
AVAN-YAZI
100
AcDbText
 10
1117.1167
 20
181.9155
 30
0.0
 40
1.852
  1
▪ Kolon hattı asansörün TOPLAM kurulu gücünü ( motor + aydınlatma + priz ) taşır; makine besleme hattı yalnız motoru besler.
  7
AVAN
 41
1.0641
 11
1117.1167
 21
181.9155
 31
0.0
100
AcDbText
  0
TEXT
  5
59E
330
17
100
AcDbEntity
  8
AVAN-YAZI
100
AcDbText
 10
1277.8424
 20
170.6415
 30
0.0
 40
1.903
  1
TS EN 81-20
  7
AVAN
 41
1.0479
 11
1277.8424
 21
170.6415
 31
0.0
100
AcDbText
  0
TEXT
  5
59F
330
17
100
AcDbEntity
  8
AVAN-YAZI
100
AcDbText
 10
1116.0584
 20
170.5181
 30
0.0
 40
2.443
  1
MAKİNE DAİRESİ AYDINLATMA HESABI
  7
AVAN-KALIN
 41
1.0239
 11
1116.0584
 21
170.5181
 31
0.0
100
AcDbText
  0
TEXT
  5
5A0
330
17
100
AcDbEntity
  8
AVAN-YAZI
100
AcDbText
 10
1266.0584
 20
164.5561
 30
0.0
 40
1.775
  1
GİRİŞ
  7
AVAN
 41
0.6995
 11
1266.0584
 21
164.5561
 31
0.0
100
AcDbText
  0
TEXT
  5
5A1
330
17
100
AcDbEntity
  8
AVAN-YAZI
100
AcDbText
 10
1116.0584
 20
164.4856
 30
0.0
 40
2.109
  1
a
  7
AVAN
 41
1.0825
 11
1116.0584
 21
164.4856
 31
0.0
100
AcDbText
  0
TEXT
  5
5A2
330
17
100
AcDbEntity
  8
AVAN-YAZI
100
AcDbText
 10
1129.0584
 20
164.4856
 30
0.0
 40
2.109
  1
Makine dairesi uzunluğu
  7
AVAN
 41
1.0883
 11
1129.0584
 21
164.4856
 31
0.0
100
AcDbText
  0
TEXT
  5
5A3
330
17
100
AcDbEntity
  8
AVAN-YAZI
100
AcDbText
 10
1213.0583
 20
164.4856
 30
0.0
 40
2.109
  1
=
  7
AVAN
 41
1.4092
 11
1213.0583
 21
164.4856
 31
0.0
100
AcDbText
  0
TEXT
  5
5A4
330
17
100
AcDbEntity
  8
AVAN-YAZI
100
AcDbText
 10
1248.0583
 20
164.4856
 30
0.0
 40
2.109
  1
m
  7
AVAN
 41
1.1486
 11
1248.0583
 21
164.4856
 31
0.0
100
AcDbText
  0
TEXT
  5
5A5
330
17
100
AcDbEntity
  8
AVAN-YAZI
100
AcDbText
 10
1238.4562
 20
164.3445
 30
0.0
 40
2.212
  1
4,20
  7
AVAN-KALIN
 41
1.2453
 11
1238.4562
 21
164.3445
 31
0.0
100
AcDbText
  0
TEXT
  5
5A6
330
17
100
AcDbEntity
  8
AVAN-YAZI
100
AcDbText
 10
1266.0584
 20
158.9117
 30
0.0
 40
1.775
  1
GİRİŞ
  7
AVAN
 41
0.6995
 11
1266.0584
 21
158.9117
 31
0.0
100
AcDbText
  0
TEXT
  5
5A7
330
17
100
AcDbEntity
  8
AVAN-YAZI
100
AcDbText
 10
1116.0584
 20
158.8411
 30
0.0
 40
2.109
  1
b
  7
AVAN
 41
1.1213
 11
1116.0584
 21
158.8411
 31
0.0
100
AcDbText
  0
TEXT
  5
5A8
330
17
100
AcDbEntity
  8
AVAN-YAZI
100
AcDbText
 10
1129.0584
 20
158.8411
 30
0.0
 40
2.109
  1
Makine dairesi genişliği
  7
AVAN
 41
1.0655
 11
1129.0584
 21
158.8411
 31
0.0
100
AcDbText
  0
TEXT
  5
5A9
330
17
100
AcDbEntity
  8
AVAN-YAZI
100
AcDbText
 10
1213.0583
 20
158.8411
 30
0.0
 40
2.109
  1
=
  7
AVAN
 41
1.4092
 11
1213.0583
 21
158.8411
 31
0.0
100
AcDbText
  0
TEXT
  5
5AA
330
17
100
AcDbEntity
  8
AVAN-YAZI
100
AcDbText
 10
1248.0583
 20
158.8411
 30
0.0
 40
2.109
  1
m
  7
AVAN
 41
1.1486
 11
1248.0583
 21
158.8411
 31
0.0
100
AcDbText
  0
TEXT
  5
5AB
330
17
100
AcDbEntity
  8
AVAN-YAZI
100
AcDbText
 10
1238.4562
 20
158.7
 30
0.0
 40
2.212
  1
3,10
  7
AVAN-KALIN
 41
1.2453
 11
1238.4562
 21
158.7
 31
0.0
100
AcDbText
  0
TEXT
  5
5AC
330
17
100
AcDbEntity
  8
AVAN-YAZI
100
AcDbText
 10
1266.0584
 20
153.2672
 30
0.0
 40
1.775
  1
SABİTLER A
  7
AVAN
 41
0.909
 11
1266.0584
 21
153.2672
 31
0.0
100
AcDbText
  0
TEXT
  5
5AD
330
17
100
AcDbEntity
  8
AVAN-YAZI
100
AcDbText
 10
1116.0584
 20
153.1967
 30
0.0
 40
2.109
  1
h
  7
AVAN
 41
1.1196
 11
1116.0584
 21
153.1967
 31
0.0
100
AcDbText
  0
TEXT
  5
5AE
330
17
100
AcDbEntity
  8
AVAN-YAZI
100
AcDbText
 10
1129.0584
 20
153.1967
 30
0.0
 40
2.109
  1
Armatür ile çalışma düzlemi arasındaki yükseklik
  7
AVAN
 41
1.0574
 11
1129.0584
 21
153.1967
 31
0.0
100
AcDbText
  0
TEXT
  5
5AF
330
17
100
AcDbEntity
  8
AVAN-YAZI
100
AcDbText
 10
1213.0583
 20
153.1967
 30
0.0
 40
2.109
  1
=
  7
AVAN
 41
1.4092
 11
1213.0583
 21
153.1967
 31
0.0
100
AcDbText
  0
TEXT
  5
5B0
330
17
100
AcDbEntity
  8
AVAN-YAZI
100
AcDbText
 10
1248.0583
 20
153.1967
 30
0.0
 40
2.109
  1
m
  7
AVAN
 41
1.1486
 11
1248.0583
 21
153.1967
 31
0.0
100
AcDbText
  0
TEXT
  5
5B1
330
17
100
AcDbEntity
  8
AVAN-YAZI
100
AcDbText
 10
1243.8307
 20
153.0556
 30
0.0
 40
2.212
  1
1
  7
AVAN-KALIN
 41
1.2291
 11
1243.8307
 21
153.0556
 31
0.0
100
AcDbText
  0
TEXT
  5
5B2
330
17
100
AcDbEntity
  8
AVAN-YAZI
100
AcDbText
 10
1116.0584
 20
146.4763
 30
0.0
 40
2.16
  1
k = a · b / ( h · ( a + b ) )
  7
AVAN-KALIN
 41
1.2508
 11
1116.0584
 21
146.4763
 31
0.0
100
AcDbText
  0
TEXT
  5
5B3
330
17
100
AcDbEntity
  8
AVAN-YAZI
100
AcDbText
 10
1266.0584
 20
141.4845
 30
0.0
 40
1.775
  1
bölge indeksi
  7
AVAN
 41
1.1161
 11
1266.0584
 21
141.4845
 31
0.0
100
AcDbText
  0
TEXT
  5
5B4
330
17
100
AcDbEntity
  8
AVAN-YAZI
100
AcDbText
 10
1129.0584
 20
141.4668
 30
0.0
 40
2.109
  1
= 4,20 · 3,10 / ( 1,00 · ( 4,20 + 3,10 ) )
  7
AVAN
 41
1.1468
 11
1129.0584
 21
141.4668
 31
0.0
100
AcDbText
  0
TEXT
  5
5B5
330
17
100
AcDbEntity
  8
AVAN-YAZI
100
AcDbText
 10
1248.0583
 20
141.4139
 30
0.0
 40
2.109
  1
—
  7
AVAN
 41
0.9822
 11
1248.0583
 21
141.4139
 31
0.0
100
AcDbText
  0
TEXT
  5
5B6
330
17
100
AcDbEntity
  8
AVAN-YAZI
100
AcDbText
 10
1234.2343
 20
141.2728
 30
0.0
 40
2.212
  1
1,7836
  7
AVAN-KALIN
 41
1.2394
 11
1234.2343
 21
141.2728
 31
0.0
100
AcDbText
  0
TEXT
  5
5B7
330
17
100
AcDbEntity
  8
AVAN-YAZI
100
AcDbText
 10
1266.0584
 20
135.1345
 30
0.0
 40
1.775
  1
TABLOLAR T2
  7
AVAN
 41
1.0053
 11
1266.0584
 21
135.1345
 31
0.0
100
AcDbText
  0
TEXT
  5
5B8
330
17
100
AcDbEntity
  8
AVAN-YAZI
100
AcDbText
 10
1116.0584
 20
135.0639
 30
0.0
 40
2.109
  1
η
  7
AVAN
 41
1.0323
 11
1116.0584
 21
135.0639
 31
0.0
100
AcDbText
  0
TEXT
  5
5B9
330
17
100
AcDbEntity
  8
AVAN-YAZI
100
AcDbText
 10
1129.0584
 20
135.0639
 30
0.0
 40
2.109
  1
Oda aydınlatma verimi
  7
AVAN
 41
1.0714
 11
1129.0584
 21
135.0639
 31
0.0
100
AcDbText
  0
TEXT
  5
5BA
330
17
100
AcDbEntity
  8
AVAN-YAZI
100
AcDbText
 10
1213.0583
 20
135.0639
 30
0.0
 40
2.109
  1
=
  7
AVAN
 41
1.4092
 11
1213.0583
 21
135.0639
 31
0.0
100
AcDbText
  0
TEXT
  5
5BB
330
17
100
AcDbEntity
  8
AVAN-YAZI
100
AcDbText
 10
1248.0583
 20
135.0639
 30
0.0
 40
2.109
  1
—
  7
AVAN
 41
0.9822
 11
1248.0583
 21
135.0639
 31
0.0
100
AcDbText
  0
TEXT
  5
5BC
330
17
100
AcDbEntity
  8
AVAN-YAZI
100
AcDbText
 10
1238.4562
 20
134.9228
 30
0.0
 40
2.212
  1
0,41
  7
AVAN-KALIN
 41
1.2453
 11
1238.4562
 21
134.9228
 31
0.0
100
AcDbText
  0
TEXT
  5
5BD
330
17
100
AcDbEntity
  8
AVAN-YAZI
100
AcDbText
 10
1266.0584
 20
129.49
 30
0.0
 40
1.775
  1
SABİTLER A
  7
AVAN
 41
0.909
 11
1266.0584
 21
129.49
 31
0.0
100
AcDbText
  0
TEXT
  5
5BE
330
17
100
AcDbEntity
  8
AVAN-YAZI
100
AcDbText
 10
1116.0584
 20
129.4195
 30
0.0
 40
2.109
  1
E
  7
AVAN
 41
0.9304
 11
1116.0584
 21
129.4195
 31
0.0
100
AcDbText
  0
TEXT
  5
5BF
330
17
100
AcDbEntity
  8
AVAN-YAZI
100
AcDbText
 10
1129.0584
 20
129.4195
 30
0.0
 40
2.109
  1
Asgari aydınlatma şiddeti
  7
AVAN
 41
1.0511
 11
1129.0584
 21
129.4195
 31
0.0
100
AcDbText
  0
TEXT
  5
5C0
330
17
100
AcDbEntity
  8
AVAN-YAZI
100
AcDbText
 10
1213.0583
 20
129.4195
 30
0.0
 40
2.109
  1
=
  7
AVAN
 41
1.4092
 11
1213.0583
 21
129.4195
 31
0.0
100
AcDbText
  0
TEXT
  5
5C1
330
17
100
AcDbEntity
  8
AVAN-YAZI
100
AcDbText
 10
1248.0583
 20
129.4195
 30
0.0
 40
2.109
  1
lüx
  7
AVAN
 41
1.1554
 11
1248.0583
 21
129.4195
 31
0.0
100
AcDbText
  0
TEXT
  5
5C2
330
17
100
AcDbEntity
  8
AVAN-YAZI
100
AcDbText
 10
1239.6088
 20
129.2783
 30
0.0
 40
2.212
  1
200
  7
AVAN-KALIN
 41
1.2291
 11
1239.6088
 21
129.2783
 31
0.0
100
AcDbText
  0
TEXT
  5
5C3
330
17
100
AcDbEntity
  8
AVAN-YAZI
100
AcDbText
 10
1266.0584
 20
123.8456
 30
0.0
 40
1.775
  1
SABİTLER A
  7
AVAN
 41
0.909
 11
1266.0584
 21
123.8456
 31
0.0
100
AcDbText
  0
TEXT
  5
5C4
330
17
100
AcDbEntity
  8
AVAN-YAZI
100
AcDbText
 10
1116.0584
 20
123.775
 30
0.0
 40
2.109
  1
d
  7
AVAN
 41
1.1213
 11
1116.0584
 21
123.775
 31
0.0
100
AcDbText
  0
TEXT
  5
5C5
330
17
100
AcDbEntity
  8
AVAN-YAZI
100
AcDbText
 10
1129.0584
 20
123.775
 30
0.0
 40
2.109
  1
Kirlenme ( bakım ) faktörü
  7
AVAN
 41
1.0803
 11
1129.0584
 21
123.775
 31
0.0
100
AcDbText
  0
TEXT
  5
5C6
330
17
100
AcDbEntity
  8
AVAN-YAZI
100
AcDbText
 10
1213.0583
 20
123.775
 30
0.0
 40
2.109
  1
=
  7
AVAN
 41
1.4092
 11
1213.0583
 21
123.775
 31
0.0
100
AcDbText
  0
TEXT
  5
5C7
330
17
100
AcDbEntity
  8
AVAN-YAZI
100
AcDbText
 10
1248.0583
 20
123.775
 30
0.0
 40
2.109
  1
—
  7
AVAN
 41
0.9822
 11
1248.0583
 21
123.775
 31
0.0
100
AcDbText
  0
TEXT
  5
5C8
330
17
100
AcDbEntity
  8
AVAN-YAZI
100
AcDbText
 10
1238.4562
 20
123.6339
 30
0.0
 40
2.212
  1
1,25
  7
AVAN-KALIN
 41
1.2453
 11
1238.4562
 21
123.6339
 31
0.0
100
AcDbText
  0
TEXT
  5
5C9
330
17
100
AcDbEntity
  8
AVAN-YAZI
100
AcDbText
 10
1116.0584
 20
117.0546
 30
0.0
 40
2.16
  1
T = E · a · b · d / η
  7
AVAN-KALIN
 41
1.2083
 11
1116.0584
 21
117.0546
 31
0.0
100
AcDbText
  0
TEXT
  5
5CA
330
17
100
AcDbEntity
  8
AVAN-YAZI
100
AcDbText
 10
1129.0584
 20
112.0452
 30
0.0
 40
2.109
  1
= 200 · 4,20 · 3,10 · 1,25 / 0,41
  7
AVAN
 41
1.1372
 11
1129.0584
 21
112.0452
 31
0.0
100
AcDbText
  0
TEXT
  5
5CB
330
17
100
AcDbEntity
  8
AVAN-YAZI
100
AcDbText
 10
1248.0583
 20
111.9922
 30
0.0
 40
2.109
  1
lm
  7
AVAN
 41
1.1655
 11
1248.0583
 21
111.9922
 31
0.0
100
AcDbText
  0
TEXT
  5
5CC
330
17
100
AcDbEntity
  8
AVAN-YAZI
100
AcDbText
 10
1230.9708
 20
111.8511
 30
0.0
 40
2.212
  1
7.939,02
  7
AVAN-KALIN
 41
1.2453
 11
1230.9708
 21
111.8511
 31
0.0
100
AcDbText
  0
TEXT
  5
5CD
330
17
100
AcDbEntity
  8
AVAN-YAZI
100
AcDbText
 10
1266.0584
 20
105.7128
 30
0.0
 40
1.775
  1
SABİTLER B
  7
AVAN
 41
0.9093
 11
1266.0584
 21
105.7128
 31
0.0
100
AcDbText
  0
TEXT
  5
5CE
330
17
100
AcDbEntity
  8
AVAN-YAZI
100
AcDbText
 10
1116.0584
 20
105.6422
 30
0.0
 40
2.109
  1
ØL
  7
AVAN
 41
0.9897
 11
1116.0584
 21
105.6422
 31
0.0
100
AcDbText
  0
TEXT
  5
5CF
330
17
100
AcDbEntity
  8
AVAN-YAZI
100
AcDbText
 10
1129.0584
 20
105.6422
 30
0.0
 40
2.109
  1
Bir armatürün ışık akısı
  7
AVAN
 41
0.9109
 11
1129.0584
 21
105.6422
 31
0.0
100
AcDbText
  0
TEXT
  5
5D0
330
17
100
AcDbEntity
  8
AVAN-YAZI
100
AcDbText
 10
1213.0583
 20
105.6422
 30
0.0
 40
2.109
  1
=
  7
AVAN
 41
1.4092
 11
1213.0583
 21
105.6422
 31
0.0
100
AcDbText
  0
TEXT
  5
5D1
330
17
100
AcDbEntity
  8
AVAN-YAZI
100
AcDbText
 10
1248.0583
 20
105.6422
 30
0.0
 40
2.109
  1
lm
  7
AVAN
 41
1.1655
 11
1248.0583
 21
105.6422
 31
0.0
100
AcDbText
  0
TEXT
  5
5D2
330
17
100
AcDbEntity
  8
AVAN-YAZI
100
AcDbText
 10
1236.3452
 20
105.5011
 30
0.0
 40
2.212
  1
2.600
  7
AVAN-KALIN
 41
1.2417
 11
1236.3452
 21
105.5011
 31
0.0
100
AcDbText
  0
TEXT
  5
5D3
330
17
100
AcDbEntity
  8
AVAN-YAZI
100
AcDbText
 10
1116.0584
 20
98.9218
 30
0.0
 40
2.16
  1
Z = T / ØL
  7
AVAN-KALIN
 41
1.1761
 11
1116.0584
 21
98.9218
 31
0.0
100
AcDbText
  0
TEXT
  5
5D4
330
17
100
AcDbEntity
  8
AVAN-YAZI
100
AcDbText
 10
1129.0584
 20
93.9124
 30
0.0
 40
2.109
  1
= 7.939,02 / 2.600
  7
AVAN
 41
1.1466
 11
1129.0584
 21
93.9124
 31
0.0
100
AcDbText
  0
TEXT
  5
5D5
330
17
100
AcDbEntity
  8
AVAN-YAZI
100
AcDbText
 10
1248.0583
 20
93.8595
 30
0.0
 40
2.109
  1
adet
  7
AVAN
 41
1.1381
 11
1248.0583
 21
93.8595
 31
0.0
100
AcDbText
  0
TEXT
  5
5D6
330
17
100
AcDbEntity
  8
AVAN-YAZI
100
AcDbText
 10
1238.4562
 20
93.7183
 30
0.0
 40
2.212
  1
3,05
  7
AVAN-KALIN
 41
1.2453
 11
1238.4562
 21
93.7183
 31
0.0
100
AcDbText
  0
TEXT
  5
5D7
330
17
100
AcDbEntity
  8
AVAN-YAZI
100
AcDbText
 10
1116.0584
 20
87.5095
 30
0.0
 40
2.109
  1
n
  7
AVAN
 41
1.1196
 11
1116.0584
 21
87.5095
 31
0.0
100
AcDbText
  0
TEXT
  5
5D8
330
17
100
AcDbEntity
  8
AVAN-YAZI
100
AcDbText
 10
1129.0584
 20
87.5095
 30
0.0
 40
2.109
  1
SEÇİLEN armatür sayısı ( Z yukarı yuvarlanır )
  7
AVAN
 41
0.9741
 11
1129.0584
 21
87.5095
 31
0.0
100
AcDbText
  0
TEXT
  5
5D9
330
17
100
AcDbEntity
  8
AVAN-YAZI
100
AcDbText
 10
1213.0583
 20
87.5095
 30
0.0
 40
2.109
  1
=
  7
AVAN
 41
1.4092
 11
1213.0583
 21
87.5095
 31
0.0
100
AcDbText
  0
TEXT
  5
5DA
330
17
100
AcDbEntity
  8
AVAN-YAZI
100
AcDbText
 10
1248.0583
 20
87.5095
 30
0.0
 40
2.109
  1
adet
  7
AVAN
 41
1.1381
 11
1248.0583
 21
87.5095
 31
0.0
100
AcDbText
  0
TEXT
  5
5DB
330
17
100
AcDbEntity
  8
AVAN-YAZI
100
AcDbText
 10
1243.8307
 20
87.3683
 30
0.0
 40
2.212
  1
4
  7
AVAN-KALIN
 41
1.2291
 11
1243.8307
 21
87.3683
 31
0.0
100
AcDbText
  0
TEXT
  5
5DC
330
17
100
AcDbEntity
  8
AVAN-YAZI
100
AcDbText
 10
1115.7056
 20
79.5183
 30
0.0
 40
2.315
  1
SONUÇ
  7
AVAN-KALIN
 41
1.0752
 11
1115.7056
 21
79.5183
 31
0.0
100
AcDbText
  0
TEXT
  5
5DD
330
17
100
AcDbEntity
  8
AVAN-YAZI
100
AcDbText
 10
1167.7056
 20
79.5183
 30
0.0
 40
2.315
  1
4 adet 40 W armatür kullanılacaktır.
  7
AVAN-KALIN
 41
1.1369
 11
1167.7056
 21
79.5183
 31
0.0
100
AcDbText
  0
TEXT
  5
5DE
330
17
100
AcDbEntity
  8
AVAN-YAZI
100
AcDbText
 10
1235.6898
 20
66.4451
 30
0.0
 40
1.903
  1
Temel ( ızgara ) + paralel çubuk topraklayıcı
  7
AVAN
 41
1.0444
 11
1235.6898
 21
66.4451
 31
0.0
100
AcDbText
  0
TEXT
  5
5DF
330
17
100
AcDbEntity
  8
AVAN-YAZI
100
AcDbText
 10
1116.0584
 20
66.3217
 30
0.0
 40
2.443
  1
TEMEL TOPRAKLAMA HESABI
  7
AVAN-KALIN
 41
1.0786
 11
1116.0584
 21
66.3217
 31
0.0
100
AcDbText
  0
TEXT
  5
5E0
330
17
100
AcDbEntity
  8
AVAN-YAZI
100
AcDbText
 10
1278.9042
 20
59.6012
 30
0.0
 40
1.903
  1
IEEE Std 80
  7
AVAN
 41
1.0385
 11
1278.9042
 21
59.6012
 31
0.0
100
AcDbText
  0
TEXT
  5
5E1
330
17
100
AcDbEntity
  8
AVAN-YAZI
100
AcDbText
 10
1116.0584
 20
59.4778
 30
0.0
 40
2.443
  1
1 - YATAY ( TEMEL ) TOPRAKLAYICI
  7
AVAN-KALIN
 41
1.1039
 11
1116.0584
 21
59.4778
 31
0.0
100
AcDbText
  0
TEXT
  5
5E2
330
17
100
AcDbEntity
  8
AVAN-YAZI
100
AcDbText
 10
1116.0584
 20
52.3693
 30
0.0
 40
2.16
  1
A = a · b
  7
AVAN-KALIN
 41
1.214
 11
1116.0584
 21
52.3693
 31
0.0
100
AcDbText
  0
TEXT
  5
5E3
330
17
100
AcDbEntity
  8
AVAN-YAZI
100
AcDbText
 10
1266.0584
 20
47.3775
 30
0.0
 40
1.775
  1
temel alanı
  7
AVAN
 41
1.0248
 11
1266.0584
 21
47.3775
 31
0.0
100
AcDbText
  0
TEXT
  5
5E4
330
17
100
AcDbEntity
  8
AVAN-YAZI
100
AcDbText
 10
1129.0584
 20
47.3599
 30
0.0
 40
2.109
  1
= 26,55 · 16,40
  7
AVAN
 41
1.1485
 11
1129.0584
 21
47.3599
 31
0.0
100
AcDbText
  0
TEXT
  5
5E5
330
17
100
AcDbEntity
  8
AVAN-YAZI
100
AcDbText
 10
1248.0583
 20
47.3069
 30
0.0
 40
2.109
  1
m²
  7
AVAN
 41
1.1582
 11
1248.0583
 21
47.3069
 31
0.0
100
AcDbText
  0
TEXT
  5
5E6
330
17
100
AcDbEntity
  8
AVAN-YAZI
100
AcDbText
 10
1234.2343
 20
47.1658
 30
0.0
 40
2.212
  1
435,42
  7
AVAN-KALIN
 41
1.2394
 11
1234.2343
 21
47.1658
 31
0.0
100
AcDbText
  0
TEXT
  5
5E7
330
17
100
AcDbEntity
  8
AVAN-YAZI
100
AcDbText
 10
1116.0584
 20
39.881
 30
0.0
 40
2.16
  1
r = √ ( A / π )
  7
AVAN-KALIN
 41
1.258
 11
1116.0584
 21
39.881
 31
0.0
100
AcDbText
  0
TEXT
  5
5E8
330
17
100
AcDbEntity
  8
AVAN-YAZI
100
AcDbText
 10
1266.0584
 20
34.8892
 30
0.0
 40
1.775
  1
eşdeğer yarıçap
  7
AVAN
 41
0.9746
 11
1266.0584
 21
34.8892
 31
0.0
100
AcDbText
  0
TEXT
  5
5E9
330
17
100
AcDbEntity
  8
AVAN-YAZI
100
AcDbText
 10
1129.0584
 20
34.8715
 30
0.0
 40
2.109
  1
= √ ( 435,42 / 3,1416 )
  7
AVAN
 41
1.1452
 11
1129.0584
 21
34.8715
 31
0.0
100
AcDbText
  0
TEXT
  5
5EA
330
17
100
AcDbEntity
  8
AVAN-YAZI
100
AcDbText
 10
1248.0583
 20
34.8186
 30
0.0
 40
2.109
  1
m
  7
AVAN
 41
1.1486
 11
1248.0583
 21
34.8186
 31
0.0
100
AcDbText
  0
TEXT
  5
5EB
330
17
100
AcDbEntity
  8
AVAN-YAZI
100
AcDbText
 10
1236.3452
 20
34.6775
 30
0.0
 40
2.212
  1
11,77
  7
AVAN-KALIN
 41
1.2417
 11
1236.3452
 21
34.6775
 31
0.0
100
AcDbText
  0
TEXT
  5
5EC
330
17
100
AcDbEntity
  8
AVAN-YAZI
100
AcDbText
 10
1286.5146
 20
14.4
 30
0.0
 40
1.646
  1
Sayfa 4
  7
AVAN
 41
1.0886
 11
1286.5146
 21
14.4
 31
0.0
100
AcDbText
  0
LWPOLYLINE
  5
5ED
330
17
100
AcDbEntity
  8
AVAN-A4
100
AcDbPolyline
 90
4
 70
1
 10
1320.00002
 20
0.0
 10
1530.0000233333333
 20
0.0
 10
1530.0000233333333
 20
297.0000127777778
 10
1320.00002
 20
297.0000127777778
  0
LINE
  5
5EE
330
17
100
AcDbEntity
  8
AVAN-CIZGI
100
AcDbLine
 10
1332.0
 20
12.0
 30
0.0
 11
1518.0
 21
12.0
 31
0.0
  0
LINE
  5
5EF
330
17
100
AcDbEntity
  8
AVAN-CIZGI
100
AcDbLine
 10
1518.0
 20
12.0
 30
0.0
 11
1518.0
 21
285.0
 31
0.0
  0
LINE
  5
5F0
330
17
100
AcDbEntity
  8
AVAN-CIZGI
100
AcDbLine
 10
1518.0
 20
285.0
 30
0.0
 11
1332.0
 21
285.0
 31
0.0
  0
LINE
  5
5F1
330
17
100
AcDbEntity
  8
AVAN-CIZGI
100
AcDbLine
 10
1332.0
 20
285.0
 30
0.0
 11
1332.0
 21
12.0
 31
0.0
  0
LINE
  5
5F2
330
17
100
AcDbEntity
  8
AVAN-CIZGI
100
AcDbLine
 10
1332.0
 20
273.6
 30
0.0
 11
1518.0
 21
273.6
 31
0.0
  0
LINE
  5
5F3
330
17
100
AcDbEntity
  8
AVAN-CIZGI
100
AcDbLine
 10
1332.0
 20
19.0
 30
0.0
 11
1518.0
 21
19.0
 31
0.0
  0
LINE
  5
5F4
330
17
100
AcDbEntity
  8
AVAN-CIZGI
100
AcDbLine
 10
1335.0
 20
243.1061
 30
0.0
 11
1335.0
 21
266.8833
 31
0.0
  0
LINE
  5
5F5
330
17
100
AcDbEntity
  8
AVAN-CIZGI
100
AcDbLine
 10
1515.0
 20
243.1061
 30
0.0
 11
1515.0
 21
266.8833
 31
0.0
  0
LINE
  5
5F6
330
17
100
AcDbEntity
  8
AVAN-CIZGI
100
AcDbLine
 10
1335.0
 20
243.1061
 30
0.0
 11
1515.0
 21
243.1061
 31
0.0
  0
LINE
  5
5F7
330
17
100
AcDbEntity
  8
AVAN-CIZGI
100
AcDbLine
 10
1437.0
 20
243.1061
 30
0.0
 11
1437.0
 21
266.8833
 31
0.0
  0
LINE
  5
5F8
330
17
100
AcDbEntity
  8
AVAN-CIZGI
100
AcDbLine
 10
1485.0
 20
243.1061
 30
0.0
 11
1485.0
 21
266.8833
 31
0.0
  0
LINE
  5
5F9
330
17
100
AcDbEntity
  8
AVAN-CIZGI
100
AcDbLine
 10
1335.0
 20
266.8833
 30
0.0
 11
1515.0
 21
266.8833
 31
0.0
  0
LINE
  5
5FA
330
17
100
AcDbEntity
  8
AVAN-CIZGI
100
AcDbLine
 10
1335.0
 20
254.395
 30
0.0
 11
1515.0
 21
254.395
 31
0.0
  0
LINE
  5
5FB
330
17
100
AcDbEntity
  8
AVAN-CIZGI
100
AcDbLine
 10
1335.0
 20
248.7506
 30
0.0
 11
1515.0
 21
248.7506
 31
0.0
  0
LINE
  5
5FC
330
17
100
AcDbEntity
  8
AVAN-CIZGI
100
AcDbLine
 10
1335.0
 20
243.1061
 30
0.0
 11
1515.0
 21
243.1061
 31
0.0
  0
LINE
  5
5FD
330
17
100
AcDbEntity
  8
AVAN-CIZGI
100
AcDbLine
 10
1335.0
 20
243.1061
 30
0.0
 11
1515.0
 21
243.1061
 31
0.0
  0
LINE
  5
5FE
330
17
100
AcDbEntity
  8
AVAN-CIZGI
100
AcDbLine
 10
1335.0
 20
230.6178
 30
0.0
 11
1515.0
 21
230.6178
 31
0.0
  0
LINE
  5
5FF
330
17
100
AcDbEntity
  8
AVAN-CIZGI
100
AcDbLine
 10
1335.0
 20
230.6178
 30
0.0
 11
1335.0
 21
243.1061
 31
0.0
  0
LINE
  5
600
330
17
100
AcDbEntity
  8
AVAN-CIZGI
100
AcDbLine
 10
1515.0
 20
230.6178
 30
0.0
 11
1515.0
 21
243.1061
 31
0.0
  0
LINE
  5
601
330
17
100
AcDbEntity
  8
AVAN-CIZGI
100
AcDbLine
 10
1437.0
 20
230.6178
 30
0.0
 11
1437.0
 21
243.1061
 31
0.0
  0
LINE
  5
602
330
17
100
AcDbEntity
  8
AVAN-CIZGI
100
AcDbLine
 10
1485.0
 20
230.6178
 30
0.0
 11
1485.0
 21
243.1061
 31
0.0
  0
LINE
  5
603
330
17
100
AcDbEntity
  8
AVAN-CIZGI
100
AcDbLine
 10
1335.0
 20
230.6178
 30
0.0
 11
1515.0
 21
230.6178
 31
0.0
  0
LINE
  5
604
330
17
100
AcDbEntity
  8
AVAN-CIZGI
100
AcDbLine
 10
1335.0
 20
227.4178
 30
0.0
 11
1515.0
 21
227.4178
 31
0.0
  0
LINE
  5
605
330
17
100
AcDbEntity
  8
AVAN-CIZGI
100
AcDbLine
 10
1335.0
 20
220.5739
 30
0.0
 11
1515.0
 21
220.5739
 31
0.0
  0
LINE
  5
606
330
17
100
AcDbEntity
  8
AVAN-CIZGI
100
AcDbLine
 10
1335.0
 20
220.5739
 30
0.0
 11
1335.0
 21
227.4178
 31
0.0
  0
LINE
  5
607
330
17
100
AcDbEntity
  8
AVAN-CIZGI
100
AcDbLine
 10
1515.0
 20
220.5739
 30
0.0
 11
1515.0
 21
227.4178
 31
0.0
  0
LINE
  5
608
330
17
100
AcDbEntity
  8
AVAN-CIZGI
100
AcDbLine
 10
1335.0
 20
227.4178
 30
0.0
 11
1515.0
 21
227.4178
 31
0.0
  0
LINE
  5
609
330
17
100
AcDbEntity
  8
AVAN-CIZGI
100
AcDbLine
 10
1335.0
 20
220.5739
 30
0.0
 11
1515.0
 21
220.5739
 31
0.0
  0
LINE
  5
60A
330
17
100
AcDbEntity
  8
AVAN-CIZGI
100
AcDbLine
 10
1335.0
 20
214.9294
 30
0.0
 11
1515.0
 21
214.9294
 31
0.0
  0
LINE
  5
60B
330
17
100
AcDbEntity
  8
AVAN-CIZGI
100
AcDbLine
 10
1335.0
 20
214.9294
 30
0.0
 11
1335.0
 21
220.5739
 31
0.0
  0
LINE
  5
60C
330
17
100
AcDbEntity
  8
AVAN-CIZGI
100
AcDbLine
 10
1515.0
 20
214.9294
 30
0.0
 11
1515.0
 21
220.5739
 31
0.0
  0
LINE
  5
60D
330
17
100
AcDbEntity
  8
AVAN-CIZGI
100
AcDbLine
 10
1437.0
 20
214.9294
 30
0.0
 11
1437.0
 21
220.5739
 31
0.0
  0
LINE
  5
60E
330
17
100
AcDbEntity
  8
AVAN-CIZGI
100
AcDbLine
 10
1485.0
 20
214.9294
 30
0.0
 11
1485.0
 21
220.5739
 31
0.0
  0
LINE
  5
60F
330
17
100
AcDbEntity
  8
AVAN-CIZGI
100
AcDbLine
 10
1335.0
 20
214.9294
 30
0.0
 11
1515.0
 21
214.9294
 31
0.0
  0
LINE
  5
610
330
17
100
AcDbEntity
  8
AVAN-CIZGI
100
AcDbLine
 10
1335.0
 20
214.9294
 30
0.0
 11
1515.0
 21
214.9294
 31
0.0
  0
LINE
  5
611
330
17
100
AcDbEntity
  8
AVAN-CIZGI
100
AcDbLine
 10
1335.0
 20
209.285
 30
0.0
 11
1515.0
 21
209.285
 31
0.0
  0
LINE
  5
612
330
17
100
AcDbEntity
  8
AVAN-CIZGI
100
AcDbLine
 10
1335.0
 20
209.285
 30
0.0
 11
1335.0
 21
214.9294
 31
0.0
  0
LINE
  5
613
330
17
100
AcDbEntity
  8
AVAN-CIZGI
100
AcDbLine
 10
1515.0
 20
209.285
 30
0.0
 11
1515.0
 21
214.9294
 31
0.0
  0
LINE
  5
614
330
17
100
AcDbEntity
  8
AVAN-CIZGI
100
AcDbLine
 10
1437.0
 20
209.285
 30
0.0
 11
1437.0
 21
214.9294
 31
0.0
  0
LINE
  5
615
330
17
100
AcDbEntity
  8
AVAN-CIZGI
100
AcDbLine
 10
1485.0
 20
209.285
 30
0.0
 11
1485.0
 21
214.9294
 31
0.0
  0
LINE
  5
616
330
17
100
AcDbEntity
  8
AVAN-CIZGI
100
AcDbLine
 10
1335.0
 20
209.285
 30
0.0
 11
1515.0
 21
209.285
 31
0.0
  0
LINE
  5
617
330
17
100
AcDbEntity
  8
AVAN-CIZGI
100
AcDbLine
 10
1335.0
 20
209.285
 30
0.0
 11
1515.0
 21
209.285
 31
0.0
  0
LINE
  5
618
330
17
100
AcDbEntity
  8
AVAN-CIZGI
100
AcDbLine
 10
1335.0
 20
194.68
 30
0.0
 11
1515.0
 21
194.68
 31
0.0
  0
LINE
  5
619
330
17
100
AcDbEntity
  8
AVAN-CIZGI
100
AcDbLine
 10
1335.0
 20
194.68
 30
0.0
 11
1335.0
 21
209.285
 31
0.0
  0
LINE
  5
61A
330
17
100
AcDbEntity
  8
AVAN-CIZGI
100
AcDbLine
 10
1515.0
 20
194.68
 30
0.0
 11
1515.0
 21
209.285
 31
0.0
  0
LINE
  5
61B
330
17
100
AcDbEntity
  8
AVAN-CIZGI
100
AcDbLine
 10
1437.0
 20
194.68
 30
0.0
 11
1437.0
 21
209.285
 31
0.0
  0
LINE
  5
61C
330
17
100
AcDbEntity
  8
AVAN-CIZGI
100
AcDbLine
 10
1485.0
 20
194.68
 30
0.0
 11
1485.0
 21
209.285
 31
0.0
  0
LINE
  5
61D
330
17
100
AcDbEntity
  8
AVAN-CIZGI
100
AcDbLine
 10
1335.0
 20
194.68
 30
0.0
 11
1515.0
 21
194.68
 31
0.0
  0
LINE
  5
61E
330
17
100
AcDbEntity
  8
AVAN-CIZGI
100
AcDbLine
 10
1335.0
 20
191.48
 30
0.0
 11
1515.0
 21
191.48
 31
0.0
  0
LINE
  5
61F
330
17
100
AcDbEntity
  8
AVAN-CIZGI
100
AcDbLine
 10
1335.0
 20
184.6361
 30
0.0
 11
1515.0
 21
184.6361
 31
0.0
  0
LINE
  5
620
330
17
100
AcDbEntity
  8
AVAN-CIZGI
100
AcDbLine
 10
1335.0
 20
184.6361
 30
0.0
 11
1335.0
 21
191.48
 31
0.0
  0
LINE
  5
621
330
17
100
AcDbEntity
  8
AVAN-CIZGI
100
AcDbLine
 10
1515.0
 20
184.6361
 30
0.0
 11
1515.0
 21
191.48
 31
0.0
  0
LINE
  5
622
330
17
100
AcDbEntity
  8
AVAN-CIZGI
100
AcDbLine
 10
1335.0
 20
191.48
 30
0.0
 11
1515.0
 21
191.48
 31
0.0
  0
LINE
  5
623
330
17
100
AcDbEntity
  8
AVAN-CIZGI
100
AcDbLine
 10
1335.0
 20
184.6361
 30
0.0
 11
1515.0
 21
184.6361
 31
0.0
  0
LINE
  5
624
330
17
100
AcDbEntity
  8
AVAN-CIZGI
100
AcDbLine
 10
1335.0
 20
172.1478
 30
0.0
 11
1515.0
 21
172.1478
 31
0.0
  0
LINE
  5
625
330
17
100
AcDbEntity
  8
AVAN-CIZGI
100
AcDbLine
 10
1335.0
 20
172.1478
 30
0.0
 11
1335.0
 21
184.6361
 31
0.0
  0
LINE
  5
626
330
17
100
AcDbEntity
  8
AVAN-CIZGI
100
AcDbLine
 10
1515.0
 20
172.1478
 30
0.0
 11
1515.0
 21
184.6361
 31
0.0
  0
LINE
  5
627
330
17
100
AcDbEntity
  8
AVAN-CIZGI
100
AcDbLine
 10
1437.0
 20
172.1478
 30
0.0
 11
1437.0
 21
184.6361
 31
0.0
  0
LINE
  5
628
330
17
100
AcDbEntity
  8
AVAN-CIZGI
100
AcDbLine
 10
1485.0
 20
172.1478
 30
0.0
 11
1485.0
 21
184.6361
 31
0.0
  0
LINE
  5
629
330
17
100
AcDbEntity
  8
AVAN-CIZGI
100
AcDbLine
 10
1335.0
 20
172.1478
 30
0.0
 11
1515.0
 21
172.1478
 31
0.0
  0
LINE
  5
62A
330
17
100
AcDbEntity
  8
AVAN-CIZGI
100
AcDbLine
 10
1335.0
 20
172.1478
 30
0.0
 11
1515.0
 21
172.1478
 31
0.0
  0
LINE
  5
62B
330
17
100
AcDbEntity
  8
AVAN-CIZGI
100
AcDbLine
 10
1335.0
 20
160.8589
 30
0.0
 11
1515.0
 21
160.8589
 31
0.0
  0
LINE
  5
62C
330
17
100
AcDbEntity
  8
AVAN-CIZGI
100
AcDbLine
 10
1335.0
 20
160.8589
 30
0.0
 11
1335.0
 21
172.1478
 31
0.0
  0
LINE
  5
62D
330
17
100
AcDbEntity
  8
AVAN-CIZGI
100
AcDbLine
 10
1515.0
 20
160.8589
 30
0.0
 11
1515.0
 21
172.1478
 31
0.0
  0
LINE
  5
62E
330
17
100
AcDbEntity
  8
AVAN-CIZGI
100
AcDbLine
 10
1437.0
 20
160.8589
 30
0.0
 11
1437.0
 21
172.1478
 31
0.0
  0
LINE
  5
62F
330
17
100
AcDbEntity
  8
AVAN-CIZGI
100
AcDbLine
 10
1485.0
 20
160.8589
 30
0.0
 11
1485.0
 21
172.1478
 31
0.0
  0
LINE
  5
630
330
17
100
AcDbEntity
  8
AVAN-CIZGI
100
AcDbLine
 10
1335.0
 20
166.5033
 30
0.0
 11
1515.0
 21
166.5033
 31
0.0
  0
LINE
  5
631
330
17
100
AcDbEntity
  8
AVAN-CIZGI
100
AcDbLine
 10
1335.0
 20
160.8589
 30
0.0
 11
1515.0
 21
160.8589
 31
0.0
  0
LINE
  5
632
330
17
100
AcDbEntity
  8
AVAN-CIZGI
100
AcDbLine
 10
1335.0
 20
160.8589
 30
0.0
 11
1515.0
 21
160.8589
 31
0.0
  0
LINE
  5
633
330
17
100
AcDbEntity
  8
AVAN-CIZGI
100
AcDbLine
 10
1335.0
 20
148.3706
 30
0.0
 11
1515.0
 21
148.3706
 31
0.0
  0
LINE
  5
634
330
17
100
AcDbEntity
  8
AVAN-CIZGI
100
AcDbLine
 10
1335.0
 20
148.3706
 30
0.0
 11
1335.0
 21
160.8589
 31
0.0
  0
LINE
  5
635
330
17
100
AcDbEntity
  8
AVAN-CIZGI
100
AcDbLine
 10
1515.0
 20
148.3706
 30
0.0
 11
1515.0
 21
160.8589
 31
0.0
  0
LINE
  5
636
330
17
100
AcDbEntity
  8
AVAN-CIZGI
100
AcDbLine
 10
1437.0
 20
148.3706
 30
0.0
 11
1437.0
 21
160.8589
 31
0.0
  0
LINE
  5
637
330
17
100
AcDbEntity
  8
AVAN-CIZGI
100
AcDbLine
 10
1485.0
 20
148.3706
 30
0.0
 11
1485.0
 21
160.8589
 31
0.0
  0
LINE
  5
638
330
17
100
AcDbEntity
  8
AVAN-CIZGI
100
AcDbLine
 10
1335.0
 20
148.3706
 30
0.0
 11
1515.0
 21
148.3706
 31
0.0
  0
LINE
  5
639
330
17
100
AcDbEntity
  8
AVAN-CIZGI
100
AcDbLine
 10
1335.0
 20
146.8706
 30
0.0
 11
1515.0
 21
146.8706
 31
0.0
  0
LINE
  5
63A
330
17
100
AcDbEntity
  8
AVAN-CIZGI
100
AcDbLine
 10
1335.0
 20
139.6386
 30
0.0
 11
1515.0
 21
139.6386
 31
0.0
  0
TEXT
  5
63B
330
17
100
AcDbEntity
  8
AVAN-YAZI
100
AcDbText
 10
1384.0278
 20
276.8
 30
0.0
 40
3.086
  1
ASANSÖR AVAN PROJE HESAPLARI
  7
AVAN-KALIN
 41
1.066
 11
1384.0278
 21
276.8
 31
0.0
100
AcDbText
  0
TEXT
  5
63C
330
17
100
AcDbEntity
  8
AVAN-YAZI
100
AcDbText
 10
1336.0584
 20
262.0679
 30
0.0
 40
2.16
  1
D = 2 · r
  7
AVAN-KALIN
 41
1.2488
 11
1336.0584
 21
262.0679
 31
0.0
100
AcDbText
  0
TEXT
  5
63D
330
17
100
AcDbEntity
  8
AVAN-YAZI
100
AcDbText
 10
1486.0584
 20
257.0761
 30
0.0
 40
1.775
  1
eşdeğer daire çapı
  7
AVAN
 41
0.9906
 11
1486.0584
 21
257.0761
 31
0.0
100
AcDbText
  0
TEXT
  5
63E
330
17
100
AcDbEntity
  8
AVAN-YAZI
100
AcDbText
 10
1349.0584
 20
257.0585
 30
0.0
 40
2.109
  1
= 2 · 11,77
  7
AVAN
 41
1.1587
 11
1349.0584
 21
257.0585
 31
0.0
100
AcDbText
  0
TEXT
  5
63F
330
17
100
AcDbEntity
  8
AVAN-YAZI
100
AcDbText
 10
1468.0583
 20
257.0056
 30
0.0
 40
2.109
  1
m
  7
AVAN
 41
1.1486
 11
1468.0583
 21
257.0056
 31
0.0
100
AcDbText
  0
TEXT
  5
640
330
17
100
AcDbEntity
  8
AVAN-YAZI
100
AcDbText
 10
1456.3453
 20
256.8644
 30
0.0
 40
2.212
  1
23,55
  7
AVAN-KALIN
 41
1.2417
 11
1456.3453
 21
256.8644
 31
0.0
100
AcDbText
  0
TEXT
  5
641
330
17
100
AcDbEntity
  8
AVAN-YAZI
100
AcDbText
 10
1486.0584
 20
250.7261
 30
0.0
 40
1.775
  1
GİRİŞ
  7
AVAN
 41
0.6995
 11
1486.0584
 21
250.7261
 31
0.0
100
AcDbText
  0
TEXT
  5
642
330
17
100
AcDbEntity
  8
AVAN-YAZI
100
AcDbText
 10
1336.0584
 20
250.6556
 30
0.0
 40
2.109
  1
β
  7
AVAN
 41
1.1417
 11
1336.0584
 21
250.6556
 31
0.0
100
AcDbText
  0
TEXT
  5
643
330
17
100
AcDbEntity
  8
AVAN-YAZI
100
AcDbText
 10
1349.0584
 20
250.6556
 30
0.0
 40
2.109
  1
Toprak özgül direnci
  7
AVAN
 41
1.1105
 11
1349.0584
 21
250.6556
 31
0.0
100
AcDbText
  0
TEXT
  5
644
330
17
100
AcDbEntity
  8
AVAN-YAZI
100
AcDbText
 10
1433.0583
 20
250.6556
 30
0.0
 40
2.109
  1
=
  7
AVAN
 41
1.4092
 11
1433.0583
 21
250.6556
 31
0.0
100
AcDbText
  0
TEXT
  5
645
330
17
100
AcDbEntity
  8
AVAN-YAZI
100
AcDbText
 10
1468.0583
 20
250.6556
 30
0.0
 40
2.109
  1
Ω·m
  7
AVAN
 41
1.0748
 11
1468.0583
 21
250.6556
 31
0.0
100
AcDbText
  0
TEXT
  5
646
330
17
100
AcDbEntity
  8
AVAN-YAZI
100
AcDbText
 10
1459.6088
 20
250.5144
 30
0.0
 40
2.212
  1
150
  7
AVAN-KALIN
 41
1.2291
 11
1459.6088
 21
250.5144
 31
0.0
100
AcDbText
  0
TEXT
  5
647
330
17
100
AcDbEntity
  8
AVAN-YAZI
100
AcDbText
 10
1486.0584
 20
245.0817
 30
0.0
 40
1.775
  1
GİRİŞ
  7
AVAN
 41
0.6995
 11
1486.0584
 21
245.0817
 31
0.0
100
AcDbText
  0
TEXT
  5
648
330
17
100
AcDbEntity
  8
AVAN-YAZI
100
AcDbText
 10
1336.0584
 20
245.0111
 30
0.0
 40
2.109
  1
L
  7
AVAN
 41
0.9842
 11
1336.0584
 21
245.0111
 31
0.0
100
AcDbText
  0
TEXT
  5
649
330
17
100
AcDbEntity
  8
AVAN-YAZI
100
AcDbText
 10
1349.0584
 20
245.0111
 30
0.0
 40
2.109
  1
Temel / şerit iletken uzunluğu
  7
AVAN
 41
1.0876
 11
1349.0584
 21
245.0111
 31
0.0
100
AcDbText
  0
TEXT
  5
64A
330
17
100
AcDbEntity
  8
AVAN-YAZI
100
AcDbText
 10
1433.0583
 20
245.0111
 30
0.0
 40
2.109
  1
=
  7
AVAN
 41
1.4092
 11
1433.0583
 21
245.0111
 31
0.0
100
AcDbText
  0
TEXT
  5
64B
330
17
100
AcDbEntity
  8
AVAN-YAZI
100
AcDbText
 10
1468.0583
 20
245.0111
 30
0.0
 40
2.109
  1
m
  7
AVAN
 41
1.1486
 11
1468.0583
 21
245.0111
 31
0.0
100
AcDbText
  0
TEXT
  5
64C
330
17
100
AcDbEntity
  8
AVAN-YAZI
100
AcDbText
 10
1454.2343
 20
244.87
 30
0.0
 40
2.212
  1
102,30
  7
AVAN-KALIN
 41
1.2394
 11
1454.2343
 21
244.87
 31
0.0
100
AcDbText
  0
TEXT
  5
64D
330
17
100
AcDbEntity
  8
AVAN-YAZI
100
AcDbText
 10
1336.0584
 20
238.2907
 30
0.0
 40
2.16
  1
Ry = β / ( 2 · D ) + β / L
  7
AVAN-KALIN
 41
1.2333
 11
1336.0584
 21
238.2907
 31
0.0
100
AcDbText
  0
TEXT
  5
64E
330
17
100
AcDbEntity
  8
AVAN-YAZI
100
AcDbText
 10
1486.0584
 20
233.2989
 30
0.0
 40
1.775
  1
IEEE Std 80
  7
AVAN
 41
1.0385
 11
1486.0584
 21
233.2989
 31
0.0
100
AcDbText
  0
TEXT
  5
64F
330
17
100
AcDbEntity
  8
AVAN-YAZI
100
AcDbText
 10
1349.0584
 20
233.2813
 30
0.0
 40
2.109
  1
= 150 / ( 2 · 23,55 ) + 150 / 102,30
  7
AVAN
 41
1.1492
 11
1349.0584
 21
233.2813
 31
0.0
100
AcDbText
  0
TEXT
  5
650
330
17
100
AcDbEntity
  8
AVAN-YAZI
100
AcDbText
 10
1468.0583
 20
233.2283
 30
0.0
 40
2.109
  1
Ω
  7
AVAN
 41
0.9773
 11
1468.0583
 21
233.2283
 31
0.0
100
AcDbText
  0
TEXT
  5
651
330
17
100
AcDbEntity
  8
AVAN-YAZI
100
AcDbText
 10
1456.3453
 20
233.0872
 30
0.0
 40
2.212
  1
4,652
  7
AVAN-KALIN
 41
1.2417
 11
1456.3453
 21
233.0872
 31
0.0
100
AcDbText
  0
TEXT
  5
652
330
17
100
AcDbEntity
  8
AVAN-YAZI
100
AcDbText
 10
1336.0584
 20
222.8669
 30
0.0
 40
2.443
  1
2 - DİKEY ( ÇUBUK ) TOPRAKLAYICI
  7
AVAN-KALIN
 41
1.0766
 11
1336.0584
 21
222.8669
 31
0.0
100
AcDbText
  0
TEXT
  5
653
330
17
100
AcDbEntity
  8
AVAN-YAZI
100
AcDbText
 10
1486.0584
 20
216.905
 30
0.0
 40
1.775
  1
SABİTLER B
  7
AVAN
 41
0.9093
 11
1486.0584
 21
216.905
 31
0.0
100
AcDbText
  0
TEXT
  5
654
330
17
100
AcDbEntity
  8
AVAN-YAZI
100
AcDbText
 10
1336.0584
 20
216.8344
 30
0.0
 40
2.109
  1
lç
  7
AVAN
 41
1.1259
 11
1336.0584
 21
216.8344
 31
0.0
100
AcDbText
  0
TEXT
  5
655
330
17
100
AcDbEntity
  8
AVAN-YAZI
100
AcDbText
 10
1349.0584
 20
216.8344
 30
0.0
 40
2.109
  1
Bir çubuğun boyu
  7
AVAN
 41
1.0867
 11
1349.0584
 21
216.8344
 31
0.0
100
AcDbText
  0
TEXT
  5
656
330
17
100
AcDbEntity
  8
AVAN-YAZI
100
AcDbText
 10
1433.0583
 20
216.8344
 30
0.0
 40
2.109
  1
=
  7
AVAN
 41
1.4092
 11
1433.0583
 21
216.8344
 31
0.0
100
AcDbText
  0
TEXT
  5
657
330
17
100
AcDbEntity
  8
AVAN-YAZI
100
AcDbText
 10
1468.0583
 20
216.8344
 30
0.0
 40
2.109
  1
m
  7
AVAN
 41
1.1486
 11
1468.0583
 21
216.8344
 31
0.0
100
AcDbText
  0
TEXT
  5
658
330
17
100
AcDbEntity
  8
AVAN-YAZI
100
AcDbText
 10
1458.4562
 20
216.6933
 30
0.0
 40
2.212
  1
1,50
  7
AVAN-KALIN
 41
1.2453
 11
1458.4562
 21
216.6933
 31
0.0
100
AcDbText
  0
TEXT
  5
659
330
17
100
AcDbEntity
  8
AVAN-YAZI
100
AcDbText
 10
1486.0584
 20
211.2605
 30
0.0
 40
1.775
  1
GİRİŞ
  7
AVAN
 41
0.6995
 11
1486.0584
 21
211.2605
 31
0.0
100
AcDbText
  0
TEXT
  5
65A
330
17
100
AcDbEntity
  8
AVAN-YAZI
100
AcDbText
 10
1336.0584
 20
211.19
 30
0.0
 40
2.109
  1
Is
  7
AVAN
 41
1.03
 11
1336.0584
 21
211.19
 31
0.0
100
AcDbText
  0
TEXT
  5
65B
330
17
100
AcDbEntity
  8
AVAN-YAZI
100
AcDbText
 10
1349.0584
 20
211.19
 30
0.0
 40
2.109
  1
Paralel bağlı çubuk sayısı
  7
AVAN
 41
0.9511
 11
1349.0584
 21
211.19
 31
0.0
100
AcDbText
  0
TEXT
  5
65C
330
17
100
AcDbEntity
  8
AVAN-YAZI
100
AcDbText
 10
1433.0583
 20
211.19
 30
0.0
 40
2.109
  1
=
  7
AVAN
 41
1.4092
 11
1433.0583
 21
211.19
 31
0.0
100
AcDbText
  0
TEXT
  5
65D
330
17
100
AcDbEntity
  8
AVAN-YAZI
100
AcDbText
 10
1468.0583
 20
211.19
 30
0.0
 40
2.109
  1
adet
  7
AVAN
 41
1.1381
 11
1468.0583
 21
211.19
 31
0.0
100
AcDbText
  0
TEXT
  5
65E
330
17
100
AcDbEntity
  8
AVAN-YAZI
100
AcDbText
 10
1463.8307
 20
211.0489
 30
0.0
 40
2.212
  1
4
  7
AVAN-KALIN
 41
1.2291
 11
1463.8307
 21
211.0489
 31
0.0
100
AcDbText
  0
TEXT
  5
65F
330
17
100
AcDbEntity
  8
AVAN-YAZI
100
AcDbText
 10
1336.0584
 20
204.4696
 30
0.0
 40
2.16
  1
Rç = β / ( Is · lç )
  7
AVAN-KALIN
 41
1.2091
 11
1336.0584
 21
204.4696
 31
0.0
100
AcDbText
  0
TEXT
  5
660
330
17
100
AcDbEntity
  8
AVAN-YAZI
100
AcDbText
 10
1486.0584
 20
200.0069
 30
0.0
 40
1.775
  1
tek çubuk β/lç — Is
  7
AVAN
 41
1.1063
 11
1486.0584
 21
200.0069
 31
0.0
100
AcDbText
  0
TEXT
  5
661
330
17
100
AcDbEntity
  8
AVAN-YAZI
100
AcDbText
 10
1349.0584
 20
198.4018
 30
0.0
 40
2.109
  1
= 150 / ( 4 · 1,50 )
  7
AVAN
 41
1.1492
 11
1349.0584
 21
198.4018
 31
0.0
100
AcDbText
  0
TEXT
  5
662
330
17
100
AcDbEntity
  8
AVAN-YAZI
100
AcDbText
 10
1468.0583
 20
198.3489
 30
0.0
 40
2.109
  1
Ω
  7
AVAN
 41
0.9773
 11
1468.0583
 21
198.3489
 31
0.0
100
AcDbText
  0
TEXT
  5
663
330
17
100
AcDbEntity
  8
AVAN-YAZI
100
AcDbText
 10
1461.7197
 20
198.2078
 30
0.0
 40
2.212
  1
25
  7
AVAN-KALIN
 41
1.2291
 11
1461.7197
 21
198.2078
 31
0.0
100
AcDbText
  0
TEXT
  5
664
330
17
100
AcDbEntity
  8
AVAN-YAZI
100
AcDbText
 10
1486.0584
 20
196.8319
 30
0.0
 40
1.775
  1
adet paralel
  7
AVAN
 41
1.1307
 11
1486.0584
 21
196.8319
 31
0.0
100
AcDbText
  0
TEXT
  5
665
330
17
100
AcDbEntity
  8
AVAN-YAZI
100
AcDbText
 10
1336.0584
 20
186.9292
 30
0.0
 40
2.443
  1
3 - TOPLAM TOPRAKLAMA DİRENCİ VE KONTROL
  7
AVAN-KALIN
 41
1.0541
 11
1336.0584
 21
186.9292
 31
0.0
100
AcDbText
  0
TEXT
  5
666
330
17
100
AcDbEntity
  8
AVAN-YAZI
100
AcDbText
 10
1336.0584
 20
179.8207
 30
0.0
 40
2.16
  1
Re = ( Ry · Rç ) / ( Ry + Rç )
  7
AVAN-KALIN
 41
1.1867
 11
1336.0584
 21
179.8207
 31
0.0
100
AcDbText
  0
TEXT
  5
667
330
17
100
AcDbEntity
  8
AVAN-YAZI
100
AcDbText
 10
1486.0584
 20
174.8289
 30
0.0
 40
1.775
  1
paralel
  7
AVAN
 41
1.1266
 11
1486.0584
 21
174.8289
 31
0.0
100
AcDbText
  0
TEXT
  5
668
330
17
100
AcDbEntity
  8
AVAN-YAZI
100
AcDbText
 10
1349.0584
 20
174.8113
 30
0.0
 40
2.109
  1
= ( 4,65 · 25,00 ) / ( 4,65 + 25,00 )
  7
AVAN
 41
1.1494
 11
1349.0584
 21
174.8113
 31
0.0
100
AcDbText
  0
TEXT
  5
669
330
17
100
AcDbEntity
  8
AVAN-YAZI
100
AcDbText
 10
1468.0583
 20
174.7583
 30
0.0
 40
2.109
  1
Ω
  7
AVAN
 41
0.9773
 11
1468.0583
 21
174.7583
 31
0.0
100
AcDbText
  0
TEXT
  5
66A
330
17
100
AcDbEntity
  8
AVAN-YAZI
100
AcDbText
 10
1456.3453
 20
174.6172
 30
0.0
 40
2.212
  1
3,922
  7
AVAN-KALIN
 41
1.2417
 11
1456.3453
 21
174.6172
 31
0.0
100
AcDbText
  0
TEXT
  5
66B
330
17
100
AcDbEntity
  8
AVAN-YAZI
100
AcDbText
 10
1486.0584
 20
168.4789
 30
0.0
 40
1.775
  1
SABİTLER B
  7
AVAN
 41
0.9093
 11
1486.0584
 21
168.4789
 31
0.0
100
AcDbText
  0
TEXT
  5
66C
330
17
100
AcDbEntity
  8
AVAN-YAZI
100
AcDbText
 10
1336.0584
 20
168.4083
 30
0.0
 40
2.109
  1
UL
  7
AVAN
 41
0.9907
 11
1336.0584
 21
168.4083
 31
0.0
100
AcDbText
  0
TEXT
  5
66D
330
17
100
AcDbEntity
  8
AVAN-YAZI
100
AcDbText
 10
1349.0584
 20
168.4083
 30
0.0
 40
2.109
  1
İzin verilen temas gerilimi
  7
AVAN
 41
1.0881
 11
1349.0584
 21
168.4083
 31
0.0
100
AcDbText
  0
TEXT
  5
66E
330
17
100
AcDbEntity
  8
AVAN-YAZI
100
AcDbText
 10
1433.0583
 20
168.4083
 30
0.0
 40
2.109
  1
=
  7
AVAN
 41
1.4092
 11
1433.0583
 21
168.4083
 31
0.0
100
AcDbText
  0
TEXT
  5
66F
330
17
100
AcDbEntity
  8
AVAN-YAZI
100
AcDbText
 10
1468.0583
 20
168.4083
 30
0.0
 40
2.109
  1
V
  7
AVAN
 41
1.0073
 11
1468.0583
 21
168.4083
 31
0.0
100
AcDbText
  0
TEXT
  5
670
330
17
100
AcDbEntity
  8
AVAN-YAZI
100
AcDbText
 10
1461.7197
 20
168.2672
 30
0.0
 40
2.212
  1
50
  7
AVAN-KALIN
 41
1.2291
 11
1461.7197
 21
168.2672
 31
0.0
100
AcDbText
  0
TEXT
  5
671
330
17
100
AcDbEntity
  8
AVAN-YAZI
100
AcDbText
 10
1486.0584
 20
162.8345
 30
0.0
 40
1.775
  1
SABİTLER B
  7
AVAN
 41
0.9093
 11
1486.0584
 21
162.8345
 31
0.0
100
AcDbText
  0
TEXT
  5
672
330
17
100
AcDbEntity
  8
AVAN-YAZI
100
AcDbText
 10
1336.0584
 20
162.7639
 30
0.0
 40
2.109
  1
IΔn
  7
AVAN
 41
1.0955
 11
1336.0584
 21
162.7639
 31
0.0
100
AcDbText
  0
TEXT
  5
673
330
17
100
AcDbEntity
  8
AVAN-YAZI
100
AcDbText
 10
1349.0584
 20
162.7639
 30
0.0
 40
2.109
  1
Kaçak akım rölesi anma akımı
  7
AVAN
 41
0.9923
 11
1349.0584
 21
162.7639
 31
0.0
100
AcDbText
  0
TEXT
  5
674
330
17
100
AcDbEntity
  8
AVAN-YAZI
100
AcDbText
 10
1433.0583
 20
162.7639
 30
0.0
 40
2.109
  1
=
  7
AVAN
 41
1.4092
 11
1433.0583
 21
162.7639
 31
0.0
100
AcDbText
  0
TEXT
  5
675
330
17
100
AcDbEntity
  8
AVAN-YAZI
100
AcDbText
 10
1468.0583
 20
162.7639
 30
0.0
 40
2.109
  1
A
  7
AVAN
 41
1.0073
 11
1468.0583
 21
162.7639
 31
0.0
100
AcDbText
  0
TEXT
  5
676
330
17
100
AcDbEntity
  8
AVAN-YAZI
100
AcDbText
 10
1458.4562
 20
162.6228
 30
0.0
 40
2.212
  1
0,30
  7
AVAN-KALIN
 41
1.2453
 11
1458.4562
 21
162.6228
 31
0.0
100
AcDbText
  0
TEXT
  5
677
330
17
100
AcDbEntity
  8
AVAN-YAZI
100
AcDbText
 10
1336.0584
 20
156.0435
 30
0.0
 40
2.16
  1
Re max = UL / IΔn
  7
AVAN-KALIN
 41
1.1813
 11
1336.0584
 21
156.0435
 31
0.0
100
AcDbText
  0
TEXT
  5
678
330
17
100
AcDbEntity
  8
AVAN-YAZI
100
AcDbText
 10
1349.0584
 20
151.034
 30
0.0
 40
2.109
  1
= 50 / 0,30
  7
AVAN
 41
1.1626
 11
1349.0584
 21
151.034
 31
0.0
100
AcDbText
  0
TEXT
  5
679
330
17
100
AcDbEntity
  8
AVAN-YAZI
100
AcDbText
 10
1468.0583
 20
150.9811
 30
0.0
 40
2.109
  1
Ω
  7
AVAN
 41
0.9773
 11
1468.0583
 21
150.9811
 31
0.0
100
AcDbText
  0
TEXT
  5
67A
330
17
100
AcDbEntity
  8
AVAN-YAZI
100
AcDbText
 10
1454.2343
 20
150.84
 30
0.0
 40
2.212
  1
166,67
  7
AVAN-KALIN
 41
1.2394
 11
1454.2343
 21
150.84
 31
0.0
100
AcDbText
  0
TEXT
  5
67B
330
17
100
AcDbEntity
  8
AVAN-YAZI
100
AcDbText
 10
1335.7056
 20
142.2844
 30
0.0
 40
2.315
  1
KONTROL Re ≤ Re max
  7
AVAN-KALIN
 41
1.1342
 11
1335.7056
 21
142.2844
 31
0.0
100
AcDbText
  0
TEXT
  5
67C
330
17
100
AcDbEntity
  8
AVAN-YAZI
100
AcDbText
 10
1387.7056
 20
142.2844
 30
0.0
 40
2.315
  1
Re = 3,92 Ω ≤ 166,67 Ω olduğundan temel topraklaması yeterlidir.
  7
AVAN-KALIN
 41
1.1752
 11
1387.7056
 21
142.2844
 31
0.0
100
AcDbText
  0
TEXT
  5
67D
330
17
100
AcDbEntity
  8
AVAN-YAZI
100
AcDbText
 10
1337.1167
 20
135.8986
 30
0.0
 40
1.852
  1
▪ HESAPLANAN TAHMİNİ DEĞERDİR — TESİS TAMAMLANDIKTAN SONRA ÖLÇÜMLE DOĞRULANACAKTIR.
  7
AVAN
 41
0.959
 11
1337.1167
 21
135.8986
 31
0.0
100
AcDbText
  0
TEXT
  5
67E
330
17
100
AcDbEntity
  8
AVAN-YAZI
100
AcDbText
 10
1337.1167
 20
132.5119
 30
0.0
 40
1.852
  1
▪ KABULLER: TT şebeke, UL = 50 V, IΔn = 0,30 A. Şebeke TN sistem ise bu kontrol ölçütü geçerli değildir.
  7
AVAN
 41
1.0807
 11
1337.1167
 21
132.5119
 31
0.0
100
AcDbText
  0
TEXT
  5
67F
330
17
100
AcDbEntity
  8
AVAN-YAZI
100
AcDbText
 10
1337.1167
 20
129.1253
 30
0.0
 40
1.852
  1
▪ Toprak özgül direnci β zemin etüdünden alınmalıdır; verilmemişse 150 Ω·m kabul edilir. Rç bağıntısı çubuk çapını ve çubuklar arası
  7
AVAN
 41
1.0251
 11
1337.1167
 21
129.1253
 31
0.0
100
AcDbText
  0
TEXT
  5
680
330
17
100
AcDbEntity
  8
AVAN-YAZI
100
AcDbText
 10
1337.1167
 20
125.7386
 30
0.0
 40
1.852
  1
etkileşimi içermeyen bir ön kabuldür — kesin değer ölçümle bulunur.
  7
AVAN
 41
1.1069
 11
1337.1167
 21
125.7386
 31
0.0
100
AcDbText
  0
TEXT
  5
681
330
17
100
AcDbEntity
  8
AVAN-YAZI
100
AcDbText
 10
1506.5146
 20
14.4
 30
0.0
 40
1.646
  1
Sayfa 5
  7
AVAN
 41
1.0886
 11
1506.5146
 21
14.4
 31
0.0
100
AcDbText
  0
LWPOLYLINE
  5
682
330
17
100
AcDbEntity
  8
AVAN-A4
100
AcDbPolyline
 90
4
 70
1
 10
1540.0000233333333
 20
0.0
 10
1750.0000266666666
 20
0.0
 10
1750.0000266666666
 20
297.0000127777778
 10
1540.0000233333333
 20
297.0000127777778
  0
LINE
  5
683
330
17
100
AcDbEntity
  8
AVAN-CIZGI
100
AcDbLine
 10
1552.0
 20
12.0
 30
0.0
 11
1738.0
 21
12.0
 31
0.0
  0
LINE
  5
684
330
17
100
AcDbEntity
  8
AVAN-CIZGI
100
AcDbLine
 10
1738.0
 20
12.0
 30
0.0
 11
1738.0
 21
285.0
 31
0.0
  0
LINE
  5
685
330
17
100
AcDbEntity
  8
AVAN-CIZGI
100
AcDbLine
 10
1738.0
 20
285.0
 30
0.0
 11
1552.0
 21
285.0
 31
0.0
  0
LINE
  5
686
330
17
100
AcDbEntity
  8
AVAN-CIZGI
100
AcDbLine
 10
1552.0
 20
285.0
 30
0.0
 11
1552.0
 21
12.0
 31
0.0
  0
LINE
  5
687
330
17
100
AcDbEntity
  8
AVAN-CIZGI
100
AcDbLine
 10
1552.0
 20
273.6
 30
0.0
 11
1738.0
 21
273.6
 31
0.0
  0
LINE
  5
688
330
17
100
AcDbEntity
  8
AVAN-CIZGI
100
AcDbLine
 10
1552.0
 20
19.0
 30
0.0
 11
1738.0
 21
19.0
 31
0.0
  0
LINE
  5
689
330
17
100
AcDbEntity
  8
AVAN-CIZGI
100
AcDbLine
 10
1555.0
 20
266.8833
 30
0.0
 11
1735.0
 21
266.8833
 31
0.0
  0
LINE
  5
68A
330
17
100
AcDbEntity
  8
AVAN-CIZGI
100
AcDbLine
 10
1555.0
 20
260.0394
 30
0.0
 11
1735.0
 21
260.0394
 31
0.0
  0
LINE
  5
68B
330
17
100
AcDbEntity
  8
AVAN-CIZGI
100
AcDbLine
 10
1555.0
 20
260.0394
 30
0.0
 11
1555.0
 21
266.8833
 31
0.0
  0
LINE
  5
68C
330
17
100
AcDbEntity
  8
AVAN-CIZGI
100
AcDbLine
 10
1735.0
 20
260.0394
 30
0.0
 11
1735.0
 21
266.8833
 31
0.0
  0
LINE
  5
68D
330
17
100
AcDbEntity
  8
AVAN-CIZGI
100
AcDbLine
 10
1555.0
 20
266.8833
 30
0.0
 11
1735.0
 21
266.8833
 31
0.0
  0
LINE
  5
68E
330
17
100
AcDbEntity
  8
AVAN-CIZGI
100
AcDbLine
 10
1555.0
 20
258.8394
 30
0.0
 11
1735.0
 21
258.8394
 31
0.0
  0
LINE
  5
68F
330
17
100
AcDbEntity
  8
AVAN-CIZGI
100
AcDbLine
 10
1555.0
 20
134.3794
 30
0.0
 11
1735.0
 21
134.3794
 31
0.0
  0
LINE
  5
690
330
17
100
AcDbEntity
  8
AVAN-CIZGI
100
AcDbLine
 10
1555.0
 20
134.3794
 30
0.0
 11
1555.0
 21
258.8394
 31
0.0
  0
LINE
  5
691
330
17
100
AcDbEntity
  8
AVAN-CIZGI
100
AcDbLine
 10
1735.0
 20
134.3794
 30
0.0
 11
1735.0
 21
258.8394
 31
0.0
  0
LINE
  5
692
330
17
100
AcDbEntity
  8
AVAN-CIZGI
100
AcDbLine
 10
1555.0
 20
253.195
 30
0.0
 11
1735.0
 21
253.195
 31
0.0
  0
LINE
  5
693
330
17
100
AcDbEntity
  8
AVAN-CIZGI
100
AcDbLine
 10
1555.0
 20
247.5506
 30
0.0
 11
1735.0
 21
247.5506
 31
0.0
  0
LINE
  5
694
330
17
100
AcDbEntity
  8
AVAN-CIZGI
100
AcDbLine
 10
1555.0
 20
241.9061
 30
0.0
 11
1735.0
 21
241.9061
 31
0.0
  0
LINE
  5
695
330
17
100
AcDbEntity
  8
AVAN-CIZGI
100
AcDbLine
 10
1555.0
 20
236.2617
 30
0.0
 11
1735.0
 21
236.2617
 31
0.0
  0
LINE
  5
696
330
17
100
AcDbEntity
  8
AVAN-CIZGI
100
AcDbLine
 10
1555.0
 20
230.6172
 30
0.0
 11
1735.0
 21
230.6172
 31
0.0
  0
LINE
  5
697
330
17
100
AcDbEntity
  8
AVAN-CIZGI
100
AcDbLine
 10
1555.0
 20
224.9728
 30
0.0
 11
1735.0
 21
224.9728
 31
0.0
  0
LINE
  5
698
330
17
100
AcDbEntity
  8
AVAN-CIZGI
100
AcDbLine
 10
1555.0
 20
219.3283
 30
0.0
 11
1735.0
 21
219.3283
 31
0.0
  0
LINE
  5
699
330
17
100
AcDbEntity
  8
AVAN-CIZGI
100
AcDbLine
 10
1555.0
 20
213.6839
 30
0.0
 11
1735.0
 21
213.6839
 31
0.0
  0
LINE
  5
69A
330
17
100
AcDbEntity
  8
AVAN-CIZGI
100
AcDbLine
 10
1555.0
 20
208.0394
 30
0.0
 11
1735.0
 21
208.0394
 31
0.0
  0
LINE
  5
69B
330
17
100
AcDbEntity
  8
AVAN-CIZGI
100
AcDbLine
 10
1555.0
 20
202.395
 30
0.0
 11
1735.0
 21
202.395
 31
0.0
  0
LINE
  5
69C
330
17
100
AcDbEntity
  8
AVAN-CIZGI
100
AcDbLine
 10
1555.0
 20
196.7506
 30
0.0
 11
1735.0
 21
196.7506
 31
0.0
  0
LINE
  5
69D
330
17
100
AcDbEntity
  8
AVAN-CIZGI
100
AcDbLine
 10
1555.0
 20
191.1061
 30
0.0
 11
1735.0
 21
191.1061
 31
0.0
  0
LINE
  5
69E
330
17
100
AcDbEntity
  8
AVAN-CIZGI
100
AcDbLine
 10
1555.0
 20
185.4617
 30
0.0
 11
1735.0
 21
185.4617
 31
0.0
  0
LINE
  5
69F
330
17
100
AcDbEntity
  8
AVAN-CIZGI
100
AcDbLine
 10
1555.0
 20
179.8172
 30
0.0
 11
1735.0
 21
179.8172
 31
0.0
  0
LINE
  5
6A0
330
17
100
AcDbEntity
  8
AVAN-CIZGI
100
AcDbLine
 10
1555.0
 20
174.1728
 30
0.0
 11
1735.0
 21
174.1728
 31
0.0
  0
LINE
  5
6A1
330
17
100
AcDbEntity
  8
AVAN-CIZGI
100
AcDbLine
 10
1555.0
 20
168.5283
 30
0.0
 11
1735.0
 21
168.5283
 31
0.0
  0
LINE
  5
6A2
330
17
100
AcDbEntity
  8
AVAN-CIZGI
100
AcDbLine
 10
1555.0
 20
162.8839
 30
0.0
 11
1735.0
 21
162.8839
 31
0.0
  0
LINE
  5
6A3
330
17
100
AcDbEntity
  8
AVAN-CIZGI
100
AcDbLine
 10
1555.0
 20
157.2394
 30
0.0
 11
1735.0
 21
157.2394
 31
0.0
  0
LINE
  5
6A4
330
17
100
AcDbEntity
  8
AVAN-CIZGI
100
AcDbLine
 10
1555.0
 20
151.595
 30
0.0
 11
1735.0
 21
151.595
 31
0.0
  0
LINE
  5
6A5
330
17
100
AcDbEntity
  8
AVAN-CIZGI
100
AcDbLine
 10
1555.0
 20
145.9506
 30
0.0
 11
1735.0
 21
145.9506
 31
0.0
  0
LINE
  5
6A6
330
17
100
AcDbEntity
  8
AVAN-CIZGI
100
AcDbLine
 10
1555.0
 20
140.3061
 30
0.0
 11
1735.0
 21
140.3061
 31
0.0
  0
LINE
  5
6A7
330
17
100
AcDbEntity
  8
AVAN-CIZGI
100
AcDbLine
 10
1625.0
 20
134.3794
 30
0.0
 11
1625.0
 21
258.8394
 31
0.0
  0
LINE
  5
6A8
330
17
100
AcDbEntity
  8
AVAN-CIZGI
100
AcDbLine
 10
1719.0
 20
134.3794
 30
0.0
 11
1719.0
 21
258.8394
 31
0.0
  0
LINE
  5
6A9
330
17
100
AcDbEntity
  8
AVAN-CIZGI
100
AcDbLine
 10
1555.0
 20
151.595
 30
0.0
 11
1735.0
 21
151.595
 31
0.0
  0
LINE
  5
6AA
330
17
100
AcDbEntity
  8
AVAN-CIZGI
100
AcDbLine
 10
1555.0
 20
145.9506
 30
0.0
 11
1735.0
 21
145.9506
 31
0.0
  0
LINE
  5
6AB
330
17
100
AcDbEntity
  8
AVAN-CIZGI
100
AcDbLine
 10
1555.0
 20
140.3061
 30
0.0
 11
1735.0
 21
140.3061
 31
0.0
  0
LINE
  5
6AC
330
17
100
AcDbEntity
  8
AVAN-CIZGI
100
AcDbLine
 10
1555.0
 20
129.3795
 30
0.0
 11
1735.0
 21
129.3795
 31
0.0
  0
LINE
  5
6AD
330
17
100
AcDbEntity
  8
AVAN-CIZGI
100
AcDbLine
 10
1555.0
 20
113.9983
 30
0.0
 11
1735.0
 21
113.9983
 31
0.0
  0
LINE
  5
6AE
330
17
100
AcDbEntity
  8
AVAN-CIZGI
100
AcDbLine
 10
1555.0
 20
113.9983
 30
0.0
 11
1555.0
 21
129.3795
 31
0.0
  0
LINE
  5
6AF
330
17
100
AcDbEntity
  8
AVAN-CIZGI
100
AcDbLine
 10
1735.0
 20
113.9983
 30
0.0
 11
1735.0
 21
129.3795
 31
0.0
  0
LINE
  5
6B0
330
17
100
AcDbEntity
  8
AVAN-CIZGI
100
AcDbLine
 10
1615.0
 20
113.9983
 30
0.0
 11
1615.0
 21
129.3795
 31
0.0
  0
LINE
  5
6B1
330
17
100
AcDbEntity
  8
AVAN-CIZGI
100
AcDbLine
 10
1675.0
 20
113.9983
 30
0.0
 11
1675.0
 21
129.3795
 31
0.0
  0
TEXT
  5
6B2
330
17
100
AcDbEntity
  8
AVAN-YAZI
100
AcDbText
 10
1604.0278
 20
276.8
 30
0.0
 40
3.086
  1
ASANSÖR AVAN PROJE HESAPLARI
  7
AVAN-KALIN
 41
1.066
 11
1604.0278
 21
276.8
 31
0.0
100
AcDbText
  0
TEXT
  5
6B3
330
17
100
AcDbEntity
  8
AVAN-YAZI
100
AcDbText
 10
1714.2414
 20
262.456
 30
0.0
 40
1.903
  1
tüm asansörler
  7
AVAN
 41
1.1208
 11
1714.2414
 21
262.456
 31
0.0
100
AcDbText
  0
TEXT
  5
6B4
330
17
100
AcDbEntity
  8
AVAN-YAZI
100
AcDbText
 10
1556.0584
 20
262.3325
 30
0.0
 40
2.443
  1
SONUÇ ÖZETİ
  7
AVAN-KALIN
 41
1.022
 11
1556.0584
 21
262.3325
 31
0.0
100
AcDbText
  0
TEXT
  5
6B5
330
17
100
AcDbEntity
  8
AVAN-YAZI
100
AcDbText
 10
1556.4111
 20
255.1
 30
0.0
 40
2.109
  1
Büyüklük
  7
AVAN
 41
1.1173
 11
1556.4111
 21
255.1
 31
0.0
100
AcDbText
  0
TEXT
  5
6B6
330
17
100
AcDbEntity
  8
AVAN-YAZI
100
AcDbText
 10
1720.4111
 20
255.1
 30
0.0
 40
2.109
  1
Birim
  7
AVAN
 41
1.1331
 11
1720.4111
 21
255.1
 31
0.0
100
AcDbText
  0
TEXT
  5
6B7
330
17
100
AcDbEntity
  8
AVAN-YAZI
100
AcDbText
 10
1704.9067
 20
254.9589
 30
0.0
 40
2.212
  1
1 NOLU
  7
AVAN-KALIN
 41
1.1196
 11
1704.9067
 21
254.9589
 31
0.0
100
AcDbText
  0
TEXT
  5
6B8
330
17
100
AcDbEntity
  8
AVAN-YAZI
100
AcDbText
 10
1556.4111
 20
249.4556
 30
0.0
 40
2.109
  1
Asansör tanımı
  7
AVAN
 41
0.9555
 11
1556.4111
 21
249.4556
 31
0.0
100
AcDbText
  0
TEXT
  5
6B9
330
17
100
AcDbEntity
  8
AVAN-YAZI
100
AcDbText
 10
1720.4111
 20
249.4556
 30
0.0
 40
2.109
  1
—
  7
AVAN
 41
0.9822
 11
1720.4111
 21
249.4556
 31
0.0
100
AcDbText
  0
TEXT
  5
6BA
330
17
100
AcDbEntity
  8
AVAN-YAZI
100
AcDbText
 10
1708.2873
 20
249.3144
 30
0.0
 40
2.212
  1
İnsan
  7
AVAN-KALIN
 41
0.9729
 11
1708.2873
 21
249.3144
 31
0.0
100
AcDbText
  0
TEXT
  5
6BB
330
17
100
AcDbEntity
  8
AVAN-YAZI
100
AcDbText
 10
1556.4111
 20
243.8111
 30
0.0
 40
2.109
  1
P — Kabin kapasitesi
  7
AVAN
 41
1.0764
 11
1556.4111
 21
243.8111
 31
0.0
100
AcDbText
  0
TEXT
  5
6BC
330
17
100
AcDbEntity
  8
AVAN-YAZI
100
AcDbText
 10
1720.4111
 20
243.8111
 30
0.0
 40
2.109
  1
kişi
  7
AVAN
 41
0.9538
 11
1720.4111
 21
243.8111
 31
0.0
100
AcDbText
  0
TEXT
  5
6BD
330
17
100
AcDbEntity
  8
AVAN-YAZI
100
AcDbText
 10
1713.3669
 20
243.67
 30
0.0
 40
2.212
  1
10
  7
AVAN-KALIN
 41
1.2291
 11
1713.3669
 21
243.67
 31
0.0
100
AcDbText
  0
TEXT
  5
6BE
330
17
100
AcDbEntity
  8
AVAN-YAZI
100
AcDbText
 10
1556.4111
 20
238.1667
 30
0.0
 40
2.109
  1
Q — Anma yükü
  7
AVAN
 41
1.0823
 11
1556.4111
 21
238.1667
 31
0.0
100
AcDbText
  0
TEXT
  5
6BF
330
17
100
AcDbEntity
  8
AVAN-YAZI
100
AcDbText
 10
1720.4111
 20
238.1667
 30
0.0
 40
2.109
  1
kg
  7
AVAN
 41
1.129
 11
1720.4111
 21
238.1667
 31
0.0
100
AcDbText
  0
TEXT
  5
6C0
330
17
100
AcDbEntity
  8
AVAN-YAZI
100
AcDbText
 10
1711.256
 20
238.0256
 30
0.0
 40
2.212
  1
800
  7
AVAN-KALIN
 41
1.2291
 11
1711.256
 21
238.0256
 31
0.0
100
AcDbText
  0
TEXT
  5
6C1
330
17
100
AcDbEntity
  8
AVAN-YAZI
100
AcDbText
 10
1556.4111
 20
232.5222
 30
0.0
 40
2.109
  1
V — Kabin hızı
  7
AVAN
 41
0.9218
 11
1556.4111
 21
232.5222
 31
0.0
100
AcDbText
  0
TEXT
  5
6C2
330
17
100
AcDbEntity
  8
AVAN-YAZI
100
AcDbText
 10
1720.4111
 20
232.5222
 30
0.0
 40
2.109
  1
m/s
  7
AVAN
 41
1.1169
 11
1720.4111
 21
232.5222
 31
0.0
100
AcDbText
  0
TEXT
  5
6C3
330
17
100
AcDbEntity
  8
AVAN-YAZI
100
AcDbText
 10
1710.1034
 20
232.3811
 30
0.0
 40
2.212
  1
1,60
  7
AVAN-KALIN
 41
1.2453
 11
1710.1034
 21
232.3811
 31
0.0
100
AcDbText
  0
TEXT
  5
6C4
330
17
100
AcDbEntity
  8
AVAN-YAZI
100
AcDbText
 10
1556.4111
 20
226.8778
 30
0.0
 40
2.109
  1
N — Hesaplanan motor gücü
  7
AVAN
 41
1.0953
 11
1556.4111
 21
226.8778
 31
0.0
100
AcDbText
  0
TEXT
  5
6C5
330
17
100
AcDbEntity
  8
AVAN-YAZI
100
AcDbText
 10
1720.4111
 20
226.8778
 30
0.0
 40
2.109
  1
kW
  7
AVAN
 41
1.0664
 11
1720.4111
 21
226.8778
 31
0.0
100
AcDbText
  0
TEXT
  5
6C6
330
17
100
AcDbEntity
  8
AVAN-YAZI
100
AcDbText
 10
1710.1034
 20
226.7367
 30
0.0
 40
2.212
  1
8,37
  7
AVAN-KALIN
 41
1.2453
 11
1710.1034
 21
226.7367
 31
0.0
100
AcDbText
  0
TEXT
  5
6C7
330
17
100
AcDbEntity
  8
AVAN-YAZI
100
AcDbText
 10
1556.4111
 20
221.2333
 30
0.0
 40
2.109
  1
Nsç — Seçilen motor gücü
  7
AVAN
 41
1.0909
 11
1556.4111
 21
221.2333
 31
0.0
100
AcDbText
  0
TEXT
  5
6C8
330
17
100
AcDbEntity
  8
AVAN-YAZI
100
AcDbText
 10
1720.4111
 20
221.2333
 30
0.0
 40
2.109
  1
kW
  7
AVAN
 41
1.0664
 11
1720.4111
 21
221.2333
 31
0.0
100
AcDbText
  0
TEXT
  5
6C9
330
17
100
AcDbEntity
  8
AVAN-YAZI
100
AcDbText
 10
1707.9925
 20
221.0922
 30
0.0
 40
2.212
  1
11,00
  7
AVAN-KALIN
 41
1.2417
 11
1707.9925
 21
221.0922
 31
0.0
100
AcDbText
  0
TEXT
  5
6CA
330
17
100
AcDbEntity
  8
AVAN-YAZI
100
AcDbText
 10
1556.4111
 20
215.5889
 30
0.0
 40
2.109
  1
Kontrol ( Nsç ≥ N )
  7
AVAN
 41
1.1198
 11
1556.4111
 21
215.5889
 31
0.0
100
AcDbText
  0
TEXT
  5
6CB
330
17
100
AcDbEntity
  8
AVAN-YAZI
100
AcDbText
 10
1705.4356
 20
215.4478
 30
0.0
 40
2.212
  1
UYGUN
  7
AVAN-KALIN
 41
1.0896
 11
1705.4356
 21
215.4478
 31
0.0
100
AcDbText
  0
TEXT
  5
6CC
330
17
100
AcDbEntity
  8
AVAN-YAZI
100
AcDbText
 10
1556.4111
 20
209.9444
 30
0.0
 40
2.109
  1
P1 — Kuyu alt boşluğu tabanına
  7
AVAN
 41
1.0267
 11
1556.4111
 21
209.9444
 31
0.0
100
AcDbText
  0
TEXT
  5
6CD
330
17
100
AcDbEntity
  8
AVAN-YAZI
100
AcDbText
 10
1720.4111
 20
209.9444
 30
0.0
 40
2.109
  1
N
  7
AVAN
 41
1.0176
 11
1720.4111
 21
209.9444
 31
0.0
100
AcDbText
  0
TEXT
  5
6CE
330
17
100
AcDbEntity
  8
AVAN-YAZI
100
AcDbText
 10
1705.8815
 20
209.8033
 30
0.0
 40
2.212
  1
63.930
  7
AVAN-KALIN
 41
1.2394
 11
1705.8815
 21
209.8033
 31
0.0
100
AcDbText
  0
TEXT
  5
6CF
330
17
100
AcDbEntity
  8
AVAN-YAZI
100
AcDbText
 10
1556.4111
 20
204.3
 30
0.0
 40
2.109
  1
P2 — Karşı ağırlık tamponu altına
  7
AVAN
 41
0.9412
 11
1556.4111
 21
204.3
 31
0.0
100
AcDbText
  0
TEXT
  5
6D0
330
17
100
AcDbEntity
  8
AVAN-YAZI
100
AcDbText
 10
1720.4111
 20
204.3
 30
0.0
 40
2.109
  1
N
  7
AVAN
 41
1.0176
 11
1720.4111
 21
204.3
 31
0.0
100
AcDbText
  0
TEXT
  5
6D1
330
17
100
AcDbEntity
  8
AVAN-YAZI
100
AcDbText
 10
1705.8815
 20
204.1589
 30
0.0
 40
2.212
  1
48.240
  7
AVAN-KALIN
 41
1.2394
 11
1705.8815
 21
204.1589
 31
0.0
100
AcDbText
  0
TEXT
  5
6D2
330
17
100
AcDbEntity
  8
AVAN-YAZI
100
AcDbText
 10
1556.4111
 20
198.6556
 30
0.0
 40
2.109
  1
PR — Bir kabin kılavuz rayına
  7
AVAN
 41
1.0091
 11
1556.4111
 21
198.6556
 31
0.0
100
AcDbText
  0
TEXT
  5
6D3
330
17
100
AcDbEntity
  8
AVAN-YAZI
100
AcDbText
 10
1720.4111
 20
198.6556
 30
0.0
 40
2.109
  1
N
  7
AVAN
 41
1.0176
 11
1720.4111
 21
198.6556
 31
0.0
100
AcDbText
  0
TEXT
  5
6D4
330
17
100
AcDbEntity
  8
AVAN-YAZI
100
AcDbText
 10
1705.8815
 20
198.5144
 30
0.0
 40
2.212
  1
21.720
  7
AVAN-KALIN
 41
1.2394
 11
1705.8815
 21
198.5144
 31
0.0
100
AcDbText
  0
TEXT
  5
6D5
330
17
100
AcDbEntity
  8
AVAN-YAZI
100
AcDbText
 10
1556.4111
 20
193.0111
 30
0.0
 40
2.109
  1
PK — Bir karşı ağırlık rayına
  7
AVAN
 41
0.9052
 11
1556.4111
 21
193.0111
 31
0.0
100
AcDbText
  0
TEXT
  5
6D6
330
17
100
AcDbEntity
  8
AVAN-YAZI
100
AcDbText
 10
1720.4111
 20
193.0111
 30
0.0
 40
2.109
  1
N
  7
AVAN
 41
1.0176
 11
1720.4111
 21
193.0111
 31
0.0
100
AcDbText
  0
TEXT
  5
6D7
330
17
100
AcDbEntity
  8
AVAN-YAZI
100
AcDbText
 10
1705.8815
 20
192.87
 30
0.0
 40
2.212
  1
17.800
  7
AVAN-KALIN
 41
1.2394
 11
1705.8815
 21
192.87
 31
0.0
100
AcDbText
  0
TEXT
  5
6D8
330
17
100
AcDbEntity
  8
AVAN-YAZI
100
AcDbText
 10
1556.4111
 20
187.3667
 30
0.0
 40
2.109
  1
Fs — Kuyu üstü betonuna
  7
AVAN
 41
1.09
 11
1556.4111
 21
187.3667
 31
0.0
100
AcDbText
  0
TEXT
  5
6D9
330
17
100
AcDbEntity
  8
AVAN-YAZI
100
AcDbText
 10
1720.4111
 20
187.3667
 30
0.0
 40
2.109
  1
N
  7
AVAN
 41
1.0176
 11
1720.4111
 21
187.3667
 31
0.0
100
AcDbText
  0
TEXT
  5
6DA
330
17
100
AcDbEntity
  8
AVAN-YAZI
100
AcDbText
 10
1705.8815
 20
187.2256
 30
0.0
 40
2.212
  1
33.930
  7
AVAN-KALIN
 41
1.2394
 11
1705.8815
 21
187.2256
 31
0.0
100
AcDbText
  0
TEXT
  5
6DB
330
17
100
AcDbEntity
  8
AVAN-YAZI
100
AcDbText
 10
1556.4111
 20
181.7222
 30
0.0
 40
2.109
  1
Kabin armatür sayısı
  7
AVAN
 41
0.9981
 11
1556.4111
 21
181.7222
 31
0.0
100
AcDbText
  0
TEXT
  5
6DC
330
17
100
AcDbEntity
  8
AVAN-YAZI
100
AcDbText
 10
1720.4111
 20
181.7222
 30
0.0
 40
2.109
  1
adet
  7
AVAN
 41
1.1381
 11
1720.4111
 21
181.7222
 31
0.0
100
AcDbText
  0
TEXT
  5
6DD
330
17
100
AcDbEntity
  8
AVAN-YAZI
100
AcDbText
 10
1715.4779
 20
181.5811
 30
0.0
 40
2.212
  1
4
  7
AVAN-KALIN
 41
1.2291
 11
1715.4779
 21
181.5811
 31
0.0
100
AcDbText
  0
TEXT
  5
6DE
330
17
100
AcDbEntity
  8
AVAN-YAZI
100
AcDbText
 10
1556.4111
 20
176.0778
 30
0.0
 40
2.109
  1
Kuyu armatür sayısı
  7
AVAN
 41
0.9964
 11
1556.4111
 21
176.0778
 31
0.0
100
AcDbText
  0
TEXT
  5
6DF
330
17
100
AcDbEntity
  8
AVAN-YAZI
100
AcDbText
 10
1720.4111
 20
176.0778
 30
0.0
 40
2.109
  1
adet
  7
AVAN
 41
1.1381
 11
1720.4111
 21
176.0778
 31
0.0
100
AcDbText
  0
TEXT
  5
6E0
330
17
100
AcDbEntity
  8
AVAN-YAZI
100
AcDbText
 10
1715.4779
 20
175.9367
 30
0.0
 40
2.212
  1
6
  7
AVAN-KALIN
 41
1.2291
 11
1715.4779
 21
175.9367
 31
0.0
100
AcDbText
  0
TEXT
  5
6E1
330
17
100
AcDbEntity
  8
AVAN-YAZI
100
AcDbText
 10
1556.4111
 20
170.4333
 30
0.0
 40
2.109
  1
P — Asansörün kurulu gücü
  7
AVAN
 41
1.0855
 11
1556.4111
 21
170.4333
 31
0.0
100
AcDbText
  0
TEXT
  5
6E2
330
17
100
AcDbEntity
  8
AVAN-YAZI
100
AcDbText
 10
1720.4111
 20
170.4333
 30
0.0
 40
2.109
  1
W
  7
AVAN
 41
1.0287
 11
1720.4111
 21
170.4333
 31
0.0
100
AcDbText
  0
TEXT
  5
6E3
330
17
100
AcDbEntity
  8
AVAN-YAZI
100
AcDbText
 10
1705.8815
 20
170.2922
 30
0.0
 40
2.212
  1
12.165
  7
AVAN-KALIN
 41
1.2394
 11
1705.8815
 21
170.2922
 31
0.0
100
AcDbText
  0
TEXT
  5
6E4
330
17
100
AcDbEntity
  8
AVAN-YAZI
100
AcDbText
 10
1556.4111
 20
164.7889
 30
0.0
 40
2.109
  1
ε — Toplam gerilim düşümü
  7
AVAN
 41
1.0899
 11
1556.4111
 21
164.7889
 31
0.0
100
AcDbText
  0
TEXT
  5
6E5
330
17
100
AcDbEntity
  8
AVAN-YAZI
100
AcDbText
 10
1720.4111
 20
164.7889
 30
0.0
 40
2.109
  1
%
  7
AVAN
 41
1.0498
 11
1720.4111
 21
164.7889
 31
0.0
100
AcDbText
  0
TEXT
  5
6E6
330
17
100
AcDbEntity
  8
AVAN-YAZI
100
AcDbText
 10
1707.9925
 20
164.6478
 30
0.0
 40
2.212
  1
0,892
  7
AVAN-KALIN
 41
1.2417
 11
1707.9925
 21
164.6478
 31
0.0
100
AcDbText
  0
TEXT
  5
6E7
330
17
100
AcDbEntity
  8
AVAN-YAZI
100
AcDbText
 10
1556.4111
 20
159.1444
 30
0.0
 40
2.109
  1
Kontrol ( ε ≤ εmax )
  7
AVAN
 41
1.1572
 11
1556.4111
 21
159.1444
 31
0.0
100
AcDbText
  0
TEXT
  5
6E8
330
17
100
AcDbEntity
  8
AVAN-YAZI
100
AcDbText
 10
1705.4356
 20
159.0033
 30
0.0
 40
2.212
  1
UYGUN
  7
AVAN-KALIN
 41
1.0896
 11
1705.4356
 21
159.0033
 31
0.0
100
AcDbText
  0
TEXT
  5
6E9
330
17
100
AcDbEntity
  8
AVAN-YAZI
100
AcDbText
 10
1556.4111
 20
153.5
 30
0.0
 40
2.109
  1
I — Hat akımı / Iz
  7
AVAN
 41
0.9628
 11
1556.4111
 21
153.5
 31
0.0
100
AcDbText
  0
TEXT
  5
6EA
330
17
100
AcDbEntity
  8
AVAN-YAZI
100
AcDbText
 10
1720.4111
 20
153.5
 30
0.0
 40
2.109
  1
A
  7
AVAN
 41
1.0073
 11
1720.4111
 21
153.5
 31
0.0
100
AcDbText
  0
TEXT
  5
6EB
330
17
100
AcDbEntity
  8
AVAN-YAZI
100
AcDbText
 10
1702.6609
 20
153.3589
 30
0.0
 40
2.212
  1
20,5 / 41
  7
AVAN-KALIN
 41
1.2417
 11
1702.6609
 21
153.3589
 31
0.0
100
AcDbText
  0
TEXT
  5
6EC
330
17
100
AcDbEntity
  8
AVAN-YAZI
100
AcDbText
 10
1556.4111
 20
147.8556
 30
0.0
 40
2.109
  1
Tesisin toplam kurulu gücü
  7
AVAN
 41
1.1179
 11
1556.4111
 21
147.8556
 31
0.0
100
AcDbText
  0
TEXT
  5
6ED
330
17
100
AcDbEntity
  8
AVAN-YAZI
100
AcDbText
 10
1720.4111
 20
147.8556
 30
0.0
 40
2.109
  1
W
  7
AVAN
 41
1.0287
 11
1720.4111
 21
147.8556
 31
0.0
100
AcDbText
  0
TEXT
  5
6EE
330
17
100
AcDbEntity
  8
AVAN-YAZI
100
AcDbText
 10
1705.8815
 20
147.7144
 30
0.0
 40
2.212
  1
12.165
  7
AVAN-KALIN
 41
1.2394
 11
1705.8815
 21
147.7144
 31
0.0
100
AcDbText
  0
TEXT
  5
6EF
330
17
100
AcDbEntity
  8
AVAN-YAZI
100
AcDbText
 10
1556.4111
 20
142.2111
 30
0.0
 40
2.109
  1
Re — Temel topraklama direnci
  7
AVAN
 41
1.1034
 11
1556.4111
 21
142.2111
 31
0.0
100
AcDbText
  0
TEXT
  5
6F0
330
17
100
AcDbEntity
  8
AVAN-YAZI
100
AcDbText
 10
1720.4111
 20
142.2111
 30
0.0
 40
2.109
  1
Ω
  7
AVAN
 41
0.9773
 11
1720.4111
 21
142.2111
 31
0.0
100
AcDbText
  0
TEXT
  5
6F1
330
17
100
AcDbEntity
  8
AVAN-YAZI
100
AcDbText
 10
1707.9925
 20
142.07
 30
0.0
 40
2.212
  1
3,922
  7
AVAN-KALIN
 41
1.2417
 11
1707.9925
 21
142.07
 31
0.0
100
AcDbText
  0
TEXT
  5
6F2
330
17
100
AcDbEntity
  8
AVAN-YAZI
100
AcDbText
 10
1556.4111
 20
136.4256
 30
0.0
 40
2.109
  1
Topraklama kontrolü ( Re ≤ UL / IΔn )
  7
AVAN
 41
1.1153
 11
1556.4111
 21
136.4256
 31
0.0
100
AcDbText
  0
TEXT
  5
6F3
330
17
100
AcDbEntity
  8
AVAN-YAZI
100
AcDbText
 10
1705.4356
 20
136.2844
 30
0.0
 40
2.212
  1
UYGUN
  7
AVAN-KALIN
 41
1.0896
 11
1705.4356
 21
136.2844
 31
0.0
100
AcDbText
  0
TEXT
  5
6F4
330
17
100
AcDbEntity
  8
AVAN-YAZI
100
AcDbText
 10
1556.7639
 20
124.7228
 30
0.0
 40
2.109
  1
Hesabı yapan
  7
AVAN
 41
1.0064
 11
1556.7639
 21
124.7228
 31
0.0
100
AcDbText
  0
TEXT
  5
6F5
330
17
100
AcDbEntity
  8
AVAN-YAZI
100
AcDbText
 10
1616.7639
 20
124.7228
 30
0.0
 40
2.109
  1
Kontrol eden
  7
AVAN
 41
1.1105
 11
1616.7639
 21
124.7228
 31
0.0
100
AcDbText
  0
TEXT
  5
6F6
330
17
100
AcDbEntity
  8
AVAN-YAZI
100
AcDbText
 10
1676.7639
 20
124.7228
 30
0.0
 40
2.109
  1
Onay
  7
AVAN
 41
1.0789
 11
1676.7639
 21
124.7228
 31
0.0
100
AcDbText
  0
TEXT
  5
6F7
330
17
100
AcDbEntity
  8
AVAN-YAZI
100
AcDbText
 10
1726.5146
 20
14.4
 30
0.0
 40
1.646
  1
Sayfa 6
  7
AVAN
 41
1.0886
 11
1726.5146
 21
14.4
 31
0.0
100
AcDbText
  0
ENDSEC
  0
SECTION
  2
OBJECTS
  0
DICTIONARY
  5
A
330
0
100
AcDbDictionary
281
1
  3
ACAD_COLOR
350
B
  3
ACAD_GROUP
350
C
  3
ACAD_LAYOUT
350
D
  3
ACAD_MATERIAL
350
E
  3
ACAD_MLEADERSTYLE
350
F
  3
ACAD_MLINESTYLE
350
10
  3
ACAD_PLOTSETTINGS
350
11
  3
ACAD_PLOTSTYLENAME
350
12
  3
ACAD_SCALELIST
350
14
  3
ACAD_TABLESTYLE
350
15
  3
ACAD_VISUALSTYLE
350
16
  3
EZDXF_META
350
2D
  0
DICTIONARY
  5
B
330
A
100
AcDbDictionary
281
1
  0
DICTIONARY
  5
C
330
A
100
AcDbDictionary
281
1
  0
DICTIONARY
  5
D
330
A
100
AcDbDictionary
281
1
  3
Model
350
1A
  3
Layout1
350
1E
  0
DICTIONARY
  5
E
330
A
100
AcDbDictionary
281
1
  3
ByBlock
350
1F
  3
ByLayer
350
20
  3
Global
350
21
  0
DICTIONARY
  5
F
330
A
100
AcDbDictionary
281
1
  3
Standard
350
2C
  0
DICTIONARY
  5
10
330
A
100
AcDbDictionary
281
1
  3
Standard
350
22
  0
DICTIONARY
  5
11
330
A
100
AcDbDictionary
281
1
  0
ACDBDICTIONARYWDFLT
  5
12
330
A
100
AcDbDictionary
281
1
  3
Normal
350
13
100
AcDbDictionaryWithDefault
340
13
  0
ACDBPLACEHOLDER
  5
13
330
12
  0
DICTIONARY
  5
14
330
A
100
AcDbDictionary
281
1
  0
DICTIONARY
  5
15
330
A
100
AcDbDictionary
281
1
  0
DICTIONARY
  5
16
330
A
100
AcDbDictionary
281
1
  3
2dWireframe
350
5A
  3
Basic
350
5B
  3
Brighten
350
5C
  3
ColorChange
350
5D
  3
Conceptual
350
5E
  3
Dim
350
5F
  3
EdgeColorOff
350
60
  3
Facepattern
350
61
  3
Flat
350
62
  3
FlatWithEdges
350
63
  3
Gouraud
350
64
  3
GouraudWithEdges
350
65
  3
Hidden
350
66
  3
JitterOff
350
67
  3
Linepattern
350
68
  3
Modeling
350
69
  3
OverhangOff
350
6A
  3
Realistic
350
6B
  3
Shaded
350
6C
  3
Shaded with edges
350
6D
  3
Shades of Gray
350
6E
  3
Sketchy
350
6F
  3
Thicken
350
70
  3
Wireframe
350
71
  3
X-Ray
350
72
  0
LAYOUT
  5
1A
330
D
100
AcDbPlotSettings
  1

  4
A3
  6

 40
7.5
 41
20.0
 42
7.5
 43
20.0
 44
420.0
 45
297.0
 46
0.0
 47
0.0
 48
0.0
 49
0.0
140
0.0
141
0.0
142
1.0
143
1.0
 70
1024
 72
1
 73
0
 74
5
  7

 75
16
 76
0
 77
2
 78
300
147
1.0
148
0.0
149
0.0
100
AcDbLayout
  1
Model
 70
1
 71
0
 10
0.0
 20
0.0
 11
420.0
 21
297.0
 12
0.0
 22
0.0
 32
0.0
 14
1e+20
 24
1e+20
 34
1e+20
 15
-1e+20
 25
-1e+20
 35
-1e+20
146
0.0
 13
0.0
 23
0.0
 33
0.0
 16
1.0
 26
0.0
 36
0.0
 17
0.0
 27
1.0
 37
0.0
 76
1
330
17
  0
LAYOUT
  5
1E
330
D
100
AcDbPlotSettings
  1

  4
A3
  6

 40
7.5
 41
20.0
 42
7.5
 43
20.0
 44
420.0
 45
297.0
 46
0.0
 47
0.0
 48
0.0
 49
0.0
140
0.0
141
0.0
142
1.0
143
1.0
 70
0
 72
1
 73
0
 74
5
  7

 75
16
 76
0
 77
2
 78
300
147
1.0
148
0.0
149
0.0
100
AcDbLayout
  1
Layout1
 70
1
 71
1
 10
0.0
 20
0.0
 11
420.0
 21
297.0
 12
0.0
 22
0.0
 32
0.0
 14
1e+20
 24
1e+20
 34
1e+20
 15
-1e+20
 25
-1e+20
 35
-1e+20
146
0.0
 13
0.0
 23
0.0
 33
0.0
 16
1.0
 26
0.0
 36
0.0
 17
0.0
 27
1.0
 37
0.0
 76
1
330
1B
  0
MATERIAL
  5
1F
102
{ACAD_REACTORS
330
E
102
}
330
E
100
AcDbMaterial
  1
ByBlock
  2

 70
0
 40
1.0
 71
1
 41
1.0
 91
-1023410177
 42
1.0
 72
1
  3

 73
1
 74
1
 75
1
 44
0.5
 73
0
 45
1.0
 46
1.0
 77
1
  4

 78
1
 79
1
170
1
 48
1.0
171
1
  6

172
1
173
1
174
1
140
1.0
141
1.0
175
1
  7

176
1
177
1
178
1
143
1.0
179
1
  8

270
1
271
1
272
1
145
1.0
146
1.0
273
1
  9

274
1
275
1
276
1
 42
1.0
 72
1
  3

 73
1
 74
1
 75
1
 94
63
  0
MATERIAL
  5
20
102
{ACAD_REACTORS
330
E
102
}
330
E
100
AcDbMaterial
  1
ByLayer
  2

 70
0
 40
1.0
 71
1
 41
1.0
 91
-1023410177
 42
1.0
 72
1
  3

 73
1
 74
1
 75
1
 44
0.5
 73
0
 45
1.0
 46
1.0
 77
1
  4

 78
1
 79
1
170
1
 48
1.0
171
1
  6

172
1
173
1
174
1
140
1.0
141
1.0
175
1
  7

176
1
177
1
178
1
143
1.0
179
1
  8

270
1
271
1
272
1
145
1.0
146
1.0
273
1
  9

274
1
275
1
276
1
 42
1.0
 72
1
  3

 73
1
 74
1
 75
1
 94
63
  0
MATERIAL
  5
21
102
{ACAD_REACTORS
330
E
102
}
330
E
100
AcDbMaterial
  1
Global
  2

 70
0
 40
1.0
 71
1
 41
1.0
 91
-1023410177
 42
1.0
 72
1
  3

 73
1
 74
1
 75
1
 44
0.5
 73
0
 45
1.0
 46
1.0
 77
1
  4

 78
1
 79
1
170
1
 48
1.0
171
1
  6

172
1
173
1
174
1
140
1.0
141
1.0
175
1
  7

176
1
177
1
178
1
143
1.0
179
1
  8

270
1
271
1
272
1
145
1.0
146
1.0
273
1
  9

274
1
275
1
276
1
 42
1.0
 72
1
  3

 73
1
 74
1
 75
1
 94
63
  0
MLINESTYLE
  5
22
102
{ACAD_REACTORS
330
10
102
}
330
10
100
AcDbMlineStyle
  2
Standard
 70
0
  3

 62
256
 51
90.0
 52
90.0
 71
2
 49
0.5
 62
256
  6
BYLAYER
 49
-0.5
 62
256
  6
BYLAYER
  0
MLEADERSTYLE
  5
2C
102
{ACAD_REACTORS
330
F
102
}
330
F
100
AcDbMLeaderStyle
179
2
170
2
171
1
172
0
 90
2
 40
0.0
 41
0.0
173
1
 91
-1056964608
 92
-2
290
1
 42
2.0
291
1
 43
8.0
  3
Standard
 44
4.0
300

342
29
174
1
175
1
176
0
178
1
 93
-1056964608
 45
4.0
292
0
297
0
 46
4.0
 94
-1056964608
 47
1.0
 49
1.0
140
1.0
294
1
141
0.0
177
0
142
1.0
295
0
296
0
143
3.75
271
0
272
9
273
9
  0
DICTIONARY
  5
2D
330
A
100
AcDbDictionary
280
1
281
1
  3
CREATED_BY_EZDXF
350
2E
  3
WRITTEN_BY_EZDXF
350
6FA
  0
DICTIONARYVAR
  5
2E
330
2D
100
DictionaryVariables
280
0
  1
1.4.4 @ 2026-09-02T19:44:24.700113+00:00
  0
VISUALSTYLE
  5
5A
102
{ACAD_REACTORS
330
16
102
}
330
16
100
AcDbVisualStyle
  2
2dWireframe
 70
4
177
3
291
0
 70
58
 90
2
176
1
 90
2
176
1
 90
0
176
1
 90
0
176
1
 40
0.6
176
1
 40
30.0
176
1
 62
7
420
16777215
176
1
 90
1
176
1
 90
4
176
1
 62
7
176
1
 62
257
176
1
 90
1
176
1
 90
1
176
1
 40
1.0
176
1
 90
8
176
1
 62
7
176
1
 40
1.0
176
1
 90
1
176
1
 90
6
176
1
 90
2
176
1
 62
7
176
1
 90
5
176
1
 90
0
176
1
 90
0
176
1
290
0
176
1
 90
1
176
1
 40
0.0
176
1
 90
0
176
1
290
1
176
1
290
1
176
1
290
0
176
1
290
0
176
1
290
0
176
1
290
0
176
1
290
0
176
1
290
0
176
1
290
0
176
1
 90
50
176
1
 40
0.0
176
1
 40
1.0
176
1
 90
0
176
1
 62
18
420
0
176
1
 90
50
176
1
 90
3
176
1
 62
5
420
255
176
1
290
0
176
1
 90
50
176
1
 90
50
176
1
 90
50
176
1
290
0
176
1
 90
50
176
1
 62
256
176
0
 40
1.0
176
0
 90
2
176
1
  1
strokes_ogs.tif
176
1
290
0
176
1
 40
1.0
176
1
 40
1.0
176
1
  0
VISUALSTYLE
  5
5B
102
{ACAD_REACTORS
330
16
102
}
330
16
100
AcDbVisualStyle
  2
Basic
 70
7
177
3
291
1
 70
58
 90
2
176
1
 90
2
176
1
 90
0
176
1
 90
1
176
1
 40
0.6
176
1
 40
30.0
176
1
 62
7
420
16777215
176
1
 90
1
176
1
 90
4
176
1
 62
7
176
1
 62
257
176
1
 90
1
176
1
 90
1
176
1
 40
1.0
176
1
 90
8
176
1
 62
7
176
1
 40
1.0
176
1
 90
1
176
1
 90
6
176
1
 90
2
176
1
 62
7
176
1
 90
5
176
1
 90
0
176
1
 90
0
176
1
290
0
176
1
 90
1
176
1
 40
0.0
176
1
 90
0
176
1
290
0
176
1
290
1
176
1
290
1
176
1
290
0
176
1
290
0
176
1
290
0
176
1
290
0
176
1
290
0
176
1
290
0
176
1
 90
50
176
1
 40
0.0
176
1
 40
1.0
176
1
 90
0
176
1
 62
18
420
0
176
1
 90
50
176
1
 90
3
176
1
 62
5
420
255
176
1
290
0
176
1
 90
50
176
1
 90
50
176
1
 90
50
176
1
290
0
176
1
 90
50
176
1
 62
256
176
0
 40
1.0
176
0
 90
2
176
1
  1
strokes_ogs.tif
176
1
290
0
176
1
 40
1.0
176
1
 40
1.0
176
1
  0
VISUALSTYLE
  5
5C
102
{ACAD_REACTORS
330
16
102
}
330
16
100
AcDbVisualStyle
  2
Brighten
 70
12
177
3
291
1
 70
58
 90
2
176
1
 90
2
176
1
 90
0
176
1
 90
2
176
1
 40
0.6
176
1
 40
30.0
176
1
 62
7
420
16777215
176
1
 90
1
176
1
 90
4
176
1
 62
7
176
1
 62
257
176
1
 90
1
176
1
 90
1
176
1
 40
1.0
176
1
 90
8
176
1
 62
7
176
1
 40
1.0
176
1
 90
1
176
1
 90
6
176
1
 90
2
176
1
 62
7
176
1
 90
5
176
1
 90
0
176
1
 90
0
176
1
290
0
176
1
 90
1
176
1
 40
0.0
176
1
 90
0
176
1
290
0
176
1
290
1
176
1
290
1
176
1
290
0
176
1
290
0
176
1
290
0
176
1
290
0
176
1
290
0
176
1
290
0
176
1
 90
50
176
1
 40
0.0
176
1
 40
1.0
176
1
 90
0
176
1
 62
18
420
0
176
1
 90
50
176
1
 90
3
176
1
 62
5
420
255
176
1
290
0
176
1
 90
50
176
1
 90
50
176
1
 90
50
176
1
290
0
176
1
 90
50
176
1
 62
256
176
0
 40
1.0
176
0
 90
2
176
1
  1
strokes_ogs.tif
176
1
290
0
176
1
 40
1.0
176
1
 40
1.0
176
1
  0
VISUALSTYLE
  5
5D
102
{ACAD_REACTORS
330
16
102
}
330
16
100
AcDbVisualStyle
  2
ColorChange
 70
16
177
3
291
1
 70
58
 90
2
176
1
 90
2
176
1
 90
0
176
1
 90
2
176
1
 40
0.6
176
1
 40
30.0
176
1
 62
7
420
16777215
176
1
 90
1
176
1
 90
4
176
1
 62
7
176
1
 62
257
176
1
 90
1
176
1
 90
1
176
1
 40
1.0
176
1
 90
8
176
1
 62
7
176
1
 40
1.0
176
1
 90
1
176
1
 90
6
176
1
 90
2
176
1
 62
7
176
1
 90
5
176
1
 90
0
176
1
 90
0
176
1
290
0
176
1
 90
1
176
1
 40
0.0
176
1
 90
0
176
1
290
0
176
1
290
1
176
1
290
1
176
1
290
0
176
1
290
0
176
1
290
0
176
1
290
0
176
1
290
0
176
1
290
0
176
1
 90
50
176
1
 40
0.0
176
1
 40
1.0
176
1
 90
0
176
1
 62
18
420
0
176
1
 90
50
176
1
 90
3
176
1
 62
5
420
255
176
1
290
0
176
1
 90
50
176
1
 90
50
176
1
 90
50
176
1
290
0
176
1
 90
50
176
1
 62
256
176
0
 40
1.0
176
0
 90
2
176
1
  1
strokes_ogs.tif
176
1
290
0
176
1
 40
1.0
176
1
 40
1.0
176
1
  0
VISUALSTYLE
  5
5E
102
{ACAD_REACTORS
330
16
102
}
330
16
100
AcDbVisualStyle
  2
Conceptual
 70
9
177
3
291
0
 70
58
 90
2
176
1
 90
2
176
1
 90
0
176
1
 90
3
176
1
 40
0.6
176
1
 40
30.0
176
1
 62
7
420
16777215
176
1
 90
1
176
1
 90
4
176
1
 62
7
176
1
 62
257
176
1
 90
1
176
1
 90
1
176
1
 40
1.0
176
1
 90
8
176
1
 62
7
176
1
 40
1.0
176
1
 90
1
176
1
 90
6
176
1
 90
2
176
1
 62
7
176
1
 90
5
176
1
 90
0
176
1
 90
0
176
1
290
0
176
1
 90
1
176
1
 40
0.0
176
1
 90
0
176
1
290
0
176
1
290
1
176
1
290
1
176
1
290
0
176
1
290
0
176
1
290
0
176
1
290
0
176
1
290
0
176
1
290
0
176
1
 90
50
176
1
 40
0.0
176
1
 40
1.0
176
1
 90
0
176
1
 62
18
420
0
176
1
 90
50
176
1
 90
3
176
1
 62
5
420
255
176
1
290
0
176
1
 90
50
176
1
 90
50
176
1
 90
50
176
1
290
0
176
1
 90
50
176
1
 62
256
176
0
 40
1.0
176
0
 90
2
176
1
  1
strokes_ogs.tif
176
1
290
0
176
1
 40
1.0
176
1
 40
1.0
176
1
  0
VISUALSTYLE
  5
5F
102
{ACAD_REACTORS
330
16
102
}
330
16
100
AcDbVisualStyle
  2
Dim
 70
11
177
3
291
1
 70
58
 90
2
176
1
 90
2
176
1
 90
0
176
1
 90
2
176
1
 40
0.6
176
1
 40
30.0
176
1
 62
7
420
16777215
176
1
 90
1
176
1
 90
4
176
1
 62
7
176
1
 62
257
176
1
 90
1
176
1
 90
1
176
1
 40
1.0
176
1
 90
8
176
1
 62
7
176
1
 40
1.0
176
1
 90
1
176
1
 90
6
176
1
 90
2
176
1
 62
7
176
1
 90
5
176
1
 90
0
176
1
 90
0
176
1
290
0
176
1
 90
1
176
1
 40
0.0
176
1
 90
0
176
1
290
0
176
1
290
1
176
1
290
1
176
1
290
0
176
1
290
0
176
1
290
0
176
1
290
0
176
1
290
0
176
1
290
0
176
1
 90
50
176
1
 40
0.0
176
1
 40
1.0
176
1
 90
0
176
1
 62
18
420
0
176
1
 90
50
176
1
 90
3
176
1
 62
5
420
255
176
1
290
0
176
1
 90
50
176
1
 90
50
176
1
 90
50
176
1
290
0
176
1
 90
50
176
1
 62
256
176
0
 40
1.0
176
0
 90
2
176
1
  1
strokes_ogs.tif
176
1
290
0
176
1
 40
1.0
176
1
 40
1.0
176
1
  0
VISUALSTYLE
  5
60
102
{ACAD_REACTORS
330
16
102
}
330
16
100
AcDbVisualStyle
  2
EdgeColorOff
 70
22
177
3
291
1
 70
58
 90
2
176
1
 90
2
176
1
 90
0
176
1
 90
2
176
1
 40
0.6
176
1
 40
30.0
176
1
 62
7
420
16777215
176
1
 90
1
176
1
 90
4
176
1
 62
7
176
1
 62
257
176
1
 90
1
176
1
 90
1
176
1
 40
1.0
176
1
 90
8
176
1
 62
7
176
1
 40
1.0
176
1
 90
1
176
1
 90
6
176
1
 90
2
176
1
 62
7
176
1
 90
5
176
1
 90
0
176
1
 90
0
176
1
290
0
176
1
 90
1
176
1
 40
0.0
176
1
 90
0
176
1
290
0
176
1
290
1
176
1
290
1
176
1
290
0
176
1
290
0
176
1
290
0
176
1
290
0
176
1
290
0
176
1
290
0
176
1
 90
50
176
1
 40
0.0
176
1
 40
1.0
176
1
 90
0
176
1
 62
18
420
0
176
1
 90
50
176
1
 90
3
176
1
 62
5
420
255
176
1
290
0
176
1
 90
50
176
1
 90
50
176
1
 90
50
176
1
290
0
176
1
 90
50
176
1
 62
256
176
0
 40
1.0
176
0
 90
2
176
1
  1
strokes_ogs.tif
176
1
290
0
176
1
 40
1.0
176
1
 40
1.0
176
1
  0
VISUALSTYLE
  5
61
102
{ACAD_REACTORS
330
16
102
}
330
16
100
AcDbVisualStyle
  2
Facepattern
 70
15
177
3
291
1
 70
58
 90
2
176
1
 90
2
176
1
 90
0
176
1
 90
2
176
1
 40
0.6
176
1
 40
30.0
176
1
 62
7
420
16777215
176
1
 90
1
176
1
 90
4
176
1
 62
7
176
1
 62
257
176
1
 90
1
176
1
 90
1
176
1
 40
1.0
176
1
 90
8
176
1
 62
7
176
1
 40
1.0
176
1
 90
1
176
1
 90
6
176
1
 90
2
176
1
 62
7
176
1
 90
5
176
1
 90
0
176
1
 90
0
176
1
290
0
176
1
 90
1
176
1
 40
0.0
176
1
 90
0
176
1
290
0
176
1
290
1
176
1
290
1
176
1
290
0
176
1
290
0
176
1
290
0
176
1
290
0
176
1
290
0
176
1
290
0
176
1
 90
50
176
1
 40
0.0
176
1
 40
1.0
176
1
 90
0
176
1
 62
18
420
0
176
1
 90
50
176
1
 90
3
176
1
 62
5
420
255
176
1
290
0
176
1
 90
50
176
1
 90
50
176
1
 90
50
176
1
290
0
176
1
 90
50
176
1
 62
256
176
0
 40
1.0
176
0
 90
2
176
1
  1
strokes_ogs.tif
176
1
290
0
176
1
 40
1.0
176
1
 40
1.0
176
1
  0
VISUALSTYLE
  5
62
102
{ACAD_REACTORS
330
16
102
}
330
16
100
AcDbVisualStyle
  2
Flat
 70
0
177
3
291
1
 70
58
 90
2
176
1
 90
2
176
1
 90
0
176
1
 90
2
176
1
 40
0.6
176
1
 40
30.0
176
1
 62
7
420
16777215
176
1
 90
1
176
1
 90
4
176
1
 62
7
176
1
 62
257
176
1
 90
1
176
1
 90
1
176
1
 40
1.0
176
1
 90
8
176
1
 62
7
176
1
 40
1.0
176
1
 90
1
176
1
 90
6
176
1
 90
2
176
1
 62
7
176
1
 90
5
176
1
 90
0
176
1
 90
0
176
1
290
0
176
1
 90
1
176
1
 40
0.0
176
1
 90
0
176
1
290
0
176
1
290
1
176
1
290
1
176
1
290
0
176
1
290
0
176
1
290
0
176
1
290
0
176
1
290
0
176
1
290
0
176
1
 90
50
176
1
 40
0.0
176
1
 40
1.0
176
1
 90
0
176
1
 62
18
420
0
176
1
 90
50
176
1
 90
3
176
1
 62
5
420
255
176
1
290
0
176
1
 90
50
176
1
 90
50
176
1
 90
50
176
1
290
0
176
1
 90
50
176
1
 62
256
176
0
 40
1.0
176
0
 90
2
176
1
  1
strokes_ogs.tif
176
1
290
0
176
1
 40
1.0
176
1
 40
1.0
176
1
  0
VISUALSTYLE
  5
63
102
{ACAD_REACTORS
330
16
102
}
330
16
100
AcDbVisualStyle
  2
FlatWithEdges
 70
1
177
3
291
1
 70
58
 90
2
176
1
 90
2
176
1
 90
0
176
1
 90
2
176
1
 40
0.6
176
1
 40
30.0
176
1
 62
7
420
16777215
176
1
 90
1
176
1
 90
4
176
1
 62
7
176
1
 62
257
176
1
 90
1
176
1
 90
1
176
1
 40
1.0
176
1
 90
8
176
1
 62
7
176
1
 40
1.0
176
1
 90
1
176
1
 90
6
176
1
 90
2
176
1
 62
7
176
1
 90
5
176
1
 90
0
176
1
 90
0
176
1
290
0
176
1
 90
1
176
1
 40
0.0
176
1
 90
0
176
1
290
0
176
1
290
1
176
1
290
1
176
1
290
0
176
1
290
0
176
1
290
0
176
1
290
0
176
1
290
0
176
1
290
0
176
1
 90
50
176
1
 40
0.0
176
1
 40
1.0
176
1
 90
0
176
1
 62
18
420
0
176
1
 90
50
176
1
 90
3
176
1
 62
5
420
255
176
1
290
0
176
1
 90
50
176
1
 90
50
176
1
 90
50
176
1
290
0
176
1
 90
50
176
1
 62
256
176
0
 40
1.0
176
0
 90
2
176
1
  1
strokes_ogs.tif
176
1
290
0
176
1
 40
1.0
176
1
 40
1.0
176
1
  0
VISUALSTYLE
  5
64
102
{ACAD_REACTORS
330
16
102
}
330
16
100
AcDbVisualStyle
  2
Gouraud
 70
2
177
3
291
1
 70
58
 90
2
176
1
 90
2
176
1
 90
0
176
1
 90
2
176
1
 40
0.6
176
1
 40
30.0
176
1
 62
7
420
16777215
176
1
 90
1
176
1
 90
4
176
1
 62
7
176
1
 62
257
176
1
 90
1
176
1
 90
1
176
1
 40
1.0
176
1
 90
8
176
1
 62
7
176
1
 40
1.0
176
1
 90
1
176
1
 90
6
176
1
 90
2
176
1
 62
7
176
1
 90
5
176
1
 90
0
176
1
 90
0
176
1
290
0
176
1
 90
1
176
1
 40
0.0
176
1
 90
0
176
1
290
0
176
1
290
1
176
1
290
1
176
1
290
0
176
1
290
0
176
1
290
0
176
1
290
0
176
1
290
0
176
1
290
0
176
1
 90
50
176
1
 40
0.0
176
1
 40
1.0
176
1
 90
0
176
1
 62
18
420
0
176
1
 90
50
176
1
 90
3
176
1
 62
5
420
255
176
1
290
0
176
1
 90
50
176
1
 90
50
176
1
 90
50
176
1
290
0
176
1
 90
50
176
1
 62
256
176
0
 40
1.0
176
0
 90
2
176
1
  1
strokes_ogs.tif
176
1
290
0
176
1
 40
1.0
176
1
 40
1.0
176
1
  0
VISUALSTYLE
  5
65
102
{ACAD_REACTORS
330
16
102
}
330
16
100
AcDbVisualStyle
  2
GouraudWithEdges
 70
3
177
3
291
1
 70
58
 90
2
176
1
 90
2
176
1
 90
0
176
1
 90
2
176
1
 40
0.6
176
1
 40
30.0
176
1
 62
7
420
16777215
176
1
 90
1
176
1
 90
4
176
1
 62
7
176
1
 62
257
176
1
 90
1
176
1
 90
1
176
1
 40
1.0
176
1
 90
8
176
1
 62
7
176
1
 40
1.0
176
1
 90
1
176
1
 90
6
176
1
 90
2
176
1
 62
7
176
1
 90
5
176
1
 90
0
176
1
 90
0
176
1
290
0
176
1
 90
1
176
1
 40
0.0
176
1
 90
0
176
1
290
0
176
1
290
1
176
1
290
1
176
1
290
0
176
1
290
0
176
1
290
0
176
1
290
0
176
1
290
0
176
1
290
0
176
1
 90
50
176
1
 40
0.0
176
1
 40
1.0
176
1
 90
0
176
1
 62
18
420
0
176
1
 90
50
176
1
 90
3
176
1
 62
5
420
255
176
1
290
0
176
1
 90
50
176
1
 90
50
176
1
 90
50
176
1
290
0
176
1
 90
50
176
1
 62
256
176
0
 40
1.0
176
0
 90
2
176
1
  1
strokes_ogs.tif
176
1
290
0
176
1
 40
1.0
176
1
 40
1.0
176
1
  0
VISUALSTYLE
  5
66
102
{ACAD_REACTORS
330
16
102
}
330
16
100
AcDbVisualStyle
  2
Hidden
 70
6
177
3
291
0
 70
58
 90
2
176
1
 90
2
176
1
 90
0
176
1
 90
1
176
1
 40
0.6
176
1
 40
30.0
176
1
 62
7
420
16777215
176
1
 90
1
176
1
 90
4
176
1
 62
7
176
1
 62
257
176
1
 90
1
176
1
 90
1
176
1
 40
1.0
176
1
 90
8
176
1
 62
7
176
1
 40
1.0
176
1
 90
1
176
1
 90
6
176
1
 90
2
176
1
 62
7
176
1
 90
5
176
1
 90
0
176
1
 90
0
176
1
290
0
176
1
 90
1
176
1
 40
0.0
176
1
 90
0
176
1
290
0
176
1
290
1
176
1
290
1
176
1
290
0
176
1
290
0
176
1
290
0
176
1
290
0
176
1
290
0
176
1
290
0
176
1
 90
50
176
1
 40
0.0
176
1
 40
1.0
176
1
 90
0
176
1
 62
18
420
0
176
1
 90
50
176
1
 90
3
176
1
 62
5
420
255
176
1
290
0
176
1
 90
50
176
1
 90
50
176
1
 90
50
176
1
290
0
176
1
 90
50
176
1
 62
256
176
0
 40
1.0
176
0
 90
2
176
1
  1
strokes_ogs.tif
176
1
290
0
176
1
 40
1.0
176
1
 40
1.0
176
1
  0
VISUALSTYLE
  5
67
102
{ACAD_REACTORS
330
16
102
}
330
16
100
AcDbVisualStyle
  2
JitterOff
 70
20
177
3
291
1
 70
58
 90
2
176
1
 90
2
176
1
 90
0
176
1
 90
2
176
1
 40
0.6
176
1
 40
30.0
176
1
 62
7
420
16777215
176
1
 90
1
176
1
 90
4
176
1
 62
7
176
1
 62
257
176
1
 90
1
176
1
 90
1
176
1
 40
1.0
176
1
 90
8
176
1
 62
7
176
1
 40
1.0
176
1
 90
1
176
1
 90
6
176
1
 90
2
176
1
 62
7
176
1
 90
5
176
1
 90
0
176
1
 90
0
176
1
290
0
176
1
 90
1
176
1
 40
0.0
176
1
 90
0
176
1
290
0
176
1
290
1
176
1
290
1
176
1
290
0
176
1
290
0
176
1
290
0
176
1
290
0
176
1
290
0
176
1
290
0
176
1
 90
50
176
1
 40
0.0
176
1
 40
1.0
176
1
 90
0
176
1
 62
18
420
0
176
1
 90
50
176
1
 90
3
176
1
 62
5
420
255
176
1
290
0
176
1
 90
50
176
1
 90
50
176
1
 90
50
176
1
290
0
176
1
 90
50
176
1
 62
256
176
0
 40
1.0
176
0
 90
2
176
1
  1
strokes_ogs.tif
176
1
290
0
176
1
 40
1.0
176
1
 40
1.0
176
1
  0
VISUALSTYLE
  5
68
102
{ACAD_REACTORS
330
16
102
}
330
16
100
AcDbVisualStyle
  2
Linepattern
 70
14
177
3
291
1
 70
58
 90
2
176
1
 90
2
176
1
 90
0
176
1
 90
2
176
1
 40
0.6
176
1
 40
30.0
176
1
 62
7
420
16777215
176
1
 90
1
176
1
 90
4
176
1
 62
7
176
1
 62
257
176
1
 90
1
176
1
 90
1
176
1
 40
1.0
176
1
 90
8
176
1
 62
7
176
1
 40
1.0
176
1
 90
1
176
1
 90
6
176
1
 90
2
176
1
 62
7
176
1
 90
5
176
1
 90
0
176
1
 90
0
176
1
290
0
176
1
 90
1
176
1
 40
0.0
176
1
 90
0
176
1
290
0
176
1
290
1
176
1
290
1
176
1
290
0
176
1
290
0
176
1
290
0
176
1
290
0
176
1
290
0
176
1
290
0
176
1
 90
50
176
1
 40
0.0
176
1
 40
1.0
176
1
 90
0
176
1
 62
18
420
0
176
1
 90
50
176
1
 90
3
176
1
 62
5
420
255
176
1
290
0
176
1
 90
50
176
1
 90
50
176
1
 90
50
176
1
290
0
176
1
 90
50
176
1
 62
256
176
0
 40
1.0
176
0
 90
2
176
1
  1
strokes_ogs.tif
176
1
290
0
176
1
 40
1.0
176
1
 40
1.0
176
1
  0
VISUALSTYLE
  5
69
102
{ACAD_REACTORS
330
16
102
}
330
16
100
AcDbVisualStyle
  2
Modeling
 70
10
177
3
291
0
 70
58
 90
2
176
1
 90
2
176
1
 90
0
176
1
 90
2
176
1
 40
0.6
176
1
 40
30.0
176
1
 62
7
420
16777215
176
1
 90
1
176
1
 90
4
176
1
 62
7
176
1
 62
257
176
1
 90
1
176
1
 90
1
176
1
 40
1.0
176
1
 90
8
176
1
 62
7
176
1
 40
1.0
176
1
 90
1
176
1
 90
6
176
1
 90
2
176
1
 62
7
176
1
 90
5
176
1
 90
0
176
1
 90
0
176
1
290
0
176
1
 90
1
176
1
 40
0.0
176
1
 90
0
176
1
290
0
176
1
290
1
176
1
290
1
176
1
290
0
176
1
290
0
176
1
290
0
176
1
290
0
176
1
290
0
176
1
290
0
176
1
 90
50
176
1
 40
0.0
176
1
 40
1.0
176
1
 90
0
176
1
 62
18
420
0
176
1
 90
50
176
1
 90
3
176
1
 62
5
420
255
176
1
290
0
176
1
 90
50
176
1
 90
50
176
1
 90
50
176
1
290
0
176
1
 90
50
176
1
 62
256
176
0
 40
1.0
176
0
 90
2
176
1
  1
strokes_ogs.tif
176
1
290
0
176
1
 40
1.0
176
1
 40
1.0
176
1
  0
VISUALSTYLE
  5
6A
102
{ACAD_REACTORS
330
16
102
}
330
16
100
AcDbVisualStyle
  2
OverhangOff
 70
21
177
3
291
1
 70
58
 90
2
176
1
 90
2
176
1
 90
0
176
1
 90
2
176
1
 40
0.6
176
1
 40
30.0
176
1
 62
7
420
16777215
176
1
 90
1
176
1
 90
4
176
1
 62
7
176
1
 62
257
176
1
 90
1
176
1
 90
1
176
1
 40
1.0
176
1
 90
8
176
1
 62
7
176
1
 40
1.0
176
1
 90
1
176
1
 90
6
176
1
 90
2
176
1
 62
7
176
1
 90
5
176
1
 90
0
176
1
 90
0
176
1
290
0
176
1
 90
1
176
1
 40
0.0
176
1
 90
0
176
1
290
0
176
1
290
1
176
1
290
1
176
1
290
0
176
1
290
0
176
1
290
0
176
1
290
0
176
1
290
0
176
1
290
0
176
1
 90
50
176
1
 40
0.0
176
1
 40
1.0
176
1
 90
0
176
1
 62
18
420
0
176
1
 90
50
176
1
 90
3
176
1
 62
5
420
255
176
1
290
0
176
1
 90
50
176
1
 90
50
176
1
 90
50
176
1
290
0
176
1
 90
50
176
1
 62
256
176
0
 40
1.0
176
0
 90
2
176
1
  1
strokes_ogs.tif
176
1
290
0
176
1
 40
1.0
176
1
 40
1.0
176
1
  0
VISUALSTYLE
  5
6B
102
{ACAD_REACTORS
330
16
102
}
330
16
100
AcDbVisualStyle
  2
Realistic
 70
8
177
3
291
0
 70
58
 90
2
176
1
 90
2
176
1
 90
0
176
1
 90
2
176
1
 40
0.6
176
1
 40
30.0
176
1
 62
7
420
16777215
176
1
 90
1
176
1
 90
4
176
1
 62
7
176
1
 62
257
176
1
 90
1
176
1
 90
1
176
1
 40
1.0
176
1
 90
8
176
1
 62
7
176
1
 40
1.0
176
1
 90
1
176
1
 90
6
176
1
 90
2
176
1
 62
7
176
1
 90
5
176
1
 90
0
176
1
 90
0
176
1
290
0
176
1
 90
1
176
1
 40
0.0
176
1
 90
0
176
1
290
0
176
1
290
1
176
1
290
1
176
1
290
0
176
1
290
0
176
1
290
0
176
1
290
0
176
1
290
0
176
1
290
0
176
1
 90
50
176
1
 40
0.0
176
1
 40
1.0
176
1
 90
0
176
1
 62
18
420
0
176
1
 90
50
176
1
 90
3
176
1
 62
5
420
255
176
1
290
0
176
1
 90
50
176
1
 90
50
176
1
 90
50
176
1
290
0
176
1
 90
50
176
1
 62
256
176
0
 40
1.0
176
0
 90
2
176
1
  1
strokes_ogs.tif
176
1
290
0
176
1
 40
1.0
176
1
 40
1.0
176
1
  0
VISUALSTYLE
  5
6C
102
{ACAD_REACTORS
330
16
102
}
330
16
100
AcDbVisualStyle
  2
Shaded
 70
27
177
3
291
0
 70
58
 90
2
176
1
 90
2
176
1
 90
0
176
1
 90
2
176
1
 40
0.6
176
1
 40
30.0
176
1
 62
7
420
16777215
176
1
 90
1
176
1
 90
4
176
1
 62
7
176
1
 62
257
176
1
 90
1
176
1
 90
1
176
1
 40
1.0
176
1
 90
8
176
1
 62
7
176
1
 40
1.0
176
1
 90
1
176
1
 90
6
176
1
 90
2
176
1
 62
7
176
1
 90
5
176
1
 90
0
176
1
 90
0
176
1
290
0
176
1
 90
1
176
1
 40
0.0
176
1
 90
0
176
1
290
0
176
1
290
1
176
1
290
1
176
1
290
0
176
1
290
0
176
1
290
0
176
1
290
0
176
1
290
0
176
1
290
0
176
1
 90
50
176
1
 40
0.0
176
1
 40
1.0
176
1
 90
0
176
1
 62
18
420
0
176
1
 90
50
176
1
 90
3
176
1
 62
5
420
255
176
1
290
0
176
1
 90
50
176
1
 90
50
176
1
 90
50
176
1
290
0
176
1
 90
50
176
1
 62
256
176
0
 40
1.0
176
0
 90
2
176
1
  1
strokes_ogs.tif
176
1
290
0
176
1
 40
1.0
176
1
 40
1.0
176
1
  0
VISUALSTYLE
  5
6D
102
{ACAD_REACTORS
330
16
102
}
330
16
100
AcDbVisualStyle
  2
Shaded with edges
 70
26
177
3
291
0
 70
58
 90
2
176
1
 90
2
176
1
 90
0
176
1
 90
2
176
1
 40
0.6
176
1
 40
30.0
176
1
 62
7
420
16777215
176
1
 90
1
176
1
 90
4
176
1
 62
7
176
1
 62
257
176
1
 90
1
176
1
 90
1
176
1
 40
1.0
176
1
 90
8
176
1
 62
7
176
1
 40
1.0
176
1
 90
1
176
1
 90
6
176
1
 90
2
176
1
 62
7
176
1
 90
5
176
1
 90
0
176
1
 90
0
176
1
290
0
176
1
 90
1
176
1
 40
0.0
176
1
 90
0
176
1
290
0
176
1
290
1
176
1
290
1
176
1
290
0
176
1
290
0
176
1
290
0
176
1
290
0
176
1
290
0
176
1
290
0
176
1
 90
50
176
1
 40
0.0
176
1
 40
1.0
176
1
 90
0
176
1
 62
18
420
0
176
1
 90
50
176
1
 90
3
176
1
 62
5
420
255
176
1
290
0
176
1
 90
50
176
1
 90
50
176
1
 90
50
176
1
290
0
176
1
 90
50
176
1
 62
256
176
0
 40
1.0
176
0
 90
2
176
1
  1
strokes_ogs.tif
176
1
290
0
176
1
 40
1.0
176
1
 40
1.0
176
1
  0
VISUALSTYLE
  5
6E
102
{ACAD_REACTORS
330
16
102
}
330
16
100
AcDbVisualStyle
  2
Shades of Gray
 70
23
177
3
291
0
 70
58
 90
2
176
1
 90
2
176
1
 90
0
176
1
 90
2
176
1
 40
0.6
176
1
 40
30.0
176
1
 62
7
420
16777215
176
1
 90
1
176
1
 90
4
176
1
 62
7
176
1
 62
257
176
1
 90
1
176
1
 90
1
176
1
 40
1.0
176
1
 90
8
176
1
 62
7
176
1
 40
1.0
176
1
 90
1
176
1
 90
6
176
1
 90
2
176
1
 62
7
176
1
 90
5
176
1
 90
0
176
1
 90
0
176
1
290
0
176
1
 90
1
176
1
 40
0.0
176
1
 90
0
176
1
290
0
176
1
290
1
176
1
290
1
176
1
290
0
176
1
290
0
176
1
290
0
176
1
290
0
176
1
290
0
176
1
290
0
176
1
 90
50
176
1
 40
0.0
176
1
 40
1.0
176
1
 90
0
176
1
 62
18
420
0
176
1
 90
50
176
1
 90
3
176
1
 62
5
420
255
176
1
290
0
176
1
 90
50
176
1
 90
50
176
1
 90
50
176
1
290
0
176
1
 90
50
176
1
 62
256
176
0
 40
1.0
176
0
 90
2
176
1
  1
strokes_ogs.tif
176
1
290
0
176
1
 40
1.0
176
1
 40
1.0
176
1
  0
VISUALSTYLE
  5
6F
102
{ACAD_REACTORS
330
16
102
}
330
16
100
AcDbVisualStyle
  2
Sketchy
 70
24
177
3
291
0
 70
58
 90
2
176
1
 90
2
176
1
 90
0
176
1
 90
1
176
1
 40
0.6
176
1
 40
30.0
176
1
 62
7
420
16777215
176
1
 90
1
176
1
 90
4
176
1
 62
7
176
1
 62
257
176
1
 90
1
176
1
 90
1
176
1
 40
1.0
176
1
 90
8
176
1
 62
7
176
1
 40
1.0
176
1
 90
1
176
1
 90
6
176
1
 90
2
176
1
 62
7
176
1
 90
5
176
1
 90
0
176
1
 90
0
176
1
290
0
176
1
 90
1
176
1
 40
0.0
176
1
 90
0
176
1
290
0
176
1
290
1
176
1
290
1
176
1
290
0
176
1
290
0
176
1
290
0
176
1
290
0
176
1
290
0
176
1
290
0
176
1
 90
50
176
1
 40
0.0
176
1
 40
1.0
176
1
 90
0
176
1
 62
18
420
0
176
1
 90
50
176
1
 90
3
176
1
 62
5
420
255
176
1
290
0
176
1
 90
50
176
1
 90
50
176
1
 90
50
176
1
290
0
176
1
 90
50
176
1
 62
256
176
0
 40
1.0
176
0
 90
2
176
1
  1
strokes_ogs.tif
176
1
290
0
176
1
 40
1.0
176
1
 40
1.0
176
1
  0
VISUALSTYLE
  5
70
102
{ACAD_REACTORS
330
16
102
}
330
16
100
AcDbVisualStyle
  2
Thicken
 70
13
177
3
291
1
 70
58
 90
2
176
1
 90
2
176
1
 90
0
176
1
 90
2
176
1
 40
0.6
176
1
 40
30.0
176
1
 62
7
420
16777215
176
1
 90
1
176
1
 90
4
176
1
 62
7
176
1
 62
257
176
1
 90
1
176
1
 90
1
176
1
 40
1.0
176
1
 90
8
176
1
 62
7
176
1
 40
1.0
176
1
 90
1
176
1
 90
6
176
1
 90
2
176
1
 62
7
176
1
 90
5
176
1
 90
0
176
1
 90
0
176
1
290
0
176
1
 90
1
176
1
 40
0.0
176
1
 90
0
176
1
290
0
176
1
290
1
176
1
290
1
176
1
290
0
176
1
290
0
176
1
290
0
176
1
290
0
176
1
290
0
176
1
290
0
176
1
 90
50
176
1
 40
0.0
176
1
 40
1.0
176
1
 90
0
176
1
 62
18
420
0
176
1
 90
50
176
1
 90
3
176
1
 62
5
420
255
176
1
290
0
176
1
 90
50
176
1
 90
50
176
1
 90
50
176
1
290
0
176
1
 90
50
176
1
 62
256
176
0
 40
1.0
176
0
 90
2
176
1
  1
strokes_ogs.tif
176
1
290
0
176
1
 40
1.0
176
1
 40
1.0
176
1
  0
VISUALSTYLE
  5
71
102
{ACAD_REACTORS
330
16
102
}
330
16
100
AcDbVisualStyle
  2
Wireframe
 70
5
177
3
291
0
 70
58
 90
2
176
1
 90
2
176
1
 90
0
176
1
 90
0
176
1
 40
0.6
176
1
 40
30.0
176
1
 62
7
420
16777215
176
1
 90
1
176
1
 90
4
176
1
 62
7
176
1
 62
257
176
1
 90
1
176
1
 90
1
176
1
 40
1.0
176
1
 90
8
176
1
 62
7
176
1
 40
1.0
176
1
 90
1
176
1
 90
6
176
1
 90
2
176
1
 62
7
176
1
 90
5
176
1
 90
0
176
1
 90
0
176
1
290
0
176
1
 90
1
176
1
 40
0.0
176
1
 90
0
176
1
290
0
176
1
290
1
176
1
290
1
176
1
290
0
176
1
290
0
176
1
290
0
176
1
290
0
176
1
290
0
176
1
290
0
176
1
 90
50
176
1
 40
0.0
176
1
 40
1.0
176
1
 90
0
176
1
 62
18
420
0
176
1
 90
50
176
1
 90
3
176
1
 62
5
420
255
176
1
290
0
176
1
 90
50
176
1
 90
50
176
1
 90
50
176
1
290
0
176
1
 90
50
176
1
 62
256
176
0
 40
1.0
176
0
 90
2
176
1
  1
strokes_ogs.tif
176
1
290
0
176
1
 40
1.0
176
1
 40
1.0
176
1
  0
VISUALSTYLE
  5
72
102
{ACAD_REACTORS
330
16
102
}
330
16
100
AcDbVisualStyle
  2
X-Ray
 70
25
177
3
291
0
 70
58
 90
2
176
1
 90
2
176
1
 90
0
176
1
 90
2
176
1
 40
0.5
176
1
 40
30.0
176
1
 62
7
420
16777215
176
1
 90
1
176
1
 90
4
176
1
 62
7
176
1
 62
257
176
1
 90
1
176
1
 90
1
176
1
 40
1.0
176
1
 90
8
176
1
 62
7
176
1
 40
1.0
176
1
 90
1
176
1
 90
6
176
1
 90
2
176
1
 62
7
176
1
 90
5
176
1
 90
0
176
1
 90
0
176
1
290
0
176
1
 90
1
176
1
 40
0.0
176
1
 90
0
176
1
290
0
176
1
290
1
176
1
290
1
176
1
290
0
176
1
290
0
176
1
290
0
176
1
290
0
176
1
290
0
176
1
290
0
176
1
 90
50
176
1
 40
0.0
176
1
 40
1.0
176
1
 90
0
176
1
 62
18
420
0
176
1
 90
50
176
1
 90
3
176
1
 62
5
420
255
176
1
290
0
176
1
 90
50
176
1
 90
50
176
1
 90
50
176
1
290
0
176
1
 90
50
176
1
 62
256
176
0
 40
1.0
176
0
 90
2
176
1
  1
strokes_ogs.tif
176
1
290
0
176
1
 40
1.0
176
1
 40
1.0
176
1
  0
DICTIONARYVAR
  5
6FA
330
2D
100
DictionaryVariables
280
0
  1
1.4.4 @ 2026-09-02T19:44:24.760206+00:00
  0
ENDSEC
  0
EOF
