  0
SECTION
  2
HEADER
  9
$ACADVER
  1
AC1027
  9
$ACADMAINTVER
 70
105
  9
$DWGCODEPAGE
  3
ANSI_1252
  9
$LASTSAVEDBY
  1
ezdxf
  9
$REQUIREDVERSIONS
160
0
  9
$INSBASE
 10
0.0
 20
0.0
 30
0.0
  9
$EXTMIN
 10
1e+20
 20
1e+20
 30
1e+20
  9
$EXTMAX
 10
-1e+20
 20
-1e+20
 30
-1e+20
  9
$LIMMIN
 10
0.0
 20
0.0
  9
$LIMMAX
 10
420.0
 20
297.0
  9
$ORTHOMODE
 70
0
  9
$REGENMODE
 70
1
  9
$FILLMODE
 70
1
  9
$QTEXTMODE
 70
0
  9
$MIRRTEXT
 70
1
  9
$LTSCALE
 40
1.0
  9
$ATTMODE
 70
1
  9
$TEXTSIZE
 40
2.5
  9
$TRACEWID
 40
1.0
  9
$TEXTSTYLE
  7
OpenSans
  9
$CLAYER
  8
0
  9
$CELTYPE
  6
ByLayer
  9
$CECOLOR
 62
256
  9
$CELTSCALE
 40
1.0
  9
$DISPSILH
 70
0
  9
$DIMSCALE
 40
1.0
  9
$DIMASZ
 40
0.175
  9
$DIMEXO
 40
0.125
  9
$DIMDLI
 40
3.75
  9
$DIMRND
 40
0.0
  9
$DIMDLE
 40
0.0
  9
$DIMEXE
 40
0.375
  9
$DIMTP
 40
0.0
  9
$DIMTM
 40
0.0
  9
$DIMTXT
 40
0.25
  9
$DIMCEN
 40
2.5
  9
$DIMTSZ
 40
0.0
  9
$DIMTOL
 70
0
  9
$DIMLIM
 70
0
  9
$DIMTIH
 70
0
  9
$DIMTOH
 70
0
  9
$DIMSE1
 70
0
  9
$DIMSE2
 70
0
  9
$DIMTAD
 70
1
  9
$DIMZIN
 70
12
  9
$DIMBLK
  1
ARCHTICK
  9
$DIMASO
 70
1
  9
$DIMSHO
 70
1
  9
$DIMPOST
  1

  9
$DIMAPOST
  1

  9
$DIMALT
 70
0
  9
$DIMALTD
 70
3
  9
$DIMALTF
 40
0.03937007874
  9
$DIMLFAC
 40
100.0
  9
$DIMTOFL
 70
1
  9
$DIMTVP
 40
0.0
  9
$DIMTIX
 70
0
  9
$DIMSOXD
 70
0
  9
$DIMSAH
 70
0
  9
$DIMBLK1
  1

  9
$DIMBLK2
  1

  9
$DIMSTYLE
  2
EZDXF
  9
$DIMCLRD
 70
0
  9
$DIMCLRE
 70
0
  9
$DIMCLRT
 70
0
  9
$DIMTFAC
 40
0.5
  9
$DIMGAP
 40
0.1
  9
$DIMJUST
 70
0
  9
$DIMSD1
 70
0
  9
$DIMSD2
 70
0
  9
$DIMTOLJ
 70
0
  9
$DIMTZIN
 70
8
  9
$DIMALTZ
 70
0
  9
$DIMALTTZ
 70
0
  9
$DIMUPT
 70
1
  9
$DIMDEC
 70
2
  9
$DIMTDEC
 70
2
  9
$DIMALTU
 70
2
  9
$DIMALTTD
 70
3
  9
$DIMTXSTY
  7
OpenSansCondensed-Light
  9
$DIMAUNIT
 70
0
  9
$DIMADEC
 70
2
  9
$DIMALTRND
 40
0.0
  9
$DIMAZIN
 70
3
  9
$DIMDSEP
 70
46
  9
$DIMATFIT
 70
3
  9
$DIMFRAC
 70
0
  9
$DIMLDRBLK
  1

  9
$DIMLUNIT
 70
2
  9
$DIMLWD
 70
-2
  9
$DIMLWE
 70
-2
  9
$DIMTMOVE
 70
2
  9
$DIMFXL
 40
1.0
  9
$DIMFXLON
 70
0
  9
$DIMJOGANG
 40
0.785398163397
  9
$DIMTFILL
 70
0
  9
$DIMTFILLCLR
 70
0
  9
$DIMARCSYM
 70
0
  9
$DIMLTYPE
  6

  9
$DIMLTEX1
  6

  9
$DIMLTEX2
  6

  9
$DIMTXTDIRECTION
 70
0
  9
$LUNITS
 70
2
  9
$LUPREC
 70
4
  9
$SKETCHINC
 40
1.0
  9
$FILLETRAD
 40
10.0
  9
$AUNITS
 70
0
  9
$AUPREC
 70
2
  9
$MENU
  1
.
  9
$ELEVATION
 40
0.0
  9
$PELEVATION
 40
0.0
  9
$THICKNESS
 40
0.0
  9
$LIMCHECK
 70
0
  9
$CHAMFERA
 40
0.0
  9
$CHAMFERB
 40
0.0
  9
$CHAMFERC
 40
0.0
  9
$CHAMFERD
 40
0.0
  9
$SKPOLY
 70
0
  9
$TDCREATE
 40
2461287.332511574
  9
$TDUCREATE
 40
2458532.153996898
  9
$TDUPDATE
 40
2461287.332523148
  9
$TDUUPDATE
 40
2458532.1544311
  9
$TDINDWG
 40
0.0
  9
$TDUSRTIMER
 40
0.0
  9
$USRTIMER
 70
1
  9
$ANGBASE
 50
0.0
  9
$ANGDIR
 70
0
  9
$PDMODE
 70
0
  9
$PDSIZE
 40
0.0
  9
$PLINEWID
 40
0.0
  9
$SPLFRAME
 70
0
  9
$SPLINETYPE
 70
6
  9
$SPLINESEGS
 70
8
  9
$HANDSEED
  5
A86
  9
$SURFTAB1
 70
6
  9
$SURFTAB2
 70
6
  9
$SURFTYPE
 70
6
  9
$SURFU
 70
6
  9
$SURFV
 70
6
  9
$UCSBASE
  2

  9
$UCSNAME
  2

  9
$UCSORG
 10
0.0
 20
0.0
 30
0.0
  9
$UCSXDIR
 10
1.0
 20
0.0
 30
0.0
  9
$UCSYDIR
 10
0.0
 20
1.0
 30
0.0
  9
$UCSORTHOREF
  2

  9
$UCSORTHOVIEW
 70
0
  9
$UCSORGTOP
 10
0.0
 20
0.0
 30
0.0
  9
$UCSORGBOTTOM
 10
0.0
 20
0.0
 30
0.0
  9
$UCSORGLEFT
 10
0.0
 20
0.0
 30
0.0
  9
$UCSORGRIGHT
 10
0.0
 20
0.0
 30
0.0
  9
$UCSORGFRONT
 10
0.0
 20
0.0
 30
0.0
  9
$UCSORGBACK
 10
0.0
 20
0.0
 30
0.0
  9
$PUCSBASE
  2

  9
$PUCSNAME
  2

  9
$PUCSORG
 10
0.0
 20
0.0
 30
0.0
  9
$PUCSXDIR
 10
1.0
 20
0.0
 30
0.0
  9
$PUCSYDIR
 10
0.0
 20
1.0
 30
0.0
  9
$PUCSORTHOREF
  2

  9
$PUCSORTHOVIEW
 70
0
  9
$PUCSORGTOP
 10
0.0
 20
0.0
 30
0.0
  9
$PUCSORGBOTTOM
 10
0.0
 20
0.0
 30
0.0
  9
$PUCSORGLEFT
 10
0.0
 20
0.0
 30
0.0
  9
$PUCSORGRIGHT
 10
0.0
 20
0.0
 30
0.0
  9
$PUCSORGFRONT
 10
0.0
 20
0.0
 30
0.0
  9
$PUCSORGBACK
 10
0.0
 20
0.0
 30
0.0
  9
$USERI1
 70
0
  9
$USERI2
 70
0
  9
$USERI3
 70
0
  9
$USERI4
 70
0
  9
$USERI5
 70
0
  9
$USERR1
 40
0.0
  9
$USERR2
 40
0.0
  9
$USERR3
 40
0.0
  9
$USERR4
 40
0.0
  9
$USERR5
 40
0.0
  9
$WORLDVIEW
 70
1
  9
$SHADEDGE
 70
3
  9
$SHADEDIF
 70
70
  9
$TILEMODE
 70
1
  9
$MAXACTVP
 70
64
  9
$PINSBASE
 10
0.0
 20
0.0
 30
0.0
  9
$PLIMCHECK
 70
0
  9
$PEXTMIN
 10
1e+20
 20
1e+20
 30
1e+20
  9
$PEXTMAX
 10
-1e+20
 20
-1e+20
 30
-1e+20
  9
$PLIMMIN
 10
0.0
 20
0.0
  9
$PLIMMAX
 10
420.0
 20
297.0
  9
$UNITMODE
 70
0
  9
$VISRETAIN
 70
1
  9
$PLINEGEN
 70
0
  9
$PSLTSCALE
 70
1
  9
$TREEDEPTH
 70
3020
  9
$CMLSTYLE
  2
Standard
  9
$CMLJUST
 70
0
  9
$CMLSCALE
 40
20.0
  9
$PROXYGRAPHICS
 70
1
  9
$MEASUREMENT
 70
1
  9
$CELWEIGHT
370
-1
  9
$ENDCAPS
280
0
  9
$JOINSTYLE
280
0
  9
$LWDISPLAY
290
0
  9
$INSUNITS
 70
4
  9
$HYPERLINKBASE
  1

  9
$STYLESHEET
  1

  9
$XEDIT
290
1
  9
$CEPSNTYPE
380
0
  9
$PSTYLEMODE
290
1
  9
$FINGERPRINTGUID
  2
{024C6D4F-0713-4768-A35B-AC4BFBEA5AA1}
  9
$VERSIONGUID
  2
{4B2E87CB-5B92-4AE4-AB2B-66BD7FA57D13}
  9
$EXTNAMES
290
1
  9
$PSVPSCALE
 40
0.0
  9
$OLESTARTUP
290
0
  9
$SORTENTS
280
127
  9
$INDEXCTL
280
0
  9
$HIDETEXT
280
1
  9
$XCLIPFRAME
280
1
  9
$HALOGAP
280
0
  9
$OBSCOLOR
 70
257
  9
$OBSLTYPE
280
0
  9
$INTERSECTIONDISPLAY
280
0
  9
$INTERSECTIONCOLOR
 70
257
  9
$DIMASSOC
280
2
  9
$PROJECTNAME
  1

  9
$CAMERADISPLAY
290
0
  9
$LENSLENGTH
 40
50.0
  9
$CAMERAHEIGHT
 40
0.0
  9
$STEPSPERSEC
 40
24.0
  9
$STEPSIZE
 40
100.0
  9
$3DDWFPREC
 40
2.0
  9
$PSOLWIDTH
 40
0.005
  9
$PSOLHEIGHT
 40
0.08
  9
$LOFTANG1
 40
1.570796326795
  9
$LOFTANG2
 40
1.570796326795
  9
$LOFTMAG1
 40
0.0
  9
$LOFTMAG2
 40
0.0
  9
$LOFTPARAM
 70
7
  9
$LOFTNORMALS
280
1
  9
$LATITUDE
 40
37.795
  9
$LONGITUDE
 40
-122.394
  9
$NORTHDIRECTION
 40
0.0
  9
$TIMEZONE
 70
-8000
  9
$LIGHTGLYPHDISPLAY
280
1
  9
$TILEMODELIGHTSYNCH
280
1
  9
$CMATERIAL
347
20
  9
$SOLIDHIST
280
0
  9
$SHOWHIST
280
1
  9
$DWFFRAME
280
2
  9
$DGNFRAME
280
2
  9
$REALWORLDSCALE
290
1
  9
$INTERFERECOLOR
 62
256
  9
$CSHADOW
280
0
  9
$SHADOWPLANELOCATION
 40
0.0
  0
ENDSEC
  0
SECTION
  2
CLASSES
  0
CLASS
  1
ACDBDICTIONARYWDFLT
  2
AcDbDictionaryWithDefault
  3
ObjectDBX Classes
 90
0
 91
0
280
0
281
0
  0
CLASS
  1
SUN
  2
AcDbSun
  3
SCENEOE
 90
1153
 91
0
280
0
281
0
  0
CLASS
  1
VISUALSTYLE
  2
AcDbVisualStyle
  3
ObjectDBX Classes
 90
4095
 91
0
280
0
281
0
  0
CLASS
  1
MATERIAL
  2
AcDbMaterial
  3
ObjectDBX Classes
 90
1153
 91
0
280
0
281
0
  0
CLASS
  1
SCALE
  2
AcDbScale
  3
ObjectDBX Classes
 90
1153
 91
0
280
0
281
0
  0
CLASS
  1
TABLESTYLE
  2
AcDbTableStyle
  3
ObjectDBX Classes
 90
4095
 91
0
280
0
281
0
  0
CLASS
  1
MLEADERSTYLE
  2
AcDbMLeaderStyle
  3
ACDB_MLEADERSTYLE_CLASS
 90
4095
 91
0
280
0
281
0
  0
CLASS
  1
DICTIONARYVAR
  2
AcDbDictionaryVar
  3
ObjectDBX Classes
 90
0
 91
0
280
0
281
0
  0
CLASS
  1
CELLSTYLEMAP
  2
AcDbCellStyleMap
  3
ObjectDBX Classes
 90
1152
 91
0
280
0
281
0
  0
CLASS
  1
MENTALRAYRENDERSETTINGS
  2
AcDbMentalRayRenderSettings
  3
SCENEOE
 90
1024
 91
0
280
0
281
0
  0
CLASS
  1
ACDBDETAILVIEWSTYLE
  2
AcDbDetailViewStyle
  3
ObjectDBX Classes
 90
1025
 91
0
280
0
281
0
  0
CLASS
  1
ACDBSECTIONVIEWSTYLE
  2
AcDbSectionViewStyle
  3
ObjectDBX Classes
 90
1025
 91
0
280
0
281
0
  0
CLASS
  1
RASTERVARIABLES
  2
AcDbRasterVariables
  3
ISM
 90
0
 91
0
280
0
281
0
  0
CLASS
  1
LAYOUT
  2
AcDbLayout
  3
ObjectDBX Classes
 90
0
 91
0
280
0
281
0
  0
CLASS
  1
ACDBPLACEHOLDER
  2
AcDbPlaceHolder
  3
ObjectDBX Classes
 90
0
 91
0
280
0
281
0
  0
ENDSEC
  0
SECTION
  2
TABLES
  0
TABLE
  2
VPORT
  5
8
330
0
100
AcDbSymbolTable
 70
1
  0
VPORT
  5
23
330
8
100
AcDbSymbolTableRecord
100
AcDbViewportTableRecord
  2
*Active
 70
0
 10
0.0
 20
0.0
 11
1.0
 21
1.0
 12
0.0
 22
0.0
 13
0.0
 23
0.0
 14
0.5
 24
0.5
 15
0.5
 25
0.5
 16
0.0
 26
0.0
 36
1.0
 17
0.0
 27
0.0
 37
0.0
 40
1000.0
 41
1.34
 42
50.0
 43
0.0
 44
0.0
 50
0.0
 51
0.0
 71
0
 72
1000
 73
1
 74
3
 75
0
 76
0
 77
0
 78
0
281
0
 65
0
146
0.0
  0
ENDTAB
  0
TABLE
  2
LTYPE
  5
2
330
0
100
AcDbSymbolTable
 70
21
  0
LTYPE
  5
24
330
2
100
AcDbSymbolTableRecord
100
AcDbLinetypeTableRecord
  2
ByBlock
 70
0
  3

 72
65
 73
0
 40
0.0
  0
LTYPE
  5
25
330
2
100
AcDbSymbolTableRecord
100
AcDbLinetypeTableRecord
  2
ByLayer
 70
0
  3

 72
65
 73
0
 40
0.0
  0
LTYPE
  5
26
330
2
100
AcDbSymbolTableRecord
100
AcDbLinetypeTableRecord
  2
Continuous
 70
0
  3

 72
65
 73
0
 40
0.0
  0
LTYPE
  5
2F
330
2
100
AcDbSymbolTableRecord
100
AcDbLinetypeTableRecord
  2
CENTER
 70
0
  3
Center ____ _ ____ _ ____ _ ____ _ ____ _ ____
 72
65
 73
4
 40
5.08
 49
3.175
 74
0
 49
-0.635
 74
0
 49
0.635
 74
0
 49
-0.635
 74
0
  0
LTYPE
  5
30
330
2
100
AcDbSymbolTableRecord
100
AcDbLinetypeTableRecord
  2
CENTERX2
 70
0
  3
Center (2x) ________  __  ________  __  ________
 72
65
 73
4
 40
8.89
 49
6.35
 74
0
 49
-0.635
 74
0
 49
1.27
 74
0
 49
-0.635
 74
0
  0
LTYPE
  5
31
330
2
100
AcDbSymbolTableRecord
100
AcDbLinetypeTableRecord
  2
CENTER2
 70
0
  3
Center (.5x) ____ _ ____ _ ____ _ ____ _ ____
 72
65
 73
4
 40
2.54
 49
1.587
 74
0
 49
-0.318
 74
0
 49
0.318
 74
0
 49
-0.318
 74
0
  0
LTYPE
  5
32
330
2
100
AcDbSymbolTableRecord
100
AcDbLinetypeTableRecord
  2
DASHED
 70
0
  3
Dashed __ __ __ __ __ __ __ __ __ __ __ __ __ _
 72
65
 73
2
 40
1.524
 49
1.27
 74
0
 49
-0.254
 74
0
  0
LTYPE
  5
33
330
2
100
AcDbSymbolTableRecord
100
AcDbLinetypeTableRecord
  2
DASHEDX2
 70
0
  3
Dashed (2x) ____  ____  ____  ____  ____  ____
 72
65
 73
2
 40
3.048
 49
2.54
 74
0
 49
-0.508
 74
0
  0
LTYPE
  5
34
330
2
100
AcDbSymbolTableRecord
100
AcDbLinetypeTableRecord
  2
DASHED2
 70
0
  3
Dashed (.5x) _ _ _ _ _ _ _ _ _ _ _ _ _ _
 72
65
 73
2
 40
0.762
 49
0.635
 74
0
 49
-0.127
 74
0
  0
LTYPE
  5
35
330
2
100
AcDbSymbolTableRecord
100
AcDbLinetypeTableRecord
  2
PHANTOM
 70
0
  3
Phantom ______  __  __  ______  __  __  ______
 72
65
 73
6
 40
6.35
 49
3.175
 74
0
 49
-0.635
 74
0
 49
0.635
 74
0
 49
-0.635
 74
0
 49
0.635
 74
0
 49
-0.635
 74
0
  0
LTYPE
  5
36
330
2
100
AcDbSymbolTableRecord
100
AcDbLinetypeTableRecord
  2
PHANTOMX2
 70
0
  3
Phantom (2x)____________    ____    ____    ____________
 72
65
 73
6
 40
10.795
 49
6.35
 74
0
 49
-0.635
 74
0
 49
1.27
 74
0
 49
-0.635
 74
0
 49
1.27
 74
0
 49
-0.635
 74
0
  0
LTYPE
  5
37
330
2
100
AcDbSymbolTableRecord
100
AcDbLinetypeTableRecord
  2
PHANTOM2
 70
0
  3
Phantom (.5x) ___ _ _ ___ _ _ ___ _ _ ___ _ _ ___
 72
65
 73
6
 40
3.175
 49
1.587
 74
0
 49
-0.318
 74
0
 49
0.318
 74
0
 49
-0.318
 74
0
 49
0.318
 74
0
 49
-0.318
 74
0
  0
LTYPE
  5
38
330
2
100
AcDbSymbolTableRecord
100
AcDbLinetypeTableRecord
  2
DASHDOT
 70
0
  3
Dash dot __ . __ . __ . __ . __ . __ . __ . __
 72
65
 73
4
 40
3.556
 49
2.54
 74
0
 49
-0.508
 74
0
 49
0.0
 74
0
 49
-0.508
 74
0
  0
LTYPE
  5
39
330
2
100
AcDbSymbolTableRecord
100
AcDbLinetypeTableRecord
  2
DASHDOTX2
 70
0
  3
Dash dot (2x) ____  .  ____  .  ____  .  ____
 72
65
 73
4
 40
6.096
 49
5.08
 74
0
 49
-0.508
 74
0
 49
0.0
 74
0
 49
-0.508
 74
0
  0
LTYPE
  5
3A
330
2
100
AcDbSymbolTableRecord
100
AcDbLinetypeTableRecord
  2
DASHDOT2
 70
0
  3
Dash dot (.5x) _ . _ . _ . _ . _ . _ . _ . _
 72
65
 73
4
 40
1.778
 49
1.27
 74
0
 49
-0.254
 74
0
 49
0.0
 74
0
 49
-0.254
 74
0
  0
LTYPE
  5
3B
330
2
100
AcDbSymbolTableRecord
100
AcDbLinetypeTableRecord
  2
DOT
 70
0
  3
Dot .  .  .  .  .  .  .  .  .  .  .  .  .  .  .  .
 72
65
 73
2
 40
0.508
 49
0.0
 74
0
 49
-0.508
 74
0
  0
LTYPE
  5
3C
330
2
100
AcDbSymbolTableRecord
100
AcDbLinetypeTableRecord
  2
DOTX2
 70
0
  3
Dot (2x) .    .    .    .    .    .    .    . 
 72
65
 73
2
 40
1.016
 49
0.0
 74
0
 49
-1.016
 74
0
  0
LTYPE
  5
3D
330
2
100
AcDbSymbolTableRecord
100
AcDbLinetypeTableRecord
  2
DOT2
 70
0
  3
Dot (.5) . . . . . . . . . . . . . . . . . . . 
 72
65
 73
2
 40
0.254
 49
0.0
 74
0
 49
-0.254
 74
0
  0
LTYPE
  5
3E
330
2
100
AcDbSymbolTableRecord
100
AcDbLinetypeTableRecord
  2
DIVIDE
 70
0
  3
Divide __ . . __ . . __ . . __ . . __ . . __
 72
65
 73
6
 40
4.064
 49
2.54
 74
0
 49
-0.508
 74
0
 49
0.0
 74
0
 49
-0.508
 74
0
 49
0.0
 74
0
 49
-0.508
 74
0
  0
LTYPE
  5
3F
330
2
100
AcDbSymbolTableRecord
100
AcDbLinetypeTableRecord
  2
DIVIDEX2
 70
0
  3
Divide (2x) ____  . .  ____  . .  ____  . .  ____
 72
65
 73
6
 40
6.604
 49
5.08
 74
0
 49
-0.508
 74
0
 49
0.0
 74
0
 49
-0.508
 74
0
 49
0.0
 74
0
 49
-0.508
 74
0
  0
LTYPE
  5
40
330
2
100
AcDbSymbolTableRecord
100
AcDbLinetypeTableRecord
  2
DIVIDE2
 70
0
  3
Divide(.5x) _ . _ . _ . _ . _ . _ . _ . _
 72
65
 73
6
 40
2.032
 49
1.27
 74
0
 49
-0.254
 74
0
 49
0.0
 74
0
 49
-0.254
 74
0
 49
0.0
 74
0
 49
-0.254
 74
0
  0
ENDTAB
  0
TABLE
  2
LAYER
  5
1
330
0
100
AcDbSymbolTable
 70
9
  0
LAYER
  5
27
330
1
100
AcDbSymbolTableRecord
100
AcDbLayerTableRecord
  2
0
 70
0
 62
7
  6
Continuous
370
-3
390
13
347
21
  0
LAYER
  5
28
330
1
100
AcDbSymbolTableRecord
100
AcDbLayerTableRecord
  2
Defpoints
 70
0
 62
7
  6
Continuous
290
0
370
-3
390
13
347
21
  0
LAYER
  5
189
330
1
100
AcDbSymbolTableRecord
100
AcDbLayerTableRecord
  2
ÇERÇ
 70
0
 62
7
  6
Continuous
370
40
390
F
347
EE
348
0
  0
LAYER
  5
18A
330
1
100
AcDbSymbolTableRecord
100
AcDbLayerTableRecord
  2
YAZı
 70
0
 62
7
  6
Continuous
370
-3
390
F
347
EE
348
0
  0
LAYER
  5
18B
330
1
100
AcDbSymbolTableRecord
100
AcDbLayerTableRecord
  2
t-çap
 70
0
 62
7
  6
Continuous
370
25
390
F
347
EE
348
0
  0
LAYER
  5
18C
330
1
100
AcDbSymbolTableRecord
100
AcDbLayerTableRecord
  2
YAZı1
 70
0
 62
7
  6
Continuous
370
-3
390
F
347
EE
348
0
  0
LAYER
  5
196
330
1
100
AcDbSymbolTableRecord
100
AcDbLayerTableRecord
  2
AVAN-CIZGI
 70
0
 62
7
  6
Continuous
370
-3
390
13
347
21
  0
LAYER
  5
197
330
1
100
AcDbSymbolTableRecord
100
AcDbLayerTableRecord
  2
AVAN-YAZI
 70
0
 62
7
  6
Continuous
370
-3
390
13
347
21
  0
LAYER
  5
198
330
1
100
AcDbSymbolTableRecord
100
AcDbLayerTableRecord
  2
AVAN-A4
 70
0
 62
8
  6
Continuous
370
-3
390
13
347
21
  0
ENDTAB
  0
TABLE
  2
STYLE
  5
5
330
0
100
AcDbSymbolTable
 70
34
  0
STYLE
  5
29
330
5
100
AcDbSymbolTableRecord
100
AcDbTextStyleTableRecord
  2
Standard
 70
0
 40
0.0
 41
1.0
 50
0.0
 71
0
 42
2.5
  3
txt
  4

  0
STYLE
  5
41
330
5
100
AcDbSymbolTableRecord
100
AcDbTextStyleTableRecord
  2
OpenSans-Light
 70
0
 40
0.0
 41
1.0
 50
0.0
 71
0
 42
2.5
  3
OpenSans-Light.ttf
  4

  0
STYLE
  5
42
330
5
100
AcDbSymbolTableRecord
100
AcDbTextStyleTableRecord
  2
OpenSans-Light-Italic
 70
0
 40
0.0
 41
1.0
 50
0.0
 71
0
 42
2.5
  3
OpenSans-LightItalic.ttf
  4

  0
STYLE
  5
43
330
5
100
AcDbSymbolTableRecord
100
AcDbTextStyleTableRecord
  2
OpenSans
 70
0
 40
0.0
 41
1.0
 50
0.0
 71
0
 42
2.5
  3
OpenSans-Regular.ttf
  4

  0
STYLE
  5
44
330
5
100
AcDbSymbolTableRecord
100
AcDbTextStyleTableRecord
  2
OpenSans-Italic
 70
0
 40
0.0
 41
1.0
 50
0.0
 71
0
 42
2.5
  3
OpenSans-Italic.ttf
  4

  0
STYLE
  5
45
330
5
100
AcDbSymbolTableRecord
100
AcDbTextStyleTableRecord
  2
OpenSans-SemiBold
 70
0
 40
0.0
 41
1.0
 50
0.0
 71
0
 42
2.5
  3
OpenSans-SemiBold.ttf
  4

  0
STYLE
  5
46
330
5
100
AcDbSymbolTableRecord
100
AcDbTextStyleTableRecord
  2
OpenSans-SemiBoldItalic
 70
0
 40
0.0
 41
1.0
 50
0.0
 71
0
 42
2.5
  3
OpenSans-SemiBoldItalic.ttf
  4

  0
STYLE
  5
47
330
5
100
AcDbSymbolTableRecord
100
AcDbTextStyleTableRecord
  2
OpenSans-Bold
 70
0
 40
0.0
 41
1.0
 50
0.0
 71
0
 42
2.5
  3
OpenSans-Bold.ttf
  4

  0
STYLE
  5
48
330
5
100
AcDbSymbolTableRecord
100
AcDbTextStyleTableRecord
  2
OpenSans-BoldItalic
 70
0
 40
0.0
 41
1.0
 50
0.0
 71
0
 42
2.5
  3
OpenSans-BoldItalic.ttf
  4

  0
STYLE
  5
49
330
5
100
AcDbSymbolTableRecord
100
AcDbTextStyleTableRecord
  2
OpenSans-ExtraBold
 70
0
 40
0.0
 41
1.0
 50
0.0
 71
0
 42
2.5
  3
OpenSans-ExtraBold.ttf
  4

  0
STYLE
  5
4A
330
5
100
AcDbSymbolTableRecord
100
AcDbTextStyleTableRecord
  2
OpenSans-ExtraBoldItalic
 70
0
 40
0.0
 41
1.0
 50
0.0
 71
0
 42
2.5
  3
OpenSans-ExtraBoldItalic.ttf
  4

  0
STYLE
  5
4B
330
5
100
AcDbSymbolTableRecord
100
AcDbTextStyleTableRecord
  2
OpenSansCondensed-Bold
 70
0
 40
0.0
 41
1.0
 50
0.0
 71
0
 42
2.5
  3
OpenSansCondensed-Bold.ttf
  4

  0
STYLE
  5
4C
330
5
100
AcDbSymbolTableRecord
100
AcDbTextStyleTableRecord
  2
OpenSansCondensed-Light
 70
0
 40
0.0
 41
1.0
 50
0.0
 71
0
 42
2.5
  3
OpenSansCondensed-Light.ttf
  4

  0
STYLE
  5
4D
330
5
100
AcDbSymbolTableRecord
100
AcDbTextStyleTableRecord
  2
OpenSansCondensed-Italic
 70
0
 40
0.0
 41
1.0
 50
0.0
 71
0
 42
2.5
  3
OpenSansCondensed-LightItalic.ttf
  4

  0
STYLE
  5
4E
330
5
100
AcDbSymbolTableRecord
100
AcDbTextStyleTableRecord
  2
LiberationSans
 70
0
 40
0.0
 41
1.0
 50
0.0
 71
0
 42
2.5
  3
LiberationSans-Regular.ttf
  4

  0
STYLE
  5
4F
330
5
100
AcDbSymbolTableRecord
100
AcDbTextStyleTableRecord
  2
LiberationSans-Bold
 70
0
 40
0.0
 41
1.0
 50
0.0
 71
0
 42
2.5
  3
LiberationSans-Bold.ttf
  4

  0
STYLE
  5
50
330
5
100
AcDbSymbolTableRecord
100
AcDbTextStyleTableRecord
  2
LiberationSans-BoldItalic
 70
0
 40
0.0
 41
1.0
 50
0.0
 71
0
 42
2.5
  3
LiberationSans-BoldItalic.ttf
  4

  0
STYLE
  5
51
330
5
100
AcDbSymbolTableRecord
100
AcDbTextStyleTableRecord
  2
LiberationSans-Italic
 70
0
 40
0.0
 41
1.0
 50
0.0
 71
0
 42
2.5
  3
LiberationSans-Italic.ttf
  4

  0
STYLE
  5
52
330
5
100
AcDbSymbolTableRecord
100
AcDbTextStyleTableRecord
  2
LiberationSerif
 70
0
 40
0.0
 41
1.0
 50
0.0
 71
0
 42
2.5
  3
LiberationSerif-Regular.ttf
  4

  0
STYLE
  5
53
330
5
100
AcDbSymbolTableRecord
100
AcDbTextStyleTableRecord
  2
LiberationSerif-Bold
 70
0
 40
0.0
 41
1.0
 50
0.0
 71
0
 42
2.5
  3
LiberationSerif-Bold.ttf
  4

  0
STYLE
  5
54
330
5
100
AcDbSymbolTableRecord
100
AcDbTextStyleTableRecord
  2
LiberationSerif-BoldItalic
 70
0
 40
0.0
 41
1.0
 50
0.0
 71
0
 42
2.5
  3
LiberationSerif-BoldItalic.ttf
  4

  0
STYLE
  5
55
330
5
100
AcDbSymbolTableRecord
100
AcDbTextStyleTableRecord
  2
LiberationSerif-Italic
 70
0
 40
0.0
 41
1.0
 50
0.0
 71
0
 42
2.5
  3
LiberationSerif-Italic.ttf
  4

  0
STYLE
  5
56
330
5
100
AcDbSymbolTableRecord
100
AcDbTextStyleTableRecord
  2
LiberationMono
 70
0
 40
0.0
 41
1.0
 50
0.0
 71
0
 42
2.5
  3
LiberationMono-Regular.ttf
  4

  0
STYLE
  5
57
330
5
100
AcDbSymbolTableRecord
100
AcDbTextStyleTableRecord
  2
LiberationMono-Bold
 70
0
 40
0.0
 41
1.0
 50
0.0
 71
0
 42
2.5
  3
LiberationMono-Bold.ttf
  4

  0
STYLE
  5
58
330
5
100
AcDbSymbolTableRecord
100
AcDbTextStyleTableRecord
  2
LiberationMono-BoldItalic
 70
0
 40
0.0
 41
1.0
 50
0.0
 71
0
 42
2.5
  3
LiberationMono-BoldItalic.ttf
  4

  0
STYLE
  5
59
330
5
100
AcDbSymbolTableRecord
100
AcDbTextStyleTableRecord
  2
LiberationMono-Italic
 70
0
 40
0.0
 41
1.0
 50
0.0
 71
0
 42
2.5
  3
LiberationMono-Italic.ttf
  4

  0
STYLE
  5
18D
330
5
100
AcDbSymbolTableRecord
100
AcDbTextStyleTableRecord
  2
ASL
 70
0
 40
0.0
 41
1.0
 50
0.0
 71
0
 42
25.0
  3
times.ttf
  4

  0
STYLE
  5
18E
330
5
100
AcDbSymbolTableRecord
100
AcDbTextStyleTableRecord
  2
1
 70
0
 40
0.0
 41
1.0
 50
0.0
 71
0
 42
0.2
  3
times.ttf
  4

  0
STYLE
  5
18F
330
5
100
AcDbSymbolTableRecord
100
AcDbTextStyleTableRecord
  2
ODA
 70
0
 40
0.0
 41
1.0
 50
0.0
 71
0
 42
32.52017340277053
  3
times.ttf
  4

  0
STYLE
  5
190
330
5
100
AcDbSymbolTableRecord
100
AcDbTextStyleTableRecord
  2
LD
 70
0
 40
0.0
 41
1.0
 50
0.0
 71
0
 42
6.0
  3
ARIALUNI.TTF
  4

  0
STYLE
  5
191
330
5
100
AcDbSymbolTableRecord
100
AcDbTextStyleTableRecord
  2
STYLE1
 70
0
 40
8.0
 41
1.0
 50
0.0
 71
0
 42
10.0
  3
times.ttf
  4

  0
STYLE
  5
192
330
5
100
AcDbSymbolTableRecord
100
AcDbTextStyleTableRecord
  2
dddddddddd
 70
0
 40
0.0
 41
1.0
 50
0.0
 71
0
 42
10.0
  3
arial.ttf
  4

  0
STYLE
  5
199
330
5
100
AcDbSymbolTableRecord
100
AcDbTextStyleTableRecord
  2
AVAN
 70
0
 40
0.0
 41
1.0
 50
0.0
 71
0
 42
2.5
  3
arial.ttf
  4

1001
ACAD
1000
Arial
1071
34
  0
STYLE
  5
19A
330
5
100
AcDbSymbolTableRecord
100
AcDbTextStyleTableRecord
  2
AVAN-KALIN
 70
0
 40
0.0
 41
1.0
 50
0.0
 71
0
 42
2.5
  3
arial.ttf
  4

1001
ACAD
1000
Arial
1071
33554466
  0
ENDTAB
  0
TABLE
  2
VIEW
  5
7
330
0
100
AcDbSymbolTable
 70
0
  0
ENDTAB
  0
TABLE
  2
UCS
  5
6
330
0
100
AcDbSymbolTable
 70
0
  0
ENDTAB
  0
TABLE
  2
APPID
  5
3
330
0
100
AcDbSymbolTable
 70
3
  0
APPID
  5
2A
330
3
100
AcDbSymbolTableRecord
100
AcDbRegAppTableRecord
  2
ACAD
 70
0
  0
APPID
  5
193
330
3
100
AcDbSymbolTableRecord
100
AcDbRegAppTableRecord
  2
HATCHBACKGROUNDCOLOR
 70
0
  0
APPID
  5
194
330
3
100
AcDbSymbolTableRecord
100
AcDbRegAppTableRecord
  2
EZDXF
 70
0
  0
ENDTAB
  0
TABLE
  2
DIMSTYLE
  5
4
330
0
100
AcDbSymbolTable
 70
12
100
AcDbDimStyleTable
  0
DIMSTYLE
105
2B
330
4
100
AcDbSymbolTableRecord
100
AcDbDimStyleTableRecord
  2
Standard
 70
0
 40
1.0
 41
2.5
 42
0.625
 43
3.75
 44
1.25
 45
0.0
 46
0.0
 47
0.0
 48
0.0
 49
2.5
140
2.5
141
2.5
142
0.0
143
0.03937007874
144
1.0
145
0.0
146
1.0
147
0.625
148
0.0
 69
0
 70
0
 71
0
 72
0
 73
0
 74
0
 75
0
 76
0
 77
1
 78
8
 79
3
170
0
171
3
172
1
173
0
174
0
175
0
176
0
177
0
178
0
179
2
271
2
272
2
273
2
274
3
275
0
276
0
277
2
278
44
279
0
280
0
281
0
282
0
283
0
284
8
285
0
286
0
288
0
289
3
290
0
371
-2
372
-2
  0
DIMSTYLE
105
73
330
4
100
AcDbSymbolTableRecord
100
AcDbDimStyleTableRecord
  2
EZDXF
 70
0
 40
1.0
 41
0.175
 42
0.125
 43
3.75
 44
0.375
 45
0.0
 46
0.0
 47
0.0
 48
0.0
 49
2.5
140
0.25
141
2.5
142
0.0
143
0.03937007874
144
100.0
145
0.0
146
0.5
147
0.1
148
0.0
 69
0
 70
0
 71
0
 72
0
 73
0
 74
0
 75
0
 76
0
 77
1
 78
12
 79
3
170
0
171
3
172
1
173
0
174
0
175
0
176
0
177
0
178
0
179
2
271
2
272
2
273
2
274
3
275
0
276
0
277
2
278
46
279
2
280
0
281
0
282
0
283
0
284
8
285
0
286
0
288
1
289
3
290
0
340
4C
342
74
371
-2
372
-2
  0
DIMSTYLE
105
7C
330
4
100
AcDbSymbolTableRecord
100
AcDbDimStyleTableRecord
  2
EZ_M_100_H25_CM
 70
0
 40
1.0
 41
0.25
 42
0.125
 43
3.75
 44
0.375
 45
0.0
 46
0.0
 47
0.0
 48
0.0
 49
2.5
140
0.25
141
2.5
142
0.125
143
0.03937007874
144
100.0
145
0.0
146
0.5
147
0.1
148
0.0
 69
0
 70
0
 71
0
 72
0
 73
0
 74
0
 75
0
 76
0
 77
1
 78
12
 79
3
170
0
171
3
172
1
173
0
174
0
175
0
176
0
177
0
178
0
179
2
271
2
272
2
273
2
274
3
275
0
276
0
277
2
278
46
279
2
280
0
281
0
282
0
283
0
284
8
285
0
286
0
288
1
289
3
290
0
340
4C
371
-2
372
-2
  0
DIMSTYLE
105
7D
330
4
100
AcDbSymbolTableRecord
100
AcDbDimStyleTableRecord
  2
EZ_M_50_H25_CM
 70
0
 40
1.0
 41
0.125
 42
0.0625
 43
3.75
 44
0.1875
 45
0.0
 46
0.0
 47
0.0
 48
0.0
 49
2.5
140
0.125
141
2.5
142
0.0625
143
0.03937007874
144
100.0
145
0.0
146
0.5
147
0.05
148
0.0
 69
0
 70
0
 71
0
 72
0
 73
0
 74
0
 75
0
 76
0
 77
1
 78
12
 79
3
170
0
171
3
172
1
173
0
174
0
175
0
176
0
177
0
178
0
179
2
271
2
272
2
273
2
274
3
275
0
276
0
277
2
278
46
279
2
280
0
281
0
282
0
283
0
284
8
285
0
286
0
288
1
289
3
290
0
340
4C
371
-2
372
-2
  0
DIMSTYLE
105
7E
330
4
100
AcDbSymbolTableRecord
100
AcDbDimStyleTableRecord
  2
EZ_M_25_H25_CM
 70
0
 40
1.0
 41
0.0625
 42
0.03125
 43
3.75
 44
0.09375
 45
0.0
 46
0.0
 47
0.0
 48
0.0
 49
2.5
140
0.0625
141
2.5
142
0.03125
143
0.03937007874
144
100.0
145
0.0
146
0.5
147
0.025
148
0.0
 69
0
 70
0
 71
0
 72
0
 73
0
 74
0
 75
0
 76
0
 77
1
 78
12
 79
3
170
0
171
3
172
1
173
0
174
0
175
0
176
0
177
0
178
0
179
2
271
2
272
2
273
2
274
3
275
0
276
0
277
2
278
46
279
2
280
0
281
0
282
0
283
0
284
8
285
0
286
0
288
1
289
3
290
0
340
4C
371
-2
372
-2
  0
DIMSTYLE
105
7F
330
4
100
AcDbSymbolTableRecord
100
AcDbDimStyleTableRecord
  2
EZ_M_20_H25_CM
 70
0
 40
1.0
 41
0.05
 42
0.025
 43
3.75
 44
0.07500000000000001
 45
0.0
 46
0.0
 47
0.0
 48
0.0
 49
2.5
140
0.05
141
2.5
142
0.025
143
0.03937007874
144
100.0
145
0.0
146
0.5
147
0.020000000000000004
148
0.0
 69
0
 70
0
 71
0
 72
0
 73
0
 74
0
 75
0
 76
0
 77
1
 78
12
 79
3
170
0
171
3
172
1
173
0
174
0
175
0
176
0
177
0
178
0
179
2
271
2
272
2
273
2
274
3
275
0
276
0
277
2
278
46
279
2
280
0
281
0
282
0
283
0
284
8
285
0
286
0
288
1
289
3
290
0
340
4C
371
-2
372
-2
  0
DIMSTYLE
105
80
330
4
100
AcDbSymbolTableRecord
100
AcDbDimStyleTableRecord
  2
EZ_M_10_H25_CM
 70
0
 40
1.0
 41
0.025
 42
0.0125
 43
3.75
 44
0.037500000000000006
 45
0.0
 46
0.0
 47
0.0
 48
0.0
 49
2.5
140
0.025
141
2.5
142
0.0125
143
0.03937007874
144
100.0
145
0.0
146
0.5
147
0.010000000000000002
148
0.0
 69
0
 70
0
 71
0
 72
0
 73
0
 74
0
 75
0
 76
0
 77
1
 78
12
 79
3
170
0
171
3
172
1
173
0
174
0
175
0
176
0
177
0
178
0
179
2
271
2
272
2
273
2
274
3
275
0
276
0
277
2
278
46
279
2
280
0
281
0
282
0
283
0
284
8
285
0
286
0
288
1
289
3
290
0
340
4C
371
-2
372
-2
  0
DIMSTYLE
105
81
330
4
100
AcDbSymbolTableRecord
100
AcDbDimStyleTableRecord
  2
EZ_M_5_H25_CM
 70
0
 40
1.0
 41
0.0125
 42
0.00625
 43
3.75
 44
0.018750000000000003
 45
0.0
 46
0.0
 47
0.0
 48
0.0
 49
2.5
140
0.0125
141
2.5
142
0.00625
143
0.03937007874
144
100.0
145
0.0
146
0.5
147
0.005000000000000001
148
0.0
 69
0
 70
0
 71
0
 72
0
 73
0
 74
0
 75
0
 76
0
 77
1
 78
12
 79
3
170
0
171
3
172
1
173
0
174
0
175
0
176
0
177
0
178
0
179
2
271
2
272
2
273
2
274
3
275
0
276
0
277
2
278
46
279
2
280
0
281
0
282
0
283
0
284
8
285
0
286
0
288
1
289
3
290
0
340
4C
371
-2
372
-2
  0
DIMSTYLE
105
82
330
4
100
AcDbSymbolTableRecord
100
AcDbDimStyleTableRecord
  2
EZ_M_1_H25_CM
 70
0
 40
1.0
 41
0.0025
 42
0.00125
 43
3.75
 44
0.00375
 45
0.0
 46
0.0
 47
0.0
 48
0.0
 49
2.5
140
0.0025
141
2.5
142
0.00125
143
0.03937007874
144
100.0
145
0.0
146
0.5
147
0.001
148
0.0
 69
0
 70
0
 71
0
 72
0
 73
0
 74
0
 75
0
 76
0
 77
1
 78
12
 79
3
170
0
171
3
172
1
173
0
174
0
175
0
176
0
177
0
178
0
179
2
271
2
272
2
273
2
274
3
275
0
276
0
277
2
278
46
279
2
280
0
281
0
282
0
283
0
284
8
285
0
286
0
288
1
289
3
290
0
340
4C
371
-2
372
-2
  0
DIMSTYLE
105
83
330
4
100
AcDbSymbolTableRecord
100
AcDbDimStyleTableRecord
  2
EZ_RADIUS
 70
0
 40
1.0
 41
0.25
 42
0.125
 43
3.75
 44
0.375
 45
0.0
 46
0.0
 47
0.0
 48
0.0
 49
2.5
140
0.25
141
0.0
142
0.0
143
0.03937007874
144
100.0
145
0.0
146
0.5
147
0.1
148
0.0
 69
0
 70
0
 71
0
 72
0
 73
0
 74
0
 75
0
 76
0
 77
1
 78
12
 79
3
170
0
171
3
172
0
173
0
174
0
175
0
176
0
177
0
178
0
179
2
271
2
272
2
273
2
274
3
275
0
276
0
277
2
278
46
279
1
280
0
281
0
282
0
283
0
284
8
285
0
286
0
288
1
289
3
290
0
340
4C
342
84
371
-2
372
-2
  0
DIMSTYLE
105
88
330
4
100
AcDbSymbolTableRecord
100
AcDbDimStyleTableRecord
  2
EZ_RADIUS_INSIDE
 70
0
 40
1.0
 41
0.25
 42
0.125
 43
3.75
 44
0.375
 45
0.0
 46
0.0
 47
0.0
 48
0.0
 49
2.5
140
0.25
141
0.0
142
0.0
143
0.03937007874
144
100.0
145
0.0
146
0.5
147
0.1
148
0.0
 69
0
 70
0
 71
0
 72
0
 73
0
 74
0
 75
0
 76
0
 77
0
 78
12
 79
3
170
0
171
3
172
0
173
0
174
1
175
0
176
0
177
0
178
0
179
2
271
2
272
2
273
2
274
3
275
0
276
0
277
2
278
46
279
0
280
0
281
0
282
0
283
0
284
8
285
0
286
0
288
1
289
0
290
0
340
4C
342
84
371
-2
372
-2
  0
DIMSTYLE
105
89
330
4
100
AcDbSymbolTableRecord
100
AcDbDimStyleTableRecord
  2
EZ_CURVED
 70
0
 40
1.0
 41
0.25
 42
0.125
 43
3.75
 44
0.375
 45
0.0
 46
0.0
 47
0.0
 48
0.0
 49
2.5
140
0.25
141
2.5
142
0.0
143
0.03937007874
144
100.0
145
0.0
146
0.5
147
0.1
148
0.0
 69
0
 70
0
 71
0
 72
0
 73
0
 74
0
 75
0
 76
0
 77
1
 78
12
 79
2
 90
2
170
0
171
3
172
1
173
0
174
0
175
0
176
0
177
0
178
0
179
2
271
2
272
2
273
2
274
3
275
0
276
0
277
2
278
46
279
2
280
0
281
0
282
0
283
0
284
8
285
0
286
0
288
1
289
3
290
0
340
4C
371
-2
372
-2
  0
ENDTAB
  0
TABLE
  2
BLOCK_RECORD
  5
9
330
0
100
AcDbSymbolTable
 70
5
  0
BLOCK_RECORD
  5
17
330
9
100
AcDbSymbolTableRecord
100
AcDbBlockTableRecord
  2
*Model_Space
340
1A
 70
0
280
1
281
0
  0
BLOCK_RECORD
  5
1B
330
9
100
AcDbSymbolTableRecord
100
AcDbBlockTableRecord
  2
*Paper_Space
340
1E
 70
0
280
1
281
0
  0
BLOCK_RECORD
  5
74
330
9
100
AcDbSymbolTableRecord
100
AcDbBlockTableRecord
  2
_ARCHTICK
340
0
 70
0
280
1
281
0
  0
BLOCK_RECORD
  5
78
330
9
100
AcDbSymbolTableRecord
100
AcDbBlockTableRecord
  2
_CLOSEDFILLED
340
0
 70
0
280
1
281
0
  0
BLOCK_RECORD
  5
84
330
9
100
AcDbSymbolTableRecord
100
AcDbBlockTableRecord
  2
_CLOSEDBLANK
340
0
 70
0
280
1
281
0
  0
ENDTAB
  0
ENDSEC
  0
SECTION
  2
BLOCKS
  0
BLOCK
  5
18
330
17
100
AcDbEntity
  8
0
100
AcDbBlockBegin
  2
*Model_Space
 70
0
 10
0.0
 20
0.0
 30
0.0
  3
*Model_Space
  1

  0
ENDBLK
  5
19
330
17
100
AcDbEntity
  8
0
100
AcDbBlockEnd
  0
BLOCK
  5
1C
330
1B
100
AcDbEntity
  8
0
100
AcDbBlockBegin
  2
*Paper_Space
 70
0
 10
0.0
 20
0.0
 30
0.0
  3
*Paper_Space
  1

  0
ENDBLK
  5
1D
330
1B
100
AcDbEntity
  8
0
100
AcDbBlockEnd
  0
BLOCK
  5
75
330
74
100
AcDbEntity
  8
0
100
AcDbBlockBegin
  2
_ARCHTICK
 70
0
 10
0.0
 20
0.0
 30
0.0
  3
_ARCHTICK
  1

  0
LWPOLYLINE
  5
77
330
74
100
AcDbEntity
  8
0
  6
BYBLOCK
 62
0
100
AcDbPolyline
 90
2
 70
0
 43
0.15
 10
-0.5
 20
-0.5
 10
0.5
 20
0.5
  0
ENDBLK
  5
76
330
74
100
AcDbEntity
  8
0
100
AcDbBlockEnd
  0
BLOCK
  5
79
330
78
100
AcDbEntity
  8
0
100
AcDbBlockBegin
  2
_CLOSEDFILLED
 70
0
 10
0.0
 20
0.0
 30
0.0
  3
_CLOSEDFILLED
  1

  0
SOLID
  5
7B
330
78
100
AcDbEntity
  8
0
  6
BYBLOCK
 62
0
100
AcDbTrace
 10
-1.0
 20
0.16439898372402537
 30
0.0
 11
0.0
 21
0.0
 31
0.0
 12
-1.0
 22
-0.16439898372402537
 32
0.0
 13
-1.0
 23
-0.16439898372402537
 33
0.0
  0
ENDBLK
  5
7A
330
78
100
AcDbEntity
  8
0
100
AcDbBlockEnd
  0
BLOCK
  5
85
330
84
100
AcDbEntity
  8
0
100
AcDbBlockBegin
  2
_CLOSEDBLANK
 70
0
 10
0.0
 20
0.0
 30
0.0
  3
_CLOSEDBLANK
  1

  0
LWPOLYLINE
  5
87
330
84
100
AcDbEntity
  8
0
  6
BYBLOCK
 62
0
100
AcDbPolyline
 90
3
 70
1
 10
-1.0
 20
0.16439898372402537
 10
0.0
 20
0.0
 10
-1.0
 20
-0.16439898372402537
  0
ENDBLK
  5
86
330
84
100
AcDbEntity
  8
0
100
AcDbBlockEnd
  0
ENDSEC
  0
SECTION
  2
ENTITIES
  0
LWPOLYLINE
  5
8C
330
17
100
AcDbEntity
  8
YAZı1
 62
7
100
AcDbPolyline
 90
4
 70
1
 10
-4211.850042444511
 20
1163.420169946649
 10
-4211.850042444511
 20
1444.318220727768
 10
-4016.477242444511
 20
1444.318220727768
 10
-4016.477242444511
 20
1163.420169946649
  0
LWPOLYLINE
  5
90
330
17
100
AcDbEntity
  8
ÇERÇ
100
AcDbPolyline
 90
4
 70
0
 10
-4012.49004244451
 20
1448.305420727765
 10
-4012.49004244451
 20
1159.432969946652
 10
-4215.837242444512
 20
1159.432969946652
 10
-4215.837242444512
 20
1448.305420727765
  0
LWPOLYLINE
  5
DC
330
17
100
AcDbEntity
  8
ÇERÇ
100
AcDbPolyline
 90
4
 70
1
 10
-4215.837242444512
 20
1159.432969946652
 10
-4012.49004244451
 20
1159.432969946652
 10
-4012.49004244451
 20
1448.305420727765
 10
-4215.837242444512
 20
1448.305420727765
  0
LINE
  5
F9
330
17
100
AcDbEntity
  8
t-çap
100
AcDbLine
 10
-4215.837242444512
 20
1159.432969946652
 30
0.0
 11
-973.8203411352806
 21
1159.432969946652
 31
0.0
  0
LINE
  5
FA
330
17
100
AcDbEntity
  8
t-çap
100
AcDbLine
 10
-4215.837242444512
 20
1159.432969946652
 30
0.0
 11
-4215.837242444512
 21
1759.432969946652
 31
0.0
  0
LINE
  5
FB
330
17
100
AcDbEntity
  8
t-çap
100
AcDbLine
 10
-4215.837242444512
 20
1759.432969946652
 30
0.0
 11
-973.8203411352806
 21
1759.432969946653
 31
0.0
  0
LINE
  5
101
330
17
100
AcDbEntity
  8
YAZı1
 62
7
100
AcDbLine
 10
-4107.341373812096
 20
1354.970436103835
 30
0.0
 11
-4015.046137266723
 21
1354.970436103835
 31
0.0
  0
MTEXT
  5
173
330
17
100
AcDbEntity
  8
0
100
AcDbMText
 10
-4211.67326870105
 20
1753.913332318932
 30
0.0
 40
2.8
 41
196.639823973841
 46
0.0
 71
1
 72
5
  3
{\fTimes New Roman|b0|i0|c162|p18;ASANSÖR MONTAJINDAN SORUMLU FİRMAYA AİT İŞLER\PTeklifte belirtilen asansör malzemelerinin tamamı, belirtilen şekilde kullanılacaktır.\PAsansör montajı, inşaatın yapım seyrine uygun sürede yapılacaktır.\PAsansör monta
  3
jı esnasında olabilecek iş kazalarından, asansör montajı ile ilgisi olmayan kişilerin kuyu boşluğunda ve diğer asansör  montajı alanında uğrayacakları kaza ve diğer durumlardan asansör montaj firması sorumlu değildir.  \PAsansör montajı ekteki standa
  3
rt ve özelliklerde yapılacaktır.\PAsansör projesi ve masrafları asansör yaptırıcısına aittir. . \PAsansör firması yönetmeliğe uygun montaj yapmak ve tescile hazır hale getirmekle yükümlüdür.\P\PASANSÖR MONTAJI YAPILAN İNŞAAT FİRMASINA AİT İŞLER\PDuva
  3
r, beton, sıva, boya, elektrik, topraklama, demir, kırma, iskele işleri ve tadilatlar. \PKalıp için gerekli malzemeler, kum, çimento, alçı, çivi vs. \PTSE ve Belediye isteği doğrultusunda kuyu ve makine dairesinin uygun yapılması.  \PBelediyeden asan
  3
sör tescil belgesinin alınması için gerekli olan ruhsat harçları, asansör yaptırıcısına aittir.\PBina şebekesinden hariç istenen topraklama levhası veya çubuğu.  \P\P\LDİĞER HUSUSLAR\l\PYetkili servis dışında yapılacak müdahalelerde ve bunun sonucu o
  3
labilecek arıza. \PZorlama, kurcalanma ve darbeden doğan arızalar.\PYangın ve doğal afetler.\Pİşletme talimatına uyulmaması gibi durumlarda sorumluluk asansör monte edene ait olmayacaktır.\PTaraflar arasında ek sözleşme ve şartlar oluşturulabilir.\P\
  3
LUYULMASI GEREKEN YÖNETMELİKLER\l\P}2014 33 AB Yönetmeliği uygulanacaktır.\PTS EN 81-20 Standardı uygulanacaktır.\PTS EN 81-70 Engelli Yönetmeliğine uygun yapılacaktır.\PTS EN 81-58  TS EN 81-73 Yangın mevzuatına uygun olarak yapılacaktır.\P\PAYDINLA
  3
TMA\PElektrik Tesisat projesine uygun yapılacaktır.\PMakine dairesi aydınlatması 200 lüx şiddetinde olmalıdır.\PAsansör kuyusunda, durak kapıları kapalı olsa dahi kabin tavanının düşey izdüşümü içerisinde ve döşemenin 1 m üstünde en az 50 lüx şiddeti
  3
nde bir aydınlatma sağlanmalıdır.\PAsansör kuyusunda kabin veya bileşenlerin oluşturduğu gölgelerin haricinde, madde 5.2.1.4.1 a)’da ve b)’de belirtilen yerlerin dışında en az 20 lüx aydınlatma sağlanmalıdır.\PKabin içi aydınlatması en az 100 lüx şid
  3
detinde olmalıdır.\PDurak kapıları çevresinde ve geçiş yollarında 50 lüx aydınlatma olmalıdır.{\fTimes New Roman|b0|i0|c162|p18;\P\PBİNALARIN YANGINDAN KORUNMASI HAKKINDA YÖNETMELİK \Pkapsamında ülkemizde yapı malzemeleri için benimsenen yangına tepk
  3
i sınıflandırması TS EN 13501-1 standardı uygulanmalıdır.\PKabinde kullanılan bazı malzemelerde alev almazlık gereksinimi, [5.4.4]\PKabin gövdesinin yapı desteklemesi, alev almaz malzemelerden yapılmalıdır. Kabin zemini, duvar ve tavan kaplama malzem
  3
eleri, aşağıda listelendiği gibi TS EN 13501-1’in gereklerine uygun olmalıdır:\PZemin kaplaması: C fl -s2;\PDuvar: C-s2, d1;\PTavan: C-s2, d0.\PBoya rötuşları, duvar üzerindeki 0,30 mm’ ye kadar lamineler ve çalıştırma tertibatı gibi donanımlar, aydı
  3
nlatma ve göstergeler yukarıdaki gereklerden hariç tutulmuştur.\PKabin havalandırması ile ilgili uyulması gerekenler\P\PKABİN HAVALANDIRMASI HAKKINDA\P\fArial Unicode MS|b1|i0|c162|p34;5.4.9.2 }Kabinin üst kısmında yer alan havalandırma kanallarının 
  3
(menfezlerinin) etkin alanı, kullanılabilir kabin\Palanının en az % 1’fi olmalı ve bu değer kabinin alt kısmındaki kanallara da uygulanmalıdır.\PKabin kapısı etrafındaki açıklıklar, havalandırma deliklerinin alanının hesaplanmasında, gerekli olan etk
  3
in alanın % 50’fsine kadar hesaba katılabilir.\P{\fArial Unicode MS|b1|i0|c162|p34;5.4.9.3 }Havalandırma deliklerinin yapım ve düzenlenmesi, 10 mm çapında düz ve yuvarlak rijit bir çubuğun, içeriden kabin duvarları boyunca geçirilmesi mümkün olmayaca
  1
k bir şekilde olmalıdır.
  7
LD
1001
ACAD
1000
ACAD_MTEXT_COLUMN_INFO_BEGIN
1070
75
1070
2
1070
79
1070
0
1070
76
1070
1
1070
78
1070
0
1070
48
1040
196.639823973841
1070
49
1040
24.0
1070
50
1070
1
1040
0.0
1000
ACAD_MTEXT_COLUMN_INFO_END
1000
ACAD_MTEXT_COLUMNS_BEGIN
1070
47
1070
1
1000
ACAD_MTEXT_COLUMNS_END
  0
LINE
  5
17E
330
17
100
AcDbEntity
  8
YAZı1
 62
7
100
AcDbLine
 10
-4107.341373812096
 20
1354.970436103835
 30
0.0
 11
-4015.046137266723
 21
1354.970436103835
 31
0.0
  0
LINE
  5
184
330
17
100
AcDbEntity
  8
0
100
AcDbLine
 10
-4012.49004244451
 20
1448.305420727765
 30
0.0
 11
-4012.49004244451
 21
1759.432969946652
 31
0.0
  0
LINE
  5
185
330
17
100
AcDbEntity
  8
0
100
AcDbLine
 10
-1860.633260835271
 20
1759.432969946652
 30
0.0
 11
-973.8203411352806
 21
1759.432969946652
 31
0.0
  0
LINE
  5
188
330
17
100
AcDbEntity
  8
0
100
AcDbLine
 10
-973.8203411352806
 20
1159.432969946652
 30
0.0
 11
-973.8203411352806
 21
1759.432969946652
 31
0.0
  0
LINE
  5
19B
330
17
100
AcDbEntity
  8
AVAN-CIZGI
100
AcDbLine
 10
-4207.15
 20
1172.6238
 30
0.0
 11
-4021.15
 21
1172.6238
 31
0.0
  0
LINE
  5
19C
330
17
100
AcDbEntity
  8
AVAN-CIZGI
100
AcDbLine
 10
-4021.15
 20
1172.6238
 30
0.0
 11
-4021.15
 21
1435.0677
 31
0.0
  0
LINE
  5
19D
330
17
100
AcDbEntity
  8
AVAN-CIZGI
100
AcDbLine
 10
-4021.15
 20
1435.0677
 30
0.0
 11
-4207.15
 21
1435.0677
 31
0.0
  0
LINE
  5
19E
330
17
100
AcDbEntity
  8
AVAN-CIZGI
100
AcDbLine
 10
-4207.15
 20
1435.0677
 30
0.0
 11
-4207.15
 21
1172.6238
 31
0.0
  0
LINE
  5
19F
330
17
100
AcDbEntity
  8
AVAN-CIZGI
100
AcDbLine
 10
-4203.0621
 20
1176.7118
 30
0.0
 11
-4025.238
 21
1176.7118
 31
0.0
  0
LINE
  5
1A0
330
17
100
AcDbEntity
  8
AVAN-CIZGI
100
AcDbLine
 10
-4025.238
 20
1176.7118
 30
0.0
 11
-4025.238
 21
1430.9798
 31
0.0
  0
LINE
  5
1A1
330
17
100
AcDbEntity
  8
AVAN-CIZGI
100
AcDbLine
 10
-4025.238
 20
1430.9798
 30
0.0
 11
-4203.0621
 21
1430.9798
 31
0.0
  0
LINE
  5
1A2
330
17
100
AcDbEntity
  8
AVAN-CIZGI
100
AcDbLine
 10
-4203.0621
 20
1430.9798
 30
0.0
 11
-4203.0621
 21
1176.7118
 31
0.0
  0
LINE
  5
1A3
330
17
100
AcDbEntity
  8
AVAN-CIZGI
100
AcDbLine
 10
-4199.0559
 20
1419.779
 30
0.0
 11
-4029.6938
 21
1419.779
 31
0.0
  0
LINE
  5
1A4
330
17
100
AcDbEntity
  8
AVAN-CIZGI
100
AcDbLine
 10
-4029.6938
 20
1419.779
 30
0.0
 11
-4029.6938
 21
1427.0554
 31
0.0
  0
LINE
  5
1A5
330
17
100
AcDbEntity
  8
AVAN-CIZGI
100
AcDbLine
 10
-4029.6938
 20
1427.0554
 30
0.0
 11
-4199.0559
 21
1427.0554
 31
0.0
  0
LINE
  5
1A6
330
17
100
AcDbEntity
  8
AVAN-CIZGI
100
AcDbLine
 10
-4199.0559
 20
1427.0554
 30
0.0
 11
-4199.0559
 21
1419.779
 31
0.0
  0
LINE
  5
1A7
330
17
100
AcDbEntity
  8
AVAN-CIZGI
100
AcDbLine
 10
-4174.8555
 20
1427.0554
 30
0.0
 11
-4174.8555
 21
1419.779
 31
0.0
  0
LINE
  5
1A8
330
17
100
AcDbEntity
  8
AVAN-CIZGI
100
AcDbLine
 10
-4136.6744
 20
1427.0554
 30
0.0
 11
-4136.6744
 21
1419.779
 31
0.0
  0
LINE
  5
1A9
330
17
100
AcDbEntity
  8
AVAN-CIZGI
100
AcDbLine
 10
-4174.8555
 20
1423.4172
 30
0.0
 11
-4029.6938
 21
1423.4172
 31
0.0
  0
LINE
  5
1AA
330
17
100
AcDbEntity
  8
AVAN-CIZGI
100
AcDbLine
 10
-4199.0559
 20
1409.9271
 30
0.0
 11
-4029.6938
 21
1409.9271
 31
0.0
  0
LINE
  5
1AB
330
17
100
AcDbEntity
  8
AVAN-CIZGI
100
AcDbLine
 10
-4029.6938
 20
1409.9271
 30
0.0
 11
-4029.6938
 21
1417.1627
 31
0.0
  0
LINE
  5
1AC
330
17
100
AcDbEntity
  8
AVAN-CIZGI
100
AcDbLine
 10
-4029.6938
 20
1417.1627
 30
0.0
 11
-4199.0559
 21
1417.1627
 31
0.0
  0
LINE
  5
1AD
330
17
100
AcDbEntity
  8
AVAN-CIZGI
100
AcDbLine
 10
-4199.0559
 20
1417.1627
 30
0.0
 11
-4199.0559
 21
1409.9271
 31
0.0
  0
LINE
  5
1AE
330
17
100
AcDbEntity
  8
AVAN-CIZGI
100
AcDbLine
 10
-4174.8555
 20
1417.1627
 30
0.0
 11
-4174.8555
 21
1409.9271
 31
0.0
  0
LINE
  5
1AF
330
17
100
AcDbEntity
  8
AVAN-CIZGI
100
AcDbLine
 10
-4136.6744
 20
1417.1627
 30
0.0
 11
-4136.6744
 21
1409.9271
 31
0.0
  0
LINE
  5
1B0
330
17
100
AcDbEntity
  8
AVAN-CIZGI
100
AcDbLine
 10
-4174.8555
 20
1413.5245
 30
0.0
 11
-4029.6938
 21
1413.5245
 31
0.0
  0
LINE
  5
1B1
330
17
100
AcDbEntity
  8
AVAN-CIZGI
100
AcDbLine
 10
-4199.0559
 20
1400.0344
 30
0.0
 11
-4029.6938
 21
1400.0344
 31
0.0
  0
LINE
  5
1B2
330
17
100
AcDbEntity
  8
AVAN-CIZGI
100
AcDbLine
 10
-4029.6938
 20
1400.0344
 30
0.0
 11
-4029.6938
 21
1407.27
 31
0.0
  0
LINE
  5
1B3
330
17
100
AcDbEntity
  8
AVAN-CIZGI
100
AcDbLine
 10
-4029.6938
 20
1407.27
 30
0.0
 11
-4199.0559
 21
1407.27
 31
0.0
  0
LINE
  5
1B4
330
17
100
AcDbEntity
  8
AVAN-CIZGI
100
AcDbLine
 10
-4199.0559
 20
1407.27
 30
0.0
 11
-4199.0559
 21
1400.0344
 31
0.0
  0
LINE
  5
1B5
330
17
100
AcDbEntity
  8
AVAN-CIZGI
100
AcDbLine
 10
-4174.8555
 20
1407.27
 30
0.0
 11
-4174.8555
 21
1400.0344
 31
0.0
  0
LINE
  5
1B6
330
17
100
AcDbEntity
  8
AVAN-CIZGI
100
AcDbLine
 10
-4152.7399
 20
1407.27
 30
0.0
 11
-4152.7399
 21
1400.0344
 31
0.0
  0
LINE
  5
1B7
330
17
100
AcDbEntity
  8
AVAN-CIZGI
100
AcDbLine
 10
-4130.9513
 20
1407.27
 30
0.0
 11
-4130.9513
 21
1400.0344
 31
0.0
  0
LINE
  5
1B8
330
17
100
AcDbEntity
  8
AVAN-CIZGI
100
AcDbLine
 10
-4104.339
 20
1407.27
 30
0.0
 11
-4104.339
 21
1400.0344
 31
0.0
  0
LINE
  5
1B9
330
17
100
AcDbEntity
  8
AVAN-CIZGI
100
AcDbLine
 10
-4084.6762
 20
1407.27
 30
0.0
 11
-4084.6762
 21
1400.0344
 31
0.0
  0
LINE
  5
1BA
330
17
100
AcDbEntity
  8
AVAN-CIZGI
100
AcDbLine
 10
-4064.3593
 20
1407.27
 30
0.0
 11
-4064.3593
 21
1400.0344
 31
0.0
  0
LINE
  5
1BB
330
17
100
AcDbEntity
  8
AVAN-CIZGI
100
AcDbLine
 10
-4049.6019
 20
1407.27
 30
0.0
 11
-4049.6019
 21
1400.0344
 31
0.0
  0
LINE
  5
1BC
330
17
100
AcDbEntity
  8
AVAN-CIZGI
100
AcDbLine
 10
-4174.8555
 20
1403.6726
 30
0.0
 11
-4029.6938
 21
1403.6726
 31
0.0
  0
LINE
  5
1BD
330
17
100
AcDbEntity
  8
AVAN-CIZGI
100
AcDbLine
 10
-4200.1597
 20
1373.79
 30
0.0
 11
-4028.59
 21
1373.79
 31
0.0
  0
LINE
  5
1BE
330
17
100
AcDbEntity
  8
AVAN-CIZGI
100
AcDbLine
 10
-4028.59
 20
1373.79
 30
0.0
 11
-4028.59
 21
1398.3992
 31
0.0
  0
LINE
  5
1BF
330
17
100
AcDbEntity
  8
AVAN-CIZGI
100
AcDbLine
 10
-4028.59
 20
1398.3992
 30
0.0
 11
-4200.1597
 21
1398.3992
 31
0.0
  0
LINE
  5
1C0
330
17
100
AcDbEntity
  8
AVAN-CIZGI
100
AcDbLine
 10
-4200.1597
 20
1398.3992
 30
0.0
 11
-4200.1597
 21
1373.79
 31
0.0
  0
LINE
  5
1C1
330
17
100
AcDbEntity
  8
AVAN-CIZGI
100
AcDbLine
 10
-4199.0559
 20
1375.5886
 30
0.0
 11
-4029.6938
 21
1375.5886
 31
0.0
  0
LINE
  5
1C2
330
17
100
AcDbEntity
  8
AVAN-CIZGI
100
AcDbLine
 10
-4029.6938
 20
1375.5886
 30
0.0
 11
-4029.6938
 21
1397.4181
 31
0.0
  0
LINE
  5
1C3
330
17
100
AcDbEntity
  8
AVAN-CIZGI
100
AcDbLine
 10
-4029.6938
 20
1397.4181
 30
0.0
 11
-4199.0559
 21
1397.4181
 31
0.0
  0
LINE
  5
1C4
330
17
100
AcDbEntity
  8
AVAN-CIZGI
100
AcDbLine
 10
-4199.0559
 20
1397.4181
 30
0.0
 11
-4199.0559
 21
1375.5886
 31
0.0
  0
LINE
  5
1C5
330
17
100
AcDbEntity
  8
AVAN-CIZGI
100
AcDbLine
 10
-4184.9118
 20
1397.4181
 30
0.0
 11
-4184.9118
 21
1375.5886
 31
0.0
  0
LINE
  5
1C6
330
17
100
AcDbEntity
  8
AVAN-CIZGI
100
AcDbLine
 10
-4184.9118
 20
1393.3302
 30
0.0
 11
-4029.6938
 21
1393.3302
 31
0.0
  0
LINE
  5
1C7
330
17
100
AcDbEntity
  8
AVAN-CIZGI
100
AcDbLine
 10
-4184.9118
 20
1389.6919
 30
0.0
 11
-4029.6938
 21
1389.6919
 31
0.0
  0
LINE
  5
1C8
330
17
100
AcDbEntity
  8
AVAN-CIZGI
100
AcDbLine
 10
-4184.9118
 20
1385.9719
 30
0.0
 11
-4029.6938
 21
1385.9719
 31
0.0
  0
LINE
  5
1C9
330
17
100
AcDbEntity
  8
AVAN-CIZGI
100
AcDbLine
 10
-4184.9118
 20
1382.3337
 30
0.0
 11
-4029.6938
 21
1382.3337
 31
0.0
  0
LINE
  5
1CA
330
17
100
AcDbEntity
  8
AVAN-CIZGI
100
AcDbLine
 10
-4184.9118
 20
1379.2269
 30
0.0
 11
-4029.6938
 21
1379.2269
 31
0.0
  0
LINE
  5
1CB
330
17
100
AcDbEntity
  8
AVAN-CIZGI
100
AcDbLine
 10
-4162.5918
 20
1397.4181
 30
0.0
 11
-4162.5918
 21
1389.6919
 31
0.0
  0
LINE
  5
1CC
330
17
100
AcDbEntity
  8
AVAN-CIZGI
100
AcDbLine
 10
-4144.605
 20
1397.4181
 30
0.0
 11
-4144.605
 21
1389.6919
 31
0.0
  0
LINE
  5
1CD
330
17
100
AcDbEntity
  8
AVAN-CIZGI
100
AcDbLine
 10
-4117.8291
 20
1397.4181
 30
0.0
 11
-4117.8291
 21
1389.6919
 31
0.0
  0
LINE
  5
1CE
330
17
100
AcDbEntity
  8
AVAN-CIZGI
100
AcDbLine
 10
-4099.965
 20
1397.4181
 30
0.0
 11
-4099.965
 21
1389.6919
 31
0.0
  0
LINE
  5
1CF
330
17
100
AcDbEntity
  8
AVAN-CIZGI
100
AcDbLine
 10
-4074.2111
 20
1397.4181
 30
0.0
 11
-4074.2111
 21
1389.6919
 31
0.0
  0
LINE
  5
1D0
330
17
100
AcDbEntity
  8
AVAN-CIZGI
100
AcDbLine
 10
-4084.6762
 20
1393.3302
 30
0.0
 11
-4084.6762
 21
1389.6919
 31
0.0
  0
LINE
  5
1D1
330
17
100
AcDbEntity
  8
AVAN-CIZGI
100
AcDbLine
 10
-4162.7962
 20
1389.6919
 30
0.0
 11
-4162.7962
 21
1382.3337
 31
0.0
  0
LINE
  5
1D2
330
17
100
AcDbEntity
  8
AVAN-CIZGI
100
AcDbLine
 10
-4144.6867
 20
1389.6919
 30
0.0
 11
-4144.6867
 21
1382.3337
 31
0.0
  0
LINE
  5
1D3
330
17
100
AcDbEntity
  8
AVAN-CIZGI
100
AcDbLine
 10
-4117.9927
 20
1389.6919
 30
0.0
 11
-4117.9927
 21
1382.3337
 31
0.0
  0
LINE
  5
1D4
330
17
100
AcDbEntity
  8
AVAN-CIZGI
100
AcDbLine
 10
-4100.1694
 20
1389.6919
 30
0.0
 11
-4100.1694
 21
1382.3337
 31
0.0
  0
LINE
  5
1D5
330
17
100
AcDbEntity
  8
AVAN-CIZGI
100
AcDbLine
 10
-4074.3746
 20
1389.6919
 30
0.0
 11
-4074.3746
 21
1382.3337
 31
0.0
  0
LINE
  5
1D6
330
17
100
AcDbEntity
  8
AVAN-CIZGI
100
AcDbLine
 10
-4164.5131
 20
1382.3337
 30
0.0
 11
-4164.5131
 21
1375.5886
 31
0.0
  0
LINE
  5
1D7
330
17
100
AcDbEntity
  8
AVAN-CIZGI
100
AcDbLine
 10
-4117.9109
 20
1382.3337
 30
0.0
 11
-4117.9109
 21
1375.5886
 31
0.0
  0
LINE
  5
1D8
330
17
100
AcDbEntity
  8
AVAN-CIZGI
100
AcDbLine
 10
-4100.0467
 20
1382.3337
 30
0.0
 11
-4100.0467
 21
1375.5886
 31
0.0
  0
LINE
  5
1D9
330
17
100
AcDbEntity
  8
AVAN-CIZGI
100
AcDbLine
 10
-4074.2929
 20
1382.3337
 30
0.0
 11
-4074.2929
 21
1375.5886
 31
0.0
  0
LINE
  5
1DA
330
17
100
AcDbEntity
  8
AVAN-CIZGI
100
AcDbLine
 10
-4199.2195
 20
1327.8418
 30
0.0
 11
-4114.3544
 21
1327.8418
 31
0.0
  0
LINE
  5
1DB
330
17
100
AcDbEntity
  8
AVAN-CIZGI
100
AcDbLine
 10
-4114.3544
 20
1327.8418
 30
0.0
 11
-4114.3544
 21
1372.2774
 31
0.0
  0
LINE
  5
1DC
330
17
100
AcDbEntity
  8
AVAN-CIZGI
100
AcDbLine
 10
-4114.3544
 20
1372.2774
 30
0.0
 11
-4199.2195
 21
1372.2774
 31
0.0
  0
LINE
  5
1DD
330
17
100
AcDbEntity
  8
AVAN-CIZGI
100
AcDbLine
 10
-4199.2195
 20
1372.2774
 30
0.0
 11
-4199.2195
 21
1327.8418
 31
0.0
  0
LINE
  5
1DE
330
17
100
AcDbEntity
  8
AVAN-CIZGI
100
AcDbLine
 10
-4199.2195
 20
1366.8405
 30
0.0
 11
-4114.3544
 21
1366.8405
 31
0.0
  0
LINE
  5
1DF
330
17
100
AcDbEntity
  8
AVAN-CIZGI
100
AcDbLine
 10
-4191.9839
 20
1366.8405
 30
0.0
 11
-4191.9839
 21
1327.8418
 31
0.0
  0
LINE
  5
1E0
330
17
100
AcDbEntity
  8
AVAN-CIZGI
100
AcDbLine
 10
-4161.161
 20
1366.8405
 30
0.0
 11
-4161.161
 21
1348.6902
 31
0.0
  0
LINE
  5
1E1
330
17
100
AcDbEntity
  8
AVAN-CIZGI
100
AcDbLine
 10
-4199.2195
 20
1363.2023
 30
0.0
 11
-4114.3544
 21
1363.2023
 31
0.0
  0
LINE
  5
1E2
330
17
100
AcDbEntity
  8
AVAN-CIZGI
100
AcDbLine
 10
-4199.2195
 20
1359.564
 30
0.0
 11
-4114.3544
 21
1359.564
 31
0.0
  0
LINE
  5
1E3
330
17
100
AcDbEntity
  8
AVAN-CIZGI
100
AcDbLine
 10
-4199.2195
 20
1355.9667
 30
0.0
 11
-4114.3544
 21
1355.9667
 31
0.0
  0
LINE
  5
1E4
330
17
100
AcDbEntity
  8
AVAN-CIZGI
100
AcDbLine
 10
-4199.2195
 20
1352.3284
 30
0.0
 11
-4114.3544
 21
1352.3284
 31
0.0
  0
LINE
  5
1E5
330
17
100
AcDbEntity
  8
AVAN-CIZGI
100
AcDbLine
 10
-4199.2195
 20
1348.6902
 30
0.0
 11
-4114.3544
 21
1348.6902
 31
0.0
  0
LINE
  5
1E6
330
17
100
AcDbEntity
  8
AVAN-CIZGI
100
AcDbLine
 10
-4108.5905
 20
1327.8418
 30
0.0
 11
-4028.59
 21
1327.8418
 31
0.0
  0
LINE
  5
1E7
330
17
100
AcDbEntity
  8
AVAN-CIZGI
100
AcDbLine
 10
-4028.59
 20
1327.8418
 30
0.0
 11
-4028.59
 21
1372.2774
 31
0.0
  0
LINE
  5
1E8
330
17
100
AcDbEntity
  8
AVAN-CIZGI
100
AcDbLine
 10
-4028.59
 20
1372.2774
 30
0.0
 11
-4108.5905
 21
1372.2774
 31
0.0
  0
LINE
  5
1E9
330
17
100
AcDbEntity
  8
AVAN-CIZGI
100
AcDbLine
 10
-4108.5905
 20
1372.2774
 30
0.0
 11
-4108.5905
 21
1327.8418
 31
0.0
  0
LINE
  5
1EA
330
17
100
AcDbEntity
  8
AVAN-CIZGI
100
AcDbLine
 10
-4108.5905
 20
1366.8405
 30
0.0
 11
-4028.59
 21
1366.8405
 31
0.0
  0
LINE
  5
1EB
330
17
100
AcDbEntity
  8
AVAN-CIZGI
100
AcDbLine
 10
-4100.9461
 20
1366.8405
 30
0.0
 11
-4100.9461
 21
1327.8418
 31
0.0
  0
LINE
  5
1EC
330
17
100
AcDbEntity
  8
AVAN-CIZGI
100
AcDbLine
 10
-4070.0823
 20
1366.8405
 30
0.0
 11
-4070.0823
 21
1348.6902
 31
0.0
  0
LINE
  5
1ED
330
17
100
AcDbEntity
  8
AVAN-CIZGI
100
AcDbLine
 10
-4108.5905
 20
1363.2023
 30
0.0
 11
-4028.59
 21
1363.2023
 31
0.0
  0
LINE
  5
1EE
330
17
100
AcDbEntity
  8
AVAN-CIZGI
100
AcDbLine
 10
-4108.5905
 20
1359.564
 30
0.0
 11
-4028.59
 21
1359.564
 31
0.0
  0
LINE
  5
1EF
330
17
100
AcDbEntity
  8
AVAN-CIZGI
100
AcDbLine
 10
-4108.5905
 20
1355.9667
 30
0.0
 11
-4028.59
 21
1355.9667
 31
0.0
  0
LINE
  5
1F0
330
17
100
AcDbEntity
  8
AVAN-CIZGI
100
AcDbLine
 10
-4108.5905
 20
1352.3284
 30
0.0
 11
-4028.59
 21
1352.3284
 31
0.0
  0
LINE
  5
1F1
330
17
100
AcDbEntity
  8
AVAN-CIZGI
100
AcDbLine
 10
-4108.5905
 20
1348.6902
 30
0.0
 11
-4028.59
 21
1348.6902
 31
0.0
  0
LINE
  5
1F2
330
17
100
AcDbEntity
  8
AVAN-CIZGI
100
AcDbLine
 10
-4200.1597
 20
1286.186
 30
0.0
 11
-4028.59
 21
1286.186
 31
0.0
  0
LINE
  5
1F3
330
17
100
AcDbEntity
  8
AVAN-CIZGI
100
AcDbLine
 10
-4028.59
 20
1286.186
 30
0.0
 11
-4028.59
 21
1327.8418
 31
0.0
  0
LINE
  5
1F4
330
17
100
AcDbEntity
  8
AVAN-CIZGI
100
AcDbLine
 10
-4028.59
 20
1327.8418
 30
0.0
 11
-4200.1597
 21
1327.8418
 31
0.0
  0
LINE
  5
1F5
330
17
100
AcDbEntity
  8
AVAN-CIZGI
100
AcDbLine
 10
-4200.1597
 20
1327.8418
 30
0.0
 11
-4200.1597
 21
1286.186
 31
0.0
  0
LINE
  5
1F6
330
17
100
AcDbEntity
  8
AVAN-CIZGI
100
AcDbLine
 10
-4200.1597
 20
1217.7135
 30
0.0
 11
-4028.59
 21
1217.7135
 31
0.0
  0
LINE
  5
1F7
330
17
100
AcDbEntity
  8
AVAN-CIZGI
100
AcDbLine
 10
-4028.59
 20
1217.7135
 30
0.0
 11
-4028.59
 21
1278.5007
 31
0.0
  0
LINE
  5
1F8
330
17
100
AcDbEntity
  8
AVAN-CIZGI
100
AcDbLine
 10
-4028.59
 20
1278.5007
 30
0.0
 11
-4200.1597
 21
1278.5007
 31
0.0
  0
LINE
  5
1F9
330
17
100
AcDbEntity
  8
AVAN-CIZGI
100
AcDbLine
 10
-4200.1597
 20
1278.5007
 30
0.0
 11
-4200.1597
 21
1217.7135
 31
0.0
  0
LINE
  5
1FA
330
17
100
AcDbEntity
  8
AVAN-CIZGI
100
AcDbLine
 10
-4119.5869
 20
1278.5007
 30
0.0
 11
-4119.5869
 21
1217.7135
 31
0.0
  0
LINE
  5
1FB
330
17
100
AcDbEntity
  8
AVAN-CIZGI
100
AcDbLine
 10
-4200.1597
 20
1273.5544
 30
0.0
 11
-4028.59
 21
1273.5544
 31
0.0
  0
LINE
  5
1FC
330
17
100
AcDbEntity
  8
AVAN-CIZGI
100
AcDbLine
 10
-4119.5869
 20
1269.2621
 30
0.0
 11
-4028.59
 21
1269.2621
 31
0.0
  0
LINE
  5
1FD
330
17
100
AcDbEntity
  8
AVAN-CIZGI
100
AcDbLine
 10
-4112.2696
 20
1269.2621
 30
0.0
 11
-4112.2696
 21
1217.7135
 31
0.0
  0
LINE
  5
1FE
330
17
100
AcDbEntity
  8
AVAN-CIZGI
100
AcDbLine
 10
-4081.4876
 20
1269.2621
 30
0.0
 11
-4081.4876
 21
1247.4735
 31
0.0
  0
LINE
  5
1FF
330
17
100
AcDbEntity
  8
AVAN-CIZGI
100
AcDbLine
 10
-4119.5869
 20
1261.9856
 30
0.0
 11
-4028.59
 21
1261.9856
 31
0.0
  0
LINE
  5
200
330
17
100
AcDbEntity
  8
AVAN-CIZGI
100
AcDbLine
 10
-4119.5869
 20
1258.3882
 30
0.0
 11
-4028.59
 21
1258.3882
 31
0.0
  0
LINE
  5
201
330
17
100
AcDbEntity
  8
AVAN-CIZGI
100
AcDbLine
 10
-4119.5869
 20
1254.75
 30
0.0
 11
-4028.59
 21
1254.75
 31
0.0
  0
LINE
  5
202
330
17
100
AcDbEntity
  8
AVAN-CIZGI
100
AcDbLine
 10
-4119.5869
 20
1247.4735
 30
0.0
 11
-4028.59
 21
1247.4735
 31
0.0
  0
LINE
  5
203
330
17
100
AcDbEntity
  8
AVAN-CIZGI
100
AcDbLine
 10
-4200.1597
 20
1203.2832
 30
0.0
 11
-4028.59
 21
1203.2832
 31
0.0
  0
LINE
  5
204
330
17
100
AcDbEntity
  8
AVAN-CIZGI
100
AcDbLine
 10
-4028.59
 20
1203.2832
 30
0.0
 11
-4028.59
 21
1217.7135
 31
0.0
  0
LINE
  5
205
330
17
100
AcDbEntity
  8
AVAN-CIZGI
100
AcDbLine
 10
-4028.59
 20
1217.7135
 30
0.0
 11
-4200.1597
 21
1217.7135
 31
0.0
  0
LINE
  5
206
330
17
100
AcDbEntity
  8
AVAN-CIZGI
100
AcDbLine
 10
-4200.1597
 20
1217.7135
 30
0.0
 11
-4200.1597
 21
1203.2832
 31
0.0
  0
LINE
  5
207
330
17
100
AcDbEntity
  8
AVAN-CIZGI
100
AcDbLine
 10
-4200.1597
 20
1178.7557
 30
0.0
 11
-4028.59
 21
1178.7557
 31
0.0
  0
LINE
  5
208
330
17
100
AcDbEntity
  8
AVAN-CIZGI
100
AcDbLine
 10
-4028.59
 20
1178.7557
 30
0.0
 11
-4028.59
 21
1203.2832
 31
0.0
  0
LINE
  5
209
330
17
100
AcDbEntity
  8
AVAN-CIZGI
100
AcDbLine
 10
-4028.59
 20
1203.2832
 30
0.0
 11
-4200.1597
 21
1203.2832
 31
0.0
  0
LINE
  5
20A
330
17
100
AcDbEntity
  8
AVAN-CIZGI
100
AcDbLine
 10
-4200.1597
 20
1203.2832
 30
0.0
 11
-4200.1597
 21
1178.7557
 31
0.0
  0
LINE
  5
20B
330
17
100
AcDbEntity
  8
AVAN-CIZGI
100
AcDbLine
 10
-4199.1786
 20
1179.6959
 30
0.0
 11
-4029.5711
 21
1179.6959
 31
0.0
  0
LINE
  5
20C
330
17
100
AcDbEntity
  8
AVAN-CIZGI
100
AcDbLine
 10
-4029.5711
 20
1179.6959
 30
0.0
 11
-4029.5711
 21
1202.343
 31
0.0
  0
LINE
  5
20D
330
17
100
AcDbEntity
  8
AVAN-CIZGI
100
AcDbLine
 10
-4029.5711
 20
1202.343
 30
0.0
 11
-4199.1786
 21
1202.343
 31
0.0
  0
LINE
  5
20E
330
17
100
AcDbEntity
  8
AVAN-CIZGI
100
AcDbLine
 10
-4199.1786
 20
1202.343
 30
0.0
 11
-4199.1786
 21
1179.6959
 31
0.0
  0
TEXT
  5
20F
330
17
100
AcDbEntity
  8
AVAN-YAZI
100
AcDbText
 10
-4135.8568
 20
1424.373
 30
0.0
 40
1.907
  1
Örnek Yapı A.Ş.
  7
AVAN
 41
0.9704
 11
-4135.8568
 21
1424.373
 31
0.0
100
AcDbText
  0
TEXT
  5
210
330
17
100
AcDbEntity
  8
AVAN-YAZI
100
AcDbText
 10
-4160.3481
 20
1424.3325
 30
0.0
 40
1.997
  1
SAHİBİ
  7
AVAN
 41
0.765
 11
-4160.3481
 21
1424.3325
 31
0.0
100
AcDbText
  0
TEXT
  5
211
330
17
100
AcDbEntity
  8
AVAN-YAZI
100
AcDbText
 10
-4192.4115
 20
1422.5134
 30
0.0
 40
1.997
  1
YAPININ
  7
AVAN
 41
0.9528
 11
-4192.4115
 21
1422.5134
 31
0.0
100
AcDbText
  0
TEXT
  5
212
330
17
100
AcDbEntity
  8
AVAN-YAZI
100
AcDbText
 10
-4167.0591
 20
1420.7347
 30
0.0
 40
1.907
  1
KULLANIM AMACI
  7
AVAN
 41
0.9993
 11
-4167.0591
 21
1420.7347
 31
0.0
100
AcDbText
  0
TEXT
  5
213
330
17
100
AcDbEntity
  8
AVAN-YAZI
100
AcDbText
 10
-4194.1092
 20
1412.6411
 30
0.0
 40
1.997
  1
YÜKLENİCİ
  7
AVAN
 41
0.8152
 11
-4194.1092
 21
1412.6411
 31
0.0
100
AcDbText
  0
TEXT
  5
214
330
17
100
AcDbEntity
  8
AVAN-YAZI
100
AcDbText
 10
-4173.648
 20
1410.9164
 30
0.0
 40
1.788
  1
VERGİ DAİRESİ ve NUMARASI
  7
AVAN
 41
0.908
 11
-4173.648
 21
1410.9164
 31
0.0
100
AcDbText
  0
TEXT
  5
215
330
17
100
AcDbEntity
  8
AVAN-YAZI
100
AcDbText
 10
-4165.2043
 20
1404.6619
 30
0.0
 40
1.788
  1
İLİ
  7
AVAN
 41
0.523
 11
-4165.2043
 21
1404.6619
 31
0.0
100
AcDbText
  0
TEXT
  5
216
330
17
100
AcDbEntity
  8
AVAN-YAZI
100
AcDbText
 10
-4145.6619
 20
1404.6619
 30
0.0
 40
1.788
  1
İLÇESİ
  7
AVAN
 41
0.7297
 11
-4145.6619
 21
1404.6619
 31
0.0
100
AcDbText
  0
TEXT
  5
217
330
17
100
AcDbEntity
  8
AVAN-YAZI
100
AcDbText
 10
-4124.5849
 20
1404.6619
 30
0.0
 40
1.788
  1
MAHALLESİ
  7
AVAN
 41
0.9052
 11
-4124.5849
 21
1404.6619
 31
0.0
100
AcDbText
  0
TEXT
  5
218
330
17
100
AcDbEntity
  8
AVAN-YAZI
100
AcDbText
 10
-4102.3527
 20
1404.6619
 30
0.0
 40
1.788
  1
YÜZÖLÇÜMÜ
  7
AVAN
 41
0.9765
 11
-4102.3527
 21
1404.6619
 31
0.0
100
AcDbText
  0
TEXT
  5
219
330
17
100
AcDbEntity
  8
AVAN-YAZI
100
AcDbText
 10
-4080.6622
 20
1404.6619
 30
0.0
 40
1.788
  1
PAFTA NO
  7
AVAN
 41
0.9628
 11
-4080.6622
 21
1404.6619
 31
0.0
100
AcDbText
  0
TEXT
  5
21A
330
17
100
AcDbEntity
  8
AVAN-YAZI
100
AcDbText
 10
-4061.8753
 20
1404.6619
 30
0.0
 40
1.788
  1
ADA NO
  7
AVAN
 41
0.9948
 11
-4061.8753
 21
1404.6619
 31
0.0
100
AcDbText
  0
TEXT
  5
21B
330
17
100
AcDbEntity
  8
AVAN-YAZI
100
AcDbText
 10
-4046.5875
 20
1404.6619
 30
0.0
 40
1.788
  1
PARSEL NO
  7
AVAN
 41
0.9525
 11
-4046.5875
 21
1404.6619
 31
0.0
100
AcDbText
  0
TEXT
  5
21C
330
17
100
AcDbEntity
  8
AVAN-YAZI
100
AcDbText
 10
-4193.1029
 20
1402.7483
 30
0.0
 40
1.997
  1
ARSANIN
  7
AVAN
 41
0.9692
 11
-4193.1029
 21
1402.7483
 31
0.0
100
AcDbText
  0
TEXT
  5
21D
330
17
100
AcDbEntity
  8
AVAN-YAZI
100
AcDbText
 10
-4077.8058
 20
1401.0845
 30
0.0
 40
1.699
  1
EL-04
  7
AVAN
 41
1.0069
 11
-4077.8058
 21
1401.0845
 31
0.0
100
AcDbText
  0
TEXT
  5
21E
330
17
100
AcDbEntity
  8
AVAN-YAZI
100
AcDbText
 10
-4168.1313
 20
1401.0441
 30
0.0
 40
1.788
  1
Ankara
  7
AVAN
 41
1.0695
 11
-4168.1313
 21
1401.0441
 31
0.0
100
AcDbText
  0
TEXT
  5
21F
330
17
100
AcDbEntity
  8
AVAN-YAZI
100
AcDbText
 10
-4117.1687
 20
1394.6187
 30
0.0
 40
1.669
  1
Seyir Mesafesi
  7
AVAN
 41
1.0768
 11
-4117.1687
 21
1394.6187
 31
0.0
100
AcDbText
  0
TEXT
  5
220
330
17
100
AcDbEntity
  8
AVAN-YAZI
100
AcDbText
 10
-4184.4621
 20
1394.5917
 30
0.0
 40
1.728
  1
Taşıma Kapasitesi
  7
AVAN
 41
0.9867
 11
-4184.4621
 21
1394.5917
 31
0.0
100
AcDbText
  0
TEXT
  5
221
330
17
100
AcDbEntity
  8
AVAN-YAZI
100
AcDbText
 10
-4160.8844
 20
1394.5917
 30
0.0
 40
1.728
  1
Asansör Hızı
  7
AVAN
 41
0.8967
 11
-4160.8844
 21
1394.5917
 31
0.0
100
AcDbText
  0
TEXT
  5
222
330
17
100
AcDbEntity
  8
AVAN-YAZI
100
AcDbText
 10
-4138.6154
 20
1394.5917
 30
0.0
 40
1.728
  1
Durak Sayısı
  7
AVAN
 41
0.9106
 11
-4138.6154
 21
1394.5917
 31
0.0
100
AcDbText
  0
TEXT
  5
223
330
17
100
AcDbEntity
  8
AVAN-YAZI
100
AcDbText
 10
-4095.3431
 20
1394.5917
 30
0.0
 40
1.728
  1
Kabin Ölçüleri
  7
AVAN
 41
1.0928
 11
-4095.3431
 21
1394.5917
 31
0.0
100
AcDbText
  0
TEXT
  5
224
330
17
100
AcDbEntity
  8
AVAN-YAZI
100
AcDbText
 10
-4064.8563
 20
1394.5917
 30
0.0
 40
1.728
  1
Standart / Yönetmelik
  7
AVAN
 41
1.1101
 11
-4064.8563
 21
1394.5917
 31
0.0
100
AcDbText
  0
TEXT
  5
225
330
17
100
AcDbEntity
  8
AVAN-YAZI
100
AcDbText
 10
-4198.1626
 20
1392.206
 30
0.0
 40
2.98
  1
BLOK:
  7
AVAN
 41
0.9924
 11
-4198.1626
 21
1392.206
 31
0.0
100
AcDbText
  0
TEXT
  5
226
330
17
100
AcDbEntity
  8
AVAN-YAZI
100
AcDbText
 10
-4084.2674
 20
1390.931
 30
0.0
 40
1.281
  1
D:
  7
AVAN
 41
1.0419
 11
-4084.2674
 21
1390.931
 31
0.0
100
AcDbText
  0
TEXT
  5
227
330
17
100
AcDbEntity
  8
AVAN-YAZI
100
AcDbText
 10
-4099.4744
 20
1390.7556
 30
0.0
 40
1.669
  1
G:
  7
AVAN
 41
0.9911
 11
-4099.4744
 21
1390.7556
 31
0.0
100
AcDbText
  0
TEXT
  5
228
330
17
100
AcDbEntity
  8
AVAN-YAZI
100
AcDbText
 10
-4181.8769
 20
1387.0495
 30
0.0
 40
1.728
  1
Asansör Sınıfı
  7
AVAN
 41
0.855
 11
-4181.8769
 21
1387.0495
 31
0.0
100
AcDbText
  0
TEXT
  5
229
330
17
100
AcDbEntity
  8
AVAN-YAZI
100
AcDbText
 10
-4158.6982
 20
1387.0495
 30
0.0
 40
1.728
  1
Askı Tipi
  7
AVAN
 41
0.9426
 11
-4158.6982
 21
1387.0495
 31
0.0
100
AcDbText
  0
TEXT
  5
22A
330
17
100
AcDbEntity
  8
AVAN-YAZI
100
AcDbText
 10
-4139.9102
 20
1387.0495
 30
0.0
 40
1.728
  1
Asansör Sayısı
  7
AVAN
 41
0.9184
 11
-4139.9102
 21
1387.0495
 31
0.0
100
AcDbText
  0
TEXT
  5
22B
330
17
100
AcDbEntity
  8
AVAN-YAZI
100
AcDbText
 10
-4116.0186
 20
1387.0495
 30
0.0
 40
1.728
  1
Tahrik Cinsi
  7
AVAN
 41
1.0819
 11
-4116.0186
 21
1387.0495
 31
0.0
100
AcDbText
  0
TEXT
  5
22C
330
17
100
AcDbEntity
  8
AVAN-YAZI
100
AcDbText
 10
-4093.9352
 20
1387.0495
 30
0.0
 40
1.728
  1
Ray Ölçüsü
  7
AVAN
 41
1.0517
 11
-4093.9352
 21
1387.0495
 31
0.0
100
AcDbText
  0
TEXT
  5
22D
330
17
100
AcDbEntity
  8
AVAN-YAZI
100
AcDbText
 10
-4183.3646
 20
1379.9979
 30
0.0
 40
1.728
  1
M. Motor Gücü
  7
AVAN
 41
1.0711
 11
-4183.3646
 21
1379.9979
 31
0.0
100
AcDbText
  0
TEXT
  5
22E
330
17
100
AcDbEntity
  8
AVAN-YAZI
100
AcDbText
 10
-4163.6138
 20
1379.9979
 30
0.0
 40
1.728
  1
Ölçek
  7
AVAN
 41
1.0489
 11
-4163.6138
 21
1379.9979
 31
0.0
100
AcDbText
  0
TEXT
  5
22F
330
17
100
AcDbEntity
  8
AVAN-YAZI
100
AcDbText
 10
-4198.6472
 20
1368.8845
 30
0.0
 40
1.49
  1
PLAN PROJE RESİM VE HESAPLARI YAPAN MAKİNA MÜHENDİSİ
  7
AVAN
 41
0.9213
 11
-4198.6472
 21
1368.8845
 31
0.0
100
AcDbText
  0
TEXT
  5
230
330
17
100
AcDbEntity
  8
AVAN-YAZI
100
AcDbText
 10
-4108.0182
 20
1368.8845
 30
0.0
 40
1.49
  1
PLAN PROJE RESİM VE HESAPLARI YAPAN ELEKTRİK MÜHENDİSİ
  7
AVAN
 41
0.9173
 11
-4108.0182
 21
1368.8845
 31
0.0
100
AcDbText
  0
TEXT
  5
231
330
17
100
AcDbEntity
  8
AVAN-YAZI
100
AcDbText
 10
-4196.3169
 20
1364.2794
 30
0.0
 40
1.639
  1
1
  7
AVAN
 41
0.9699
 11
-4196.3169
 21
1364.2794
 31
0.0
100
AcDbText
  0
TEXT
  5
232
330
17
100
AcDbEntity
  8
AVAN-YAZI
100
AcDbText
 10
-4105.4835
 20
1364.2794
 30
0.0
 40
1.639
  1
1
  7
AVAN
 41
0.9699
 11
-4105.4835
 21
1364.2794
 31
0.0
100
AcDbText
  0
TEXT
  5
233
330
17
100
AcDbEntity
  8
AVAN-YAZI
100
AcDbText
 10
-4191.3707
 20
1364.2525
 30
0.0
 40
1.699
  1
VERGİ DAİRESİ
  7
AVAN
 41
0.8181
 11
-4191.3707
 21
1364.2525
 31
0.0
100
AcDbText
  0
TEXT
  5
234
330
17
100
AcDbEntity
  8
AVAN-YAZI
100
AcDbText
 10
-4100.3329
 20
1364.2525
 30
0.0
 40
1.699
  1
VERGİ DAİRESİ
  7
AVAN
 41
0.8181
 11
-4100.3329
 21
1364.2525
 31
0.0
100
AcDbText
  0
TEXT
  5
235
330
17
100
AcDbEntity
  8
AVAN-YAZI
100
AcDbText
 10
-4196.3169
 20
1360.6412
 30
0.0
 40
1.639
  1
2
  7
AVAN
 41
0.9699
 11
-4196.3169
 21
1360.6412
 31
0.0
100
AcDbText
  0
TEXT
  5
236
330
17
100
AcDbEntity
  8
AVAN-YAZI
100
AcDbText
 10
-4105.4835
 20
1360.6412
 30
0.0
 40
1.639
  1
2
  7
AVAN
 41
0.9699
 11
-4105.4835
 21
1360.6412
 31
0.0
100
AcDbText
  0
TEXT
  5
237
330
17
100
AcDbEntity
  8
AVAN-YAZI
100
AcDbText
 10
-4191.3707
 20
1360.6142
 30
0.0
 40
1.699
  1
SİCİL NO
  7
AVAN
 41
0.7912
 11
-4191.3707
 21
1360.6142
 31
0.0
100
AcDbText
  0
TEXT
  5
238
330
17
100
AcDbEntity
  8
AVAN-YAZI
100
AcDbText
 10
-4100.3329
 20
1360.6142
 30
0.0
 40
1.699
  1
SİCİL NO
  7
AVAN
 41
0.7912
 11
-4100.3329
 21
1360.6142
 31
0.0
100
AcDbText
  0
TEXT
  5
239
330
17
100
AcDbEntity
  8
AVAN-YAZI
100
AcDbText
 10
-4196.3169
 20
1357.0234
 30
0.0
 40
1.639
  1
3
  7
AVAN
 41
0.9699
 11
-4196.3169
 21
1357.0234
 31
0.0
100
AcDbText
  0
TEXT
  5
23A
330
17
100
AcDbEntity
  8
AVAN-YAZI
100
AcDbText
 10
-4105.4835
 20
1357.0234
 30
0.0
 40
1.639
  1
3
  7
AVAN
 41
0.9699
 11
-4105.4835
 21
1357.0234
 31
0.0
100
AcDbText
  0
TEXT
  5
23B
330
17
100
AcDbEntity
  8
AVAN-YAZI
100
AcDbText
 10
-4191.3707
 20
1356.9964
 30
0.0
 40
1.699
  1
SOYADI
  7
AVAN
 41
0.9724
 11
-4191.3707
 21
1356.9964
 31
0.0
100
AcDbText
  0
TEXT
  5
23C
330
17
100
AcDbEntity
  8
AVAN-YAZI
100
AcDbText
 10
-4100.3329
 20
1356.9964
 30
0.0
 40
1.699
  1
SOYADI
  7
AVAN
 41
0.9724
 11
-4100.3329
 21
1356.9964
 31
0.0
100
AcDbText
  0
TEXT
  5
23D
330
17
100
AcDbEntity
  8
AVAN-YAZI
100
AcDbText
 10
-4196.3169
 20
1353.4056
 30
0.0
 40
1.639
  1
4
  7
AVAN
 41
0.9699
 11
-4196.3169
 21
1353.4056
 31
0.0
100
AcDbText
  0
TEXT
  5
23E
330
17
100
AcDbEntity
  8
AVAN-YAZI
100
AcDbText
 10
-4105.4835
 20
1353.4056
 30
0.0
 40
1.639
  1
4
  7
AVAN
 41
0.9699
 11
-4105.4835
 21
1353.4056
 31
0.0
100
AcDbText
  0
TEXT
  5
23F
330
17
100
AcDbEntity
  8
AVAN-YAZI
100
AcDbText
 10
-4191.3707
 20
1353.3786
 30
0.0
 40
1.699
  1
ADI
  7
AVAN
 41
1.0067
 11
-4191.3707
 21
1353.3786
 31
0.0
100
AcDbText
  0
TEXT
  5
240
330
17
100
AcDbEntity
  8
AVAN-YAZI
100
AcDbText
 10
-4100.3329
 20
1353.3786
 30
0.0
 40
1.699
  1
ADI
  7
AVAN
 41
1.0067
 11
-4100.3329
 21
1353.3786
 31
0.0
100
AcDbText
  0
TEXT
  5
241
330
17
100
AcDbEntity
  8
AVAN-YAZI
100
AcDbText
 10
-4196.3169
 20
1349.7673
 30
0.0
 40
1.639
  1
5
  7
AVAN
 41
0.9699
 11
-4196.3169
 21
1349.7673
 31
0.0
100
AcDbText
  0
TEXT
  5
242
330
17
100
AcDbEntity
  8
AVAN-YAZI
100
AcDbText
 10
-4105.4835
 20
1349.7673
 30
0.0
 40
1.639
  1
5
  7
AVAN
 41
0.9699
 11
-4105.4835
 21
1349.7673
 31
0.0
100
AcDbText
  0
TEXT
  5
243
330
17
100
AcDbEntity
  8
AVAN-YAZI
100
AcDbText
 10
-4191.3707
 20
1349.7404
 30
0.0
 40
1.699
  1
ODA SİCİL NO
  7
AVAN
 41
0.8665
 11
-4191.3707
 21
1349.7404
 31
0.0
100
AcDbText
  0
TEXT
  5
244
330
17
100
AcDbEntity
  8
AVAN-YAZI
100
AcDbText
 10
-4100.3329
 20
1349.7404
 30
0.0
 40
1.699
  1
ODA SİCİL NO
  7
AVAN
 41
0.8665
 11
-4100.3329
 21
1349.7404
 31
0.0
100
AcDbText
  0
TEXT
  5
245
330
17
100
AcDbEntity
  8
AVAN-YAZI
100
AcDbText
 10
-4192.7723
 20
1275.1777
 30
0.0
 40
1.877
  1
MİMARİ PROJE AVAN PROJE UYGUNLUĞU GÖRÜLDÜ
  7
AVAN
 41
0.9351
 11
-4192.7723
 21
1275.1777
 31
0.0
100
AcDbText
  0
TEXT
  5
246
330
17
100
AcDbEntity
  8
AVAN-YAZI
100
AcDbText
 10
-4097.6142
 20
1275.1507
 30
0.0
 40
1.937
  1
ASANSÖR MONTAJ FİRMA BİLGİLERİ
  7
AVAN
 41
0.8827
 11
-4097.6142
 21
1275.1507
 31
0.0
100
AcDbText
  0
TEXT
  5
247
330
17
100
AcDbEntity
  8
AVAN-YAZI
100
AcDbText
 10
-4116.6435
 20
1264.8819
 30
0.0
 40
1.639
  1
1
  7
AVAN
 41
0.9699
 11
-4116.6435
 21
1264.8819
 31
0.0
100
AcDbText
  0
TEXT
  5
248
330
17
100
AcDbEntity
  8
AVAN-YAZI
100
AcDbText
 10
-4111.6155
 20
1264.8549
 30
0.0
 40
1.699
  1
ADI SOYADI / UNVANI
  7
AVAN
 41
1.0141
 11
-4111.6155
 21
1264.8549
 31
0.0
100
AcDbText
  0
TEXT
  5
249
330
17
100
AcDbEntity
  8
AVAN-YAZI
100
AcDbText
 10
-4116.6435
 20
1259.4449
 30
0.0
 40
1.639
  1
2
  7
AVAN
 41
0.9699
 11
-4116.6435
 21
1259.4449
 31
0.0
100
AcDbText
  0
TEXT
  5
24A
330
17
100
AcDbEntity
  8
AVAN-YAZI
100
AcDbText
 10
-4111.6155
 20
1259.418
 30
0.0
 40
1.699
  1
VERGİ NO
  7
AVAN
 41
0.8821
 11
-4111.6155
 21
1259.418
 31
0.0
100
AcDbText
  0
TEXT
  5
24B
330
17
100
AcDbEntity
  8
AVAN-YAZI
100
AcDbText
 10
-4116.6435
 20
1255.8271
 30
0.0
 40
1.639
  1
3
  7
AVAN
 41
0.9699
 11
-4116.6435
 21
1255.8271
 31
0.0
100
AcDbText
  0
TEXT
  5
24C
330
17
100
AcDbEntity
  8
AVAN-YAZI
100
AcDbText
 10
-4111.6155
 20
1255.8002
 30
0.0
 40
1.699
  1
VERGİ DAİRESİ
  7
AVAN
 41
0.8181
 11
-4111.6155
 21
1255.8002
 31
0.0
100
AcDbText
  0
TEXT
  5
24D
330
17
100
AcDbEntity
  8
AVAN-YAZI
100
AcDbText
 10
-4116.6435
 20
1250.3698
 30
0.0
 40
1.639
  1
4
  7
AVAN
 41
0.9699
 11
-4116.6435
 21
1250.3698
 31
0.0
100
AcDbText
  0
TEXT
  5
24E
330
17
100
AcDbEntity
  8
AVAN-YAZI
100
AcDbText
 10
-4111.6155
 20
1250.3428
 30
0.0
 40
1.699
  1
ADRESİ
  7
AVAN
 41
0.857
 11
-4111.6155
 21
1250.3428
 31
0.0
100
AcDbText
  0
TEXT
  5
24F
330
17
100
AcDbEntity
  8
AVAN-YAZI
100
AcDbText
 10
-4169.2251
 20
1207.3956
 30
0.0
 40
6.854
  1
ÖRNEK KONUT PROJESİ
  7
AVAN
 41
0.9198
 11
-4169.2251
 21
1207.3956
 31
0.0
100
AcDbText
  0
TEXT
  5
250
330
17
100
AcDbEntity
  8
AVAN-YAZI
100
AcDbText
 10
-4194.7923
 20
1334.027
 30
0.0
 40
1.788
  1
İMZASI
 50
90.0
  7
AVAN
 41
0.879
 11
-4194.7923
 21
1334.027
 31
0.0
100
AcDbText
  0
TEXT
  5
251
330
17
100
AcDbEntity
  8
AVAN-YAZI
100
AcDbText
 10
-4115.1189
 20
1228.3545
 30
0.0
 40
1.788
  1
İMZASI
 50
90.0
  7
AVAN
 41
0.879
 11
-4115.1189
 21
1228.3545
 31
0.0
100
AcDbText
  0
TEXT
  5
252
330
17
100
AcDbEntity
  8
AVAN-YAZI
100
AcDbText
 10
-4103.9589
 20
1334.027
 30
0.0
 40
1.788
  1
İMZASI
 50
90.0
  7
AVAN
 41
0.879
 11
-4103.9589
 21
1334.027
 31
0.0
100
AcDbText
  0
LWPOLYLINE
  5
253
330
17
100
AcDbEntity
  8
AVAN-A4
100
AcDbPolyline
 90
4
 70
1
 10
-4002.5
 20
1310.9
 10
-3792.4999966666664
 20
1310.9
 10
-3792.4999966666664
 20
1607.9000127777779
 10
-4002.5
 20
1607.9000127777779
  0
LINE
  5
254
330
17
100
AcDbEntity
  8
AVAN-CIZGI
100
AcDbLine
 10
-3990.5
 20
1322.9
 30
0.0
 11
-3804.5
 21
1322.9
 31
0.0
  0
LINE
  5
255
330
17
100
AcDbEntity
  8
AVAN-CIZGI
100
AcDbLine
 10
-3804.5
 20
1322.9
 30
0.0
 11
-3804.5
 21
1595.9
 31
0.0
  0
LINE
  5
256
330
17
100
AcDbEntity
  8
AVAN-CIZGI
100
AcDbLine
 10
-3804.5
 20
1595.9
 30
0.0
 11
-3990.5
 21
1595.9
 31
0.0
  0
LINE
  5
257
330
17
100
AcDbEntity
  8
AVAN-CIZGI
100
AcDbLine
 10
-3990.5
 20
1595.9
 30
0.0
 11
-3990.5
 21
1322.9
 31
0.0
  0
LINE
  5
258
330
17
100
AcDbEntity
  8
AVAN-CIZGI
100
AcDbLine
 10
-3990.5
 20
1584.5
 30
0.0
 11
-3804.5
 21
1584.5
 31
0.0
  0
LINE
  5
259
330
17
100
AcDbEntity
  8
AVAN-CIZGI
100
AcDbLine
 10
-3990.5
 20
1329.9
 30
0.0
 11
-3804.5
 21
1329.9
 31
0.0
  0
LINE
  5
25A
330
17
100
AcDbEntity
  8
AVAN-CIZGI
100
AcDbLine
 10
-3987.5
 20
1577.9527
 30
0.0
 11
-3807.5
 21
1577.9527
 31
0.0
  0
LINE
  5
25B
330
17
100
AcDbEntity
  8
AVAN-CIZGI
100
AcDbLine
 10
-3987.5
 20
1571.6563
 30
0.0
 11
-3807.5
 21
1571.6563
 31
0.0
  0
LINE
  5
25C
330
17
100
AcDbEntity
  8
AVAN-CIZGI
100
AcDbLine
 10
-3987.5
 20
1571.6563
 30
0.0
 11
-3987.5
 21
1577.9527
 31
0.0
  0
LINE
  5
25D
330
17
100
AcDbEntity
  8
AVAN-CIZGI
100
AcDbLine
 10
-3807.5
 20
1571.6563
 30
0.0
 11
-3807.5
 21
1577.9527
 31
0.0
  0
LINE
  5
25E
330
17
100
AcDbEntity
  8
AVAN-CIZGI
100
AcDbLine
 10
-3987.5
 20
1577.9527
 30
0.0
 11
-3807.5
 21
1577.9527
 31
0.0
  0
LINE
  5
25F
330
17
100
AcDbEntity
  8
AVAN-CIZGI
100
AcDbLine
 10
-3987.5
 20
1571.6563
 30
0.0
 11
-3807.5
 21
1571.6563
 31
0.0
  0
LINE
  5
260
330
17
100
AcDbEntity
  8
AVAN-CIZGI
100
AcDbLine
 10
-3987.5
 20
1562.8284
 30
0.0
 11
-3807.5
 21
1562.8284
 31
0.0
  0
LINE
  5
261
330
17
100
AcDbEntity
  8
AVAN-CIZGI
100
AcDbLine
 10
-3987.5
 20
1562.8284
 30
0.0
 11
-3987.5
 21
1571.6563
 31
0.0
  0
LINE
  5
262
330
17
100
AcDbEntity
  8
AVAN-CIZGI
100
AcDbLine
 10
-3807.5
 20
1562.8284
 30
0.0
 11
-3807.5
 21
1571.6563
 31
0.0
  0
LINE
  5
263
330
17
100
AcDbEntity
  8
AVAN-CIZGI
100
AcDbLine
 10
-3885.5
 20
1562.8284
 30
0.0
 11
-3885.5
 21
1571.6563
 31
0.0
  0
LINE
  5
264
330
17
100
AcDbEntity
  8
AVAN-CIZGI
100
AcDbLine
 10
-3837.5
 20
1562.8284
 30
0.0
 11
-3837.5
 21
1571.6563
 31
0.0
  0
LINE
  5
265
330
17
100
AcDbEntity
  8
AVAN-CIZGI
100
AcDbLine
 10
-3987.5
 20
1562.8284
 30
0.0
 11
-3807.5
 21
1562.8284
 31
0.0
  0
LINE
  5
266
330
17
100
AcDbEntity
  8
AVAN-CIZGI
100
AcDbLine
 10
-3987.5
 20
1562.8284
 30
0.0
 11
-3807.5
 21
1562.8284
 31
0.0
  0
LINE
  5
267
330
17
100
AcDbEntity
  8
AVAN-CIZGI
100
AcDbLine
 10
-3987.5
 20
1525.3747
 30
0.0
 11
-3807.5
 21
1525.3747
 31
0.0
  0
LINE
  5
268
330
17
100
AcDbEntity
  8
AVAN-CIZGI
100
AcDbLine
 10
-3987.5
 20
1525.3747
 30
0.0
 11
-3987.5
 21
1562.8284
 31
0.0
  0
LINE
  5
269
330
17
100
AcDbEntity
  8
AVAN-CIZGI
100
AcDbLine
 10
-3807.5
 20
1525.3747
 30
0.0
 11
-3807.5
 21
1562.8284
 31
0.0
  0
LINE
  5
26A
330
17
100
AcDbEntity
  8
AVAN-CIZGI
100
AcDbLine
 10
-3885.5
 20
1525.3747
 30
0.0
 11
-3885.5
 21
1562.8284
 31
0.0
  0
LINE
  5
26B
330
17
100
AcDbEntity
  8
AVAN-CIZGI
100
AcDbLine
 10
-3837.5
 20
1525.3747
 30
0.0
 11
-3837.5
 21
1562.8284
 31
0.0
  0
LINE
  5
26C
330
17
100
AcDbEntity
  8
AVAN-CIZGI
100
AcDbLine
 10
-3987.5
 20
1557.6355
 30
0.0
 11
-3807.5
 21
1557.6355
 31
0.0
  0
LINE
  5
26D
330
17
100
AcDbEntity
  8
AVAN-CIZGI
100
AcDbLine
 10
-3987.5
 20
1552.4426
 30
0.0
 11
-3807.5
 21
1552.4426
 31
0.0
  0
LINE
  5
26E
330
17
100
AcDbEntity
  8
AVAN-CIZGI
100
AcDbLine
 10
-3987.5
 20
1547.2497
 30
0.0
 11
-3807.5
 21
1547.2497
 31
0.0
  0
LINE
  5
26F
330
17
100
AcDbEntity
  8
AVAN-CIZGI
100
AcDbLine
 10
-3987.5
 20
1542.0568
 30
0.0
 11
-3807.5
 21
1542.0568
 31
0.0
  0
LINE
  5
270
330
17
100
AcDbEntity
  8
AVAN-CIZGI
100
AcDbLine
 10
-3987.5
 20
1536.8639
 30
0.0
 11
-3807.5
 21
1536.8639
 31
0.0
  0
LINE
  5
271
330
17
100
AcDbEntity
  8
AVAN-CIZGI
100
AcDbLine
 10
-3987.5
 20
1525.3747
 30
0.0
 11
-3807.5
 21
1525.3747
 31
0.0
  0
LINE
  5
272
330
17
100
AcDbEntity
  8
AVAN-CIZGI
100
AcDbLine
 10
-3987.5
 20
1525.3747
 30
0.0
 11
-3807.5
 21
1525.3747
 31
0.0
  0
LINE
  5
273
330
17
100
AcDbEntity
  8
AVAN-CIZGI
100
AcDbLine
 10
-3987.5
 20
1520.1818
 30
0.0
 11
-3807.5
 21
1520.1818
 31
0.0
  0
LINE
  5
274
330
17
100
AcDbEntity
  8
AVAN-CIZGI
100
AcDbLine
 10
-3987.5
 20
1520.1818
 30
0.0
 11
-3987.5
 21
1525.3747
 31
0.0
  0
LINE
  5
275
330
17
100
AcDbEntity
  8
AVAN-CIZGI
100
AcDbLine
 10
-3807.5
 20
1520.1818
 30
0.0
 11
-3807.5
 21
1525.3747
 31
0.0
  0
LINE
  5
276
330
17
100
AcDbEntity
  8
AVAN-CIZGI
100
AcDbLine
 10
-3885.5
 20
1520.1818
 30
0.0
 11
-3885.5
 21
1525.3747
 31
0.0
  0
LINE
  5
277
330
17
100
AcDbEntity
  8
AVAN-CIZGI
100
AcDbLine
 10
-3837.5
 20
1520.1818
 30
0.0
 11
-3837.5
 21
1525.3747
 31
0.0
  0
LINE
  5
278
330
17
100
AcDbEntity
  8
AVAN-CIZGI
100
AcDbLine
 10
-3987.5
 20
1520.1818
 30
0.0
 11
-3807.5
 21
1520.1818
 31
0.0
  0
LINE
  5
279
330
17
100
AcDbEntity
  8
AVAN-CIZGI
100
AcDbLine
 10
-3987.5
 20
1506.7866
 30
0.0
 11
-3807.5
 21
1506.7866
 31
0.0
  0
LINE
  5
27A
330
17
100
AcDbEntity
  8
AVAN-CIZGI
100
AcDbLine
 10
-3987.5
 20
1500.4902
 30
0.0
 11
-3807.5
 21
1500.4902
 31
0.0
  0
LINE
  5
27B
330
17
100
AcDbEntity
  8
AVAN-CIZGI
100
AcDbLine
 10
-3987.5
 20
1500.4902
 30
0.0
 11
-3987.5
 21
1506.7866
 31
0.0
  0
LINE
  5
27C
330
17
100
AcDbEntity
  8
AVAN-CIZGI
100
AcDbLine
 10
-3807.5
 20
1500.4902
 30
0.0
 11
-3807.5
 21
1506.7866
 31
0.0
  0
LINE
  5
27D
330
17
100
AcDbEntity
  8
AVAN-CIZGI
100
AcDbLine
 10
-3987.5
 20
1506.7866
 30
0.0
 11
-3807.5
 21
1506.7866
 31
0.0
  0
LINE
  5
27E
330
17
100
AcDbEntity
  8
AVAN-CIZGI
100
AcDbLine
 10
-3987.5
 20
1500.4902
 30
0.0
 11
-3807.5
 21
1500.4902
 31
0.0
  0
LINE
  5
27F
330
17
100
AcDbEntity
  8
AVAN-CIZGI
100
AcDbLine
 10
-3987.5
 20
1495.2973
 30
0.0
 11
-3807.5
 21
1495.2973
 31
0.0
  0
LINE
  5
280
330
17
100
AcDbEntity
  8
AVAN-CIZGI
100
AcDbLine
 10
-3987.5
 20
1495.2973
 30
0.0
 11
-3987.5
 21
1500.4902
 31
0.0
  0
LINE
  5
281
330
17
100
AcDbEntity
  8
AVAN-CIZGI
100
AcDbLine
 10
-3807.5
 20
1495.2973
 30
0.0
 11
-3807.5
 21
1500.4902
 31
0.0
  0
LINE
  5
282
330
17
100
AcDbEntity
  8
AVAN-CIZGI
100
AcDbLine
 10
-3885.5
 20
1495.2973
 30
0.0
 11
-3885.5
 21
1500.4902
 31
0.0
  0
LINE
  5
283
330
17
100
AcDbEntity
  8
AVAN-CIZGI
100
AcDbLine
 10
-3837.5
 20
1495.2973
 30
0.0
 11
-3837.5
 21
1500.4902
 31
0.0
  0
LINE
  5
284
330
17
100
AcDbEntity
  8
AVAN-CIZGI
100
AcDbLine
 10
-3987.5
 20
1495.2973
 30
0.0
 11
-3807.5
 21
1495.2973
 31
0.0
  0
LINE
  5
285
330
17
100
AcDbEntity
  8
AVAN-CIZGI
100
AcDbLine
 10
-3987.5
 20
1495.2973
 30
0.0
 11
-3807.5
 21
1495.2973
 31
0.0
  0
LINE
  5
286
330
17
100
AcDbEntity
  8
AVAN-CIZGI
100
AcDbLine
 10
-3987.5
 20
1474.5258
 30
0.0
 11
-3807.5
 21
1474.5258
 31
0.0
  0
LINE
  5
287
330
17
100
AcDbEntity
  8
AVAN-CIZGI
100
AcDbLine
 10
-3987.5
 20
1474.5258
 30
0.0
 11
-3987.5
 21
1495.2973
 31
0.0
  0
LINE
  5
288
330
17
100
AcDbEntity
  8
AVAN-CIZGI
100
AcDbLine
 10
-3807.5
 20
1474.5258
 30
0.0
 11
-3807.5
 21
1495.2973
 31
0.0
  0
LINE
  5
289
330
17
100
AcDbEntity
  8
AVAN-CIZGI
100
AcDbLine
 10
-3885.5
 20
1474.5258
 30
0.0
 11
-3885.5
 21
1495.2973
 31
0.0
  0
LINE
  5
28A
330
17
100
AcDbEntity
  8
AVAN-CIZGI
100
AcDbLine
 10
-3837.5
 20
1474.5258
 30
0.0
 11
-3837.5
 21
1495.2973
 31
0.0
  0
LINE
  5
28B
330
17
100
AcDbEntity
  8
AVAN-CIZGI
100
AcDbLine
 10
-3987.5
 20
1490.1044
 30
0.0
 11
-3807.5
 21
1490.1044
 31
0.0
  0
LINE
  5
28C
330
17
100
AcDbEntity
  8
AVAN-CIZGI
100
AcDbLine
 10
-3987.5
 20
1484.9115
 30
0.0
 11
-3807.5
 21
1484.9115
 31
0.0
  0
LINE
  5
28D
330
17
100
AcDbEntity
  8
AVAN-CIZGI
100
AcDbLine
 10
-3987.5
 20
1479.7186
 30
0.0
 11
-3807.5
 21
1479.7186
 31
0.0
  0
LINE
  5
28E
330
17
100
AcDbEntity
  8
AVAN-CIZGI
100
AcDbLine
 10
-3987.5
 20
1474.5258
 30
0.0
 11
-3807.5
 21
1474.5258
 31
0.0
  0
LINE
  5
28F
330
17
100
AcDbEntity
  8
AVAN-CIZGI
100
AcDbLine
 10
-3987.5
 20
1474.5258
 30
0.0
 11
-3807.5
 21
1474.5258
 31
0.0
  0
LINE
  5
290
330
17
100
AcDbEntity
  8
AVAN-CIZGI
100
AcDbLine
 10
-3987.5
 20
1469.3329
 30
0.0
 11
-3807.5
 21
1469.3329
 31
0.0
  0
LINE
  5
291
330
17
100
AcDbEntity
  8
AVAN-CIZGI
100
AcDbLine
 10
-3987.5
 20
1469.3329
 30
0.0
 11
-3987.5
 21
1474.5258
 31
0.0
  0
LINE
  5
292
330
17
100
AcDbEntity
  8
AVAN-CIZGI
100
AcDbLine
 10
-3807.5
 20
1469.3329
 30
0.0
 11
-3807.5
 21
1474.5258
 31
0.0
  0
LINE
  5
293
330
17
100
AcDbEntity
  8
AVAN-CIZGI
100
AcDbLine
 10
-3885.5
 20
1469.3329
 30
0.0
 11
-3885.5
 21
1474.5258
 31
0.0
  0
LINE
  5
294
330
17
100
AcDbEntity
  8
AVAN-CIZGI
100
AcDbLine
 10
-3837.5
 20
1469.3329
 30
0.0
 11
-3837.5
 21
1474.5258
 31
0.0
  0
LINE
  5
295
330
17
100
AcDbEntity
  8
AVAN-CIZGI
100
AcDbLine
 10
-3987.5
 20
1469.3329
 30
0.0
 11
-3807.5
 21
1469.3329
 31
0.0
  0
LINE
  5
296
330
17
100
AcDbEntity
  8
AVAN-CIZGI
100
AcDbLine
 10
-3987.5
 20
1461.8931
 30
0.0
 11
-3807.5
 21
1461.8931
 31
0.0
  0
LINE
  5
297
330
17
100
AcDbEntity
  8
AVAN-CIZGI
100
AcDbLine
 10
-3987.5
 20
1455.5968
 30
0.0
 11
-3807.5
 21
1455.5968
 31
0.0
  0
LINE
  5
298
330
17
100
AcDbEntity
  8
AVAN-CIZGI
100
AcDbLine
 10
-3987.5
 20
1455.5968
 30
0.0
 11
-3987.5
 21
1461.8931
 31
0.0
  0
LINE
  5
299
330
17
100
AcDbEntity
  8
AVAN-CIZGI
100
AcDbLine
 10
-3807.5
 20
1455.5968
 30
0.0
 11
-3807.5
 21
1461.8931
 31
0.0
  0
LINE
  5
29A
330
17
100
AcDbEntity
  8
AVAN-CIZGI
100
AcDbLine
 10
-3987.5
 20
1461.8931
 30
0.0
 11
-3807.5
 21
1461.8931
 31
0.0
  0
LINE
  5
29B
330
17
100
AcDbEntity
  8
AVAN-CIZGI
100
AcDbLine
 10
-3987.5
 20
1454.4928
 30
0.0
 11
-3807.5
 21
1454.4928
 31
0.0
  0
LINE
  5
29C
330
17
100
AcDbEntity
  8
AVAN-CIZGI
100
AcDbLine
 10
-3987.5
 20
1369.3294
 30
0.0
 11
-3807.5
 21
1369.3294
 31
0.0
  0
LINE
  5
29D
330
17
100
AcDbEntity
  8
AVAN-CIZGI
100
AcDbLine
 10
-3987.5
 20
1369.3294
 30
0.0
 11
-3987.5
 21
1454.4928
 31
0.0
  0
LINE
  5
29E
330
17
100
AcDbEntity
  8
AVAN-CIZGI
100
AcDbLine
 10
-3807.5
 20
1369.3294
 30
0.0
 11
-3807.5
 21
1454.4928
 31
0.0
  0
LINE
  5
29F
330
17
100
AcDbEntity
  8
AVAN-CIZGI
100
AcDbLine
 10
-3987.5
 20
1449.17
 30
0.0
 11
-3807.5
 21
1449.17
 31
0.0
  0
LINE
  5
2A0
330
17
100
AcDbEntity
  8
AVAN-CIZGI
100
AcDbLine
 10
-3987.5
 20
1443.8473
 30
0.0
 11
-3807.5
 21
1443.8473
 31
0.0
  0
LINE
  5
2A1
330
17
100
AcDbEntity
  8
AVAN-CIZGI
100
AcDbLine
 10
-3987.5
 20
1438.5246
 30
0.0
 11
-3807.5
 21
1438.5246
 31
0.0
  0
LINE
  5
2A2
330
17
100
AcDbEntity
  8
AVAN-CIZGI
100
AcDbLine
 10
-3987.5
 20
1433.2019
 30
0.0
 11
-3807.5
 21
1433.2019
 31
0.0
  0
LINE
  5
2A3
330
17
100
AcDbEntity
  8
AVAN-CIZGI
100
AcDbLine
 10
-3987.5
 20
1427.8792
 30
0.0
 11
-3807.5
 21
1427.8792
 31
0.0
  0
LINE
  5
2A4
330
17
100
AcDbEntity
  8
AVAN-CIZGI
100
AcDbLine
 10
-3987.5
 20
1422.5565
 30
0.0
 11
-3807.5
 21
1422.5565
 31
0.0
  0
LINE
  5
2A5
330
17
100
AcDbEntity
  8
AVAN-CIZGI
100
AcDbLine
 10
-3987.5
 20
1417.2338
 30
0.0
 11
-3807.5
 21
1417.2338
 31
0.0
  0
LINE
  5
2A6
330
17
100
AcDbEntity
  8
AVAN-CIZGI
100
AcDbLine
 10
-3987.5
 20
1411.9111
 30
0.0
 11
-3807.5
 21
1411.9111
 31
0.0
  0
LINE
  5
2A7
330
17
100
AcDbEntity
  8
AVAN-CIZGI
100
AcDbLine
 10
-3987.5
 20
1406.5884
 30
0.0
 11
-3807.5
 21
1406.5884
 31
0.0
  0
LINE
  5
2A8
330
17
100
AcDbEntity
  8
AVAN-CIZGI
100
AcDbLine
 10
-3987.5
 20
1401.2656
 30
0.0
 11
-3807.5
 21
1401.2656
 31
0.0
  0
LINE
  5
2A9
330
17
100
AcDbEntity
  8
AVAN-CIZGI
100
AcDbLine
 10
-3987.5
 20
1395.9429
 30
0.0
 11
-3807.5
 21
1395.9429
 31
0.0
  0
LINE
  5
2AA
330
17
100
AcDbEntity
  8
AVAN-CIZGI
100
AcDbLine
 10
-3987.5
 20
1390.6202
 30
0.0
 11
-3807.5
 21
1390.6202
 31
0.0
  0
LINE
  5
2AB
330
17
100
AcDbEntity
  8
AVAN-CIZGI
100
AcDbLine
 10
-3987.5
 20
1385.2975
 30
0.0
 11
-3807.5
 21
1385.2975
 31
0.0
  0
LINE
  5
2AC
330
17
100
AcDbEntity
  8
AVAN-CIZGI
100
AcDbLine
 10
-3987.5
 20
1379.9748
 30
0.0
 11
-3807.5
 21
1379.9748
 31
0.0
  0
LINE
  5
2AD
330
17
100
AcDbEntity
  8
AVAN-CIZGI
100
AcDbLine
 10
-3987.5
 20
1374.6521
 30
0.0
 11
-3807.5
 21
1374.6521
 31
0.0
  0
LINE
  5
2AE
330
17
100
AcDbEntity
  8
AVAN-CIZGI
100
AcDbLine
 10
-3915.5
 20
1369.3294
 30
0.0
 11
-3915.5
 21
1454.4928
 31
0.0
  0
LINE
  5
2AF
330
17
100
AcDbEntity
  8
AVAN-CIZGI
100
AcDbLine
 10
-3861.5
 20
1369.3294
 30
0.0
 11
-3861.5
 21
1454.4928
 31
0.0
  0
LINE
  5
2B0
330
17
100
AcDbEntity
  8
AVAN-CIZGI
100
AcDbLine
 10
-3987.5
 20
1358.996
 30
0.0
 11
-3807.5
 21
1358.996
 31
0.0
  0
LINE
  5
2B1
330
17
100
AcDbEntity
  8
AVAN-CIZGI
100
AcDbLine
 10
-3987.5
 20
1365.6494
 30
0.0
 11
-3807.5
 21
1365.6494
 31
0.0
  0
LINE
  5
2B2
330
17
100
AcDbEntity
  8
AVAN-CIZGI
100
AcDbLine
 10
-3987.5
 20
1335.9525
 30
0.0
 11
-3807.5
 21
1335.9525
 31
0.0
  0
LINE
  5
2B3
330
17
100
AcDbEntity
  8
AVAN-CIZGI
100
AcDbLine
 10
-3987.5
 20
1335.9525
 30
0.0
 11
-3987.5
 21
1365.6494
 31
0.0
  0
LINE
  5
2B4
330
17
100
AcDbEntity
  8
AVAN-CIZGI
100
AcDbLine
 10
-3807.5
 20
1335.9525
 30
0.0
 11
-3807.5
 21
1365.6494
 31
0.0
  0
LINE
  5
2B5
330
17
100
AcDbEntity
  8
AVAN-CIZGI
100
AcDbLine
 10
-3987.5
 20
1343.7419
 30
0.0
 11
-3807.5
 21
1343.7419
 31
0.0
  0
TEXT
  5
2B6
330
17
100
AcDbEntity
  8
AVAN-YAZI
100
AcDbText
 10
-3936.6635
 20
1587.7
 30
0.0
 40
3.086
  1
ÇOKLU ASANSÖR TRAFİK HESABI
  7
AVAN-KALIN
 41
1.0495
 11
-3936.6635
 21
1587.7
 31
0.0
100
AcDbText
  0
TEXT
  5
2B7
330
17
100
AcDbEntity
  8
AVAN-YAZI
100
AcDbText
 10
-3829.6598
 20
1573.8795
 30
0.0
 40
1.751
  1
MMO/697 Tablo-1
  7
AVAN
 41
1.0819
 11
-3829.6598
 21
1573.8795
 31
0.0
100
AcDbText
  0
TEXT
  5
2B8
330
17
100
AcDbEntity
  8
AVAN-YAZI
100
AcDbText
 10
-3986.5263
 20
1573.7659
 30
0.0
 40
2.248
  1
ORTAK BİNA BİLGİLERİ
  7
AVAN-KALIN
 41
0.9324
 11
-3986.5263
 21
1573.7659
 31
0.0
100
AcDbText
  0
TEXT
  5
2B9
330
17
100
AcDbEntity
  8
AVAN-YAZI
100
AcDbText
 10
-3867.8537
 20
1568.0862
 30
0.0
 40
2.035
  1
Konut /
  7
AVAN-KALIN
 41
1.1718
 11
-3867.8537
 21
1568.0862
 31
0.0
100
AcDbText
  0
TEXT
  5
2BA
330
17
100
AcDbEntity
  8
AVAN-YAZI
100
AcDbText
 10
-3836.5263
 20
1566.4634
 30
0.0
 40
1.633
  1
MMO Tablo-9/10
  7
AVAN
 41
1.0788
 11
-3836.5263
 21
1566.4634
 31
0.0
100
AcDbText
  0
TEXT
  5
2BB
330
17
100
AcDbEntity
  8
AVAN-YAZI
100
AcDbText
 10
-3973.5263
 20
1566.3985
 30
0.0
 40
1.94
  1
Bina tipi / hesap standardı
  7
AVAN
 41
1.0742
 11
-3973.5263
 21
1566.3985
 31
0.0
100
AcDbText
  0
TEXT
  5
2BC
330
17
100
AcDbEntity
  8
AVAN-YAZI
100
AcDbText
 10
-3889.5263
 20
1566.3985
 30
0.0
 40
1.94
  1
=
  7
AVAN
 41
1.5317
 11
-3889.5263
 21
1566.3985
 31
0.0
100
AcDbText
  0
TEXT
  5
2BD
330
17
100
AcDbEntity
  8
AVAN-YAZI
100
AcDbText
 10
-3875.6235
 20
1564.4511
 30
0.0
 40
2.035
  1
Yükseltilmiş
  7
AVAN-KALIN
 41
1.1239
 11
-3875.6235
 21
1564.4511
 31
0.0
100
AcDbText
  0
TEXT
  5
2BE
330
17
100
AcDbEntity
  8
AVAN-YAZI
100
AcDbText
 10
-3836.5263
 20
1559.453
 30
0.0
 40
1.633
  1
Projeden
  7
AVAN
 41
1.0941
 11
-3836.5263
 21
1559.453
 31
0.0
100
AcDbText
  0
TEXT
  5
2BF
330
17
100
AcDbEntity
  8
AVAN-YAZI
100
AcDbText
 10
-3986.5263
 20
1559.3881
 30
0.0
 40
1.94
  1
N
  7
AVAN
 41
1.1061
 11
-3986.5263
 21
1559.3881
 31
0.0
100
AcDbText
  0
TEXT
  5
2C0
330
17
100
AcDbEntity
  8
AVAN-YAZI
100
AcDbText
 10
-3973.5263
 20
1559.3881
 30
0.0
 40
1.94
  1
Kat sayısı (ana giriş üstü) — grup maksimumu
  7
AVAN
 41
1.0476
 11
-3973.5263
 21
1559.3881
 31
0.0
100
AcDbText
  0
TEXT
  5
2C1
330
17
100
AcDbEntity
  8
AVAN-YAZI
100
AcDbText
 10
-3889.5263
 20
1559.3881
 30
0.0
 40
1.94
  1
=
  7
AVAN
 41
1.5317
 11
-3889.5263
 21
1559.3881
 31
0.0
100
AcDbText
  0
TEXT
  5
2C2
330
17
100
AcDbEntity
  8
AVAN-YAZI
100
AcDbText
 10
-3854.5263
 20
1559.3881
 30
0.0
 40
1.94
  1
kat
  7
AVAN
 41
1.1913
 11
-3854.5263
 21
1559.3881
 31
0.0
100
AcDbText
  0
TEXT
  5
2C3
330
17
100
AcDbEntity
  8
AVAN-YAZI
100
AcDbText
 10
-3860.3579
 20
1559.2583
 30
0.0
 40
2.035
  1
11
  7
AVAN-KALIN
 41
1.2826
 11
-3860.3579
 21
1559.2583
 31
0.0
100
AcDbText
  0
TEXT
  5
2C4
330
17
100
AcDbEntity
  8
AVAN-YAZI
100
AcDbText
 10
-3836.5263
 20
1554.2601
 30
0.0
 40
1.633
  1
Projeden
  7
AVAN
 41
1.0941
 11
-3836.5263
 21
1554.2601
 31
0.0
100
AcDbText
  0
TEXT
  5
2C5
330
17
100
AcDbEntity
  8
AVAN-YAZI
100
AcDbText
 10
-3986.5263
 20
1554.1952
 30
0.0
 40
1.94
  1
Nb
  7
AVAN
 41
1.1051
 11
-3986.5263
 21
1554.1952
 31
0.0
100
AcDbText
  0
TEXT
  5
2C6
330
17
100
AcDbEntity
  8
AVAN-YAZI
100
AcDbText
 10
-3973.5263
 20
1554.1952
 30
0.0
 40
1.94
  1
Bodrum durak adedi (ana giriş altı) — ortak
  7
AVAN
 41
1.0782
 11
-3973.5263
 21
1554.1952
 31
0.0
100
AcDbText
  0
TEXT
  5
2C7
330
17
100
AcDbEntity
  8
AVAN-YAZI
100
AcDbText
 10
-3889.5263
 20
1554.1952
 30
0.0
 40
1.94
  1
=
  7
AVAN
 41
1.5317
 11
-3889.5263
 21
1554.1952
 31
0.0
100
AcDbText
  0
TEXT
  5
2C8
330
17
100
AcDbEntity
  8
AVAN-YAZI
100
AcDbText
 10
-3854.5263
 20
1554.1952
 30
0.0
 40
1.94
  1
durak
  7
AVAN
 41
1.1475
 11
-3854.5263
 21
1554.1952
 31
0.0
100
AcDbText
  0
TEXT
  5
2C9
330
17
100
AcDbEntity
  8
AVAN-YAZI
100
AcDbText
 10
-3858.4158
 20
1554.0654
 30
0.0
 40
2.035
  1
0
  7
AVAN-KALIN
 41
1.336
 11
-3858.4158
 21
1554.0654
 31
0.0
100
AcDbText
  0
TEXT
  5
2CA
330
17
100
AcDbEntity
  8
AVAN-YAZI
100
AcDbText
 10
-3836.5263
 20
1549.0672
 30
0.0
 40
1.633
  1
BYKHY md.4
  7
AVAN
 41
1.0423
 11
-3836.5263
 21
1549.0672
 31
0.0
100
AcDbText
  0
TEXT
  5
2CB
330
17
100
AcDbEntity
  8
AVAN-YAZI
100
AcDbText
 10
-3973.5263
 20
1549.0023
 30
0.0
 40
1.94
  1
Bina / yapı yüksekliği
  7
AVAN
 41
1.0415
 11
-3973.5263
 21
1549.0023
 31
0.0
100
AcDbText
  0
TEXT
  5
2CC
330
17
100
AcDbEntity
  8
AVAN-YAZI
100
AcDbText
 10
-3889.5263
 20
1549.0023
 30
0.0
 40
1.94
  1
=
  7
AVAN
 41
1.5317
 11
-3889.5263
 21
1549.0023
 31
0.0
100
AcDbText
  0
TEXT
  5
2CD
330
17
100
AcDbEntity
  8
AVAN-YAZI
100
AcDbText
 10
-3854.5263
 20
1549.0023
 30
0.0
 40
1.94
  1
m
  7
AVAN
 41
1.2484
 11
-3854.5263
 21
1549.0023
 31
0.0
100
AcDbText
  0
TEXT
  5
2CE
330
17
100
AcDbEntity
  8
AVAN-YAZI
100
AcDbText
 10
-3877.094
 20
1548.8725
 30
0.0
 40
2.035
  1
39,98 / 43,00
  7
AVAN-KALIN
 41
1.2531
 11
-3877.094
 21
1548.8725
 31
0.0
100
AcDbText
  0
TEXT
  5
2CF
330
17
100
AcDbEntity
  8
AVAN-YAZI
100
AcDbText
 10
-3836.5263
 20
1543.8743
 30
0.0
 40
1.633
  1
Tablo-1
  7
AVAN
 41
1.1011
 11
-3836.5263
 21
1543.8743
 31
0.0
100
AcDbText
  0
TEXT
  5
2D0
330
17
100
AcDbEntity
  8
AVAN-YAZI
100
AcDbText
 10
-3986.5263
 20
1543.8094
 30
0.0
 40
1.94
  1
b
  7
AVAN
 41
1.2188
 11
-3986.5263
 21
1543.8094
 31
0.0
100
AcDbText
  0
TEXT
  5
2D1
330
17
100
AcDbEntity
  8
AVAN-YAZI
100
AcDbText
 10
-3973.5263
 20
1543.8094
 30
0.0
 40
1.94
  1
Binada sürekli bulunan kişi (Σc)
  7
AVAN
 41
1.0949
 11
-3973.5263
 21
1543.8094
 31
0.0
100
AcDbText
  0
TEXT
  5
2D2
330
17
100
AcDbEntity
  8
AVAN-YAZI
100
AcDbText
 10
-3889.5263
 20
1543.8094
 30
0.0
 40
1.94
  1
=
  7
AVAN
 41
1.5317
 11
-3889.5263
 21
1543.8094
 31
0.0
100
AcDbText
  0
TEXT
  5
2D3
330
17
100
AcDbEntity
  8
AVAN-YAZI
100
AcDbText
 10
-3854.5263
 20
1543.8094
 30
0.0
 40
1.94
  1
kişi
  7
AVAN
 41
0.9677
 11
-3854.5263
 21
1543.8094
 31
0.0
100
AcDbText
  0
TEXT
  5
2D4
330
17
100
AcDbEntity
  8
AVAN-YAZI
100
AcDbText
 10
-3862.3
 20
1543.6796
 30
0.0
 40
2.035
  1
220
  7
AVAN-KALIN
 41
1.2648
 11
-3862.3
 21
1543.6796
 31
0.0
100
AcDbText
  0
TEXT
  5
2D5
330
17
100
AcDbEntity
  8
AVAN-YAZI
100
AcDbText
 10
-3836.5263
 20
1538.6814
 30
0.0
 40
1.633
  1
MMO/697
  7
AVAN
 41
1.0769
 11
-3836.5263
 21
1538.6814
 31
0.0
100
AcDbText
  0
TEXT
  5
2D6
330
17
100
AcDbEntity
  8
AVAN-YAZI
100
AcDbText
 10
-3986.5263
 20
1538.6165
 30
0.0
 40
1.94
  1
n
  7
AVAN
 41
1.2169
 11
-3986.5263
 21
1538.6165
 31
0.0
100
AcDbText
  0
TEXT
  5
2D7
330
17
100
AcDbEntity
  8
AVAN-YAZI
100
AcDbText
 10
-3973.5263
 20
1538.6165
 30
0.0
 40
1.94
  1
Nüfus artış oranı
  7
AVAN
 41
0.947
 11
-3973.5263
 21
1538.6165
 31
0.0
100
AcDbText
  0
TEXT
  5
2D8
330
17
100
AcDbEntity
  8
AVAN-YAZI
100
AcDbText
 10
-3889.5263
 20
1538.6165
 30
0.0
 40
1.94
  1
=
  7
AVAN
 41
1.5317
 11
-3889.5263
 21
1538.6165
 31
0.0
100
AcDbText
  0
TEXT
  5
2D9
330
17
100
AcDbEntity
  8
AVAN-YAZI
100
AcDbText
 10
-3854.5263
 20
1538.6165
 30
0.0
 40
1.94
  1
—
  7
AVAN
 41
1.0676
 11
-3854.5263
 21
1538.6165
 31
0.0
100
AcDbText
  0
TEXT
  5
2DA
330
17
100
AcDbEntity
  8
AVAN-YAZI
100
AcDbText
 10
-3863.3603
 20
1538.4867
 30
0.0
 40
2.035
  1
0,25
  7
AVAN-KALIN
 41
1.2758
 11
-3863.3603
 21
1538.4867
 31
0.0
100
AcDbText
  0
TEXT
  5
2DB
330
17
100
AcDbEntity
  8
AVAN-YAZI
100
AcDbText
 10
-3986.5263
 20
1532.4337
 30
0.0
 40
1.987
  1
B = b + ( n · b )
  7
AVAN-KALIN
 41
1.2401
 11
-3986.5263
 21
1532.4337
 31
0.0
100
AcDbText
  0
TEXT
  5
2DC
330
17
100
AcDbEntity
  8
AVAN-YAZI
100
AcDbText
 10
-3836.5263
 20
1527.8413
 30
0.0
 40
1.633
  1
MMO/697
  7
AVAN
 41
1.0769
 11
-3836.5263
 21
1527.8413
 31
0.0
100
AcDbText
  0
TEXT
  5
2DD
330
17
100
AcDbEntity
  8
AVAN-YAZI
100
AcDbText
 10
-3973.5263
 20
1527.825
 30
0.0
 40
1.94
  1
= 220 + ( 0,25 · 220 )
  7
AVAN
 41
1.1648
 11
-3973.5263
 21
1527.825
 31
0.0
100
AcDbText
  0
TEXT
  5
2DE
330
17
100
AcDbEntity
  8
AVAN-YAZI
100
AcDbText
 10
-3854.5263
 20
1527.7764
 30
0.0
 40
1.94
  1
kişi
  7
AVAN
 41
0.9677
 11
-3854.5263
 21
1527.7764
 31
0.0
100
AcDbText
  0
TEXT
  5
2DF
330
17
100
AcDbEntity
  8
AVAN-YAZI
100
AcDbText
 10
-3862.3
 20
1527.6465
 30
0.0
 40
2.035
  1
275
  7
AVAN-KALIN
 41
1.2648
 11
-3862.3
 21
1527.6465
 31
0.0
100
AcDbText
  0
TEXT
  5
2E0
330
17
100
AcDbEntity
  8
AVAN-YAZI
100
AcDbText
 10
-3836.5263
 20
1521.9993
 30
0.0
 40
1.633
  1
Tablo-9
  7
AVAN
 41
1.1011
 11
-3836.5263
 21
1521.9993
 31
0.0
100
AcDbText
  0
TEXT
  5
2E1
330
17
100
AcDbEntity
  8
AVAN-YAZI
100
AcDbText
 10
-3986.5263
 20
1521.9344
 30
0.0
 40
1.94
  1
k
  7
AVAN
 41
1.2365
 11
-3986.5263
 21
1521.9344
 31
0.0
100
AcDbText
  0
TEXT
  5
2E2
330
17
100
AcDbEntity
  8
AVAN-YAZI
100
AcDbText
 10
-3973.5263
 20
1521.9344
 30
0.0
 40
1.94
  1
Taşınacak insan yüzdesi
  7
AVAN
 41
1.0205
 11
-3973.5263
 21
1521.9344
 31
0.0
100
AcDbText
  0
TEXT
  5
2E3
330
17
100
AcDbEntity
  8
AVAN-YAZI
100
AcDbText
 10
-3889.5263
 20
1521.9344
 30
0.0
 40
1.94
  1
=
  7
AVAN
 41
1.5317
 11
-3889.5263
 21
1521.9344
 31
0.0
100
AcDbText
  0
TEXT
  5
2E4
330
17
100
AcDbEntity
  8
AVAN-YAZI
100
AcDbText
 10
-3854.5263
 20
1521.9344
 30
0.0
 40
1.94
  1
—
  7
AVAN
 41
1.0676
 11
-3854.5263
 21
1521.9344
 31
0.0
100
AcDbText
  0
TEXT
  5
2E5
330
17
100
AcDbEntity
  8
AVAN-YAZI
100
AcDbText
 10
-3867.2445
 20
1521.8045
 30
0.0
 40
2.035
  1
0,1000
  7
AVAN-KALIN
 41
1.2588
 11
-3867.2445
 21
1521.8045
 31
0.0
100
AcDbText
  0
TEXT
  5
2E6
330
17
100
AcDbEntity
  8
AVAN-YAZI
100
AcDbText
 10
-3985.5527
 20
1516.741
 30
0.0
 40
1.704
  1
▪ Daireler 3+1 olup bir dairede sayılan oda adedi 4 olarak alınmıştır (1 ilk yatak odası + 3 diğer oda). Bir dairedeki kişi sayısı = 2 + (3 × 1) = 5 kişi.
  7
AVAN
 41
1.0587
 11
-3985.5527
 21
1516.741
 31
0.0
100
AcDbText
  0
TEXT
  5
2E7
330
17
100
AcDbEntity
  8
AVAN-YAZI
100
AcDbText
 10
-3985.5527
 20
1513.6253
 30
0.0
 40
1.704
  1
▪ Daire adedi 44 → b = 44 × 5 = 220 kişi
  7
AVAN
 41
1.1067
 11
-3985.5527
 21
1513.6253
 31
0.0
100
AcDbText
  0
TEXT
  5
2E8
330
17
100
AcDbEntity
  8
AVAN-YAZI
100
AcDbText
 10
-3985.5527
 20
1510.5095
 30
0.0
 40
1.704
  1
▪ Tablo-1: Her dairenin ilk yatak odası için 2 kişi, diğer odaların her biri için 1 kişi alınır; mutfak ve ıslak hacimler hesaba katılmaz.
  7
AVAN
 41
1.0512
 11
-3985.5527
 21
1510.5095
 31
0.0
100
AcDbText
  0
TEXT
  5
2E9
330
17
100
AcDbEntity
  8
AVAN-YAZI
100
AcDbText
 10
-3861.3101
 20
1502.7134
 30
0.0
 40
1.751
  1
MMO/697 s.12 — farklı kapasiteli asansörler
  7
AVAN
 41
1.0737
 11
-3861.3101
 21
1502.7134
 31
0.0
100
AcDbText
  0
TEXT
  5
2EA
330
17
100
AcDbEntity
  8
AVAN-YAZI
100
AcDbText
 10
-3986.5263
 20
1502.5998
 30
0.0
 40
2.248
  1
GRUP KONTROLÜ
  7
AVAN-KALIN
 41
1.0861
 11
-3986.5263
 21
1502.5998
 31
0.0
100
AcDbText
  0
TEXT
  5
2EB
330
17
100
AcDbEntity
  8
AVAN-YAZI
100
AcDbText
 10
-3836.5263
 20
1497.1148
 30
0.0
 40
1.633
  1
MMO/697 s.12
  7
AVAN
 41
1.0847
 11
-3836.5263
 21
1497.1148
 31
0.0
100
AcDbText
  0
TEXT
  5
2EC
330
17
100
AcDbEntity
  8
AVAN-YAZI
100
AcDbText
 10
-3986.5263
 20
1497.0499
 30
0.0
 40
1.94
  1
Reş
  7
AVAN
 41
0.9038
 11
-3986.5263
 21
1497.0499
 31
0.0
100
AcDbText
  0
TEXT
  5
2ED
330
17
100
AcDbEntity
  8
AVAN-YAZI
100
AcDbText
 10
-3973.5263
 20
1497.0499
 30
0.0
 40
1.94
  1
Grubun 5 dk taşıma kapasitesi = ΣR
  7
AVAN
 41
1.0666
 11
-3973.5263
 21
1497.0499
 31
0.0
100
AcDbText
  0
TEXT
  5
2EE
330
17
100
AcDbEntity
  8
AVAN-YAZI
100
AcDbText
 10
-3889.5263
 20
1497.0499
 30
0.0
 40
1.94
  1
=
  7
AVAN
 41
1.5317
 11
-3889.5263
 21
1497.0499
 31
0.0
100
AcDbText
  0
TEXT
  5
2EF
330
17
100
AcDbEntity
  8
AVAN-YAZI
100
AcDbText
 10
-3854.5263
 20
1497.0499
 30
0.0
 40
1.94
  1
kişi/5dk
  7
AVAN
 41
1.0636
 11
-3854.5263
 21
1497.0499
 31
0.0
100
AcDbText
  0
TEXT
  5
2F0
330
17
100
AcDbEntity
  8
AVAN-YAZI
100
AcDbText
 10
-3863.3603
 20
1496.9201
 30
0.0
 40
2.035
  1
39,7
  7
AVAN-KALIN
 41
1.2758
 11
-3863.3603
 21
1496.9201
 31
0.0
100
AcDbText
  0
TEXT
  5
2F1
330
17
100
AcDbEntity
  8
AVAN-YAZI
100
AcDbText
 10
-3836.5263
 20
1491.9219
 30
0.0
 40
1.633
  1
MMO/697
  7
AVAN
 41
1.0769
 11
-3836.5263
 21
1491.9219
 31
0.0
100
AcDbText
  0
TEXT
  5
2F2
330
17
100
AcDbEntity
  8
AVAN-YAZI
100
AcDbText
 10
-3986.5263
 20
1491.857
 30
0.0
 40
1.94
  1
B·k
  7
AVAN
 41
1.1102
 11
-3986.5263
 21
1491.857
 31
0.0
100
AcDbText
  0
TEXT
  5
2F3
330
17
100
AcDbEntity
  8
AVAN-YAZI
100
AcDbText
 10
-3973.5263
 20
1491.857
 30
0.0
 40
1.94
  1
Gerekli taşıma kapasitesi
  7
AVAN
 41
1.0425
 11
-3973.5263
 21
1491.857
 31
0.0
100
AcDbText
  0
TEXT
  5
2F4
330
17
100
AcDbEntity
  8
AVAN-YAZI
100
AcDbText
 10
-3889.5263
 20
1491.857
 30
0.0
 40
1.94
  1
=
  7
AVAN
 41
1.5317
 11
-3889.5263
 21
1491.857
 31
0.0
100
AcDbText
  0
TEXT
  5
2F5
330
17
100
AcDbEntity
  8
AVAN-YAZI
100
AcDbText
 10
-3854.5263
 20
1491.857
 30
0.0
 40
1.94
  1
kişi/5dk
  7
AVAN
 41
1.0636
 11
-3854.5263
 21
1491.857
 31
0.0
100
AcDbText
  0
TEXT
  5
2F6
330
17
100
AcDbEntity
  8
AVAN-YAZI
100
AcDbText
 10
-3863.3603
 20
1491.7272
 30
0.0
 40
2.035
  1
27,5
  7
AVAN-KALIN
 41
1.2758
 11
-3863.3603
 21
1491.7272
 31
0.0
100
AcDbText
  0
TEXT
  5
2F7
330
17
100
AcDbEntity
  8
AVAN-YAZI
100
AcDbText
 10
-3836.5263
 20
1486.729
 30
0.0
 40
1.633
  1
MMO/697 s.12
  7
AVAN
 41
1.0847
 11
-3836.5263
 21
1486.729
 31
0.0
100
AcDbText
  0
TEXT
  5
2F8
330
17
100
AcDbEntity
  8
AVAN-YAZI
100
AcDbText
 10
-3986.5263
 20
1486.6641
 30
0.0
 40
1.94
  1
1/TReş
  7
AVAN
 41
0.9755
 11
-3986.5263
 21
1486.6641
 31
0.0
100
AcDbText
  0
TEXT
  5
2F9
330
17
100
AcDbEntity
  8
AVAN-YAZI
100
AcDbText
 10
-3973.5263
 20
1486.6641
 30
0.0
 40
1.94
  1
Ters tur süreleri toplamı = Σ(1/TR)
  7
AVAN
 41
1.0883
 11
-3973.5263
 21
1486.6641
 31
0.0
100
AcDbText
  0
TEXT
  5
2FA
330
17
100
AcDbEntity
  8
AVAN-YAZI
100
AcDbText
 10
-3889.5263
 20
1486.6641
 30
0.0
 40
1.94
  1
=
  7
AVAN
 41
1.5317
 11
-3889.5263
 21
1486.6641
 31
0.0
100
AcDbText
  0
TEXT
  5
2FB
330
17
100
AcDbEntity
  8
AVAN-YAZI
100
AcDbText
 10
-3854.5263
 20
1486.6641
 30
0.0
 40
1.94
  1
1/s
  7
AVAN
 41
1.1334
 11
-3854.5263
 21
1486.6641
 31
0.0
100
AcDbText
  0
TEXT
  5
2FC
330
17
100
AcDbEntity
  8
AVAN-YAZI
100
AcDbText
 10
-3871.1287
 20
1486.5343
 30
0.0
 40
2.035
  1
0,013058
  7
AVAN-KALIN
 41
1.2509
 11
-3871.1287
 21
1486.5343
 31
0.0
100
AcDbText
  0
TEXT
  5
2FD
330
17
100
AcDbEntity
  8
AVAN-YAZI
100
AcDbText
 10
-3836.5263
 20
1481.5362
 30
0.0
 40
1.633
  1
MMO/697 s.12
  7
AVAN
 41
1.0847
 11
-3836.5263
 21
1481.5362
 31
0.0
100
AcDbText
  0
TEXT
  5
2FE
330
17
100
AcDbEntity
  8
AVAN-YAZI
100
AcDbText
 10
-3986.5263
 20
1481.4712
 30
0.0
 40
1.94
  1
TReş
  7
AVAN
 41
0.9218
 11
-3986.5263
 21
1481.4712
 31
0.0
100
AcDbText
  0
TEXT
  5
2FF
330
17
100
AcDbEntity
  8
AVAN-YAZI
100
AcDbText
 10
-3973.5263
 20
1481.4712
 30
0.0
 40
1.94
  1
Grup efektif tur süresi ( = Ieer )
  7
AVAN
 41
1.1423
 11
-3973.5263
 21
1481.4712
 31
0.0
100
AcDbText
  0
TEXT
  5
300
330
17
100
AcDbEntity
  8
AVAN-YAZI
100
AcDbText
 10
-3889.5263
 20
1481.4712
 30
0.0
 40
1.94
  1
=
  7
AVAN
 41
1.5317
 11
-3889.5263
 21
1481.4712
 31
0.0
100
AcDbText
  0
TEXT
  5
301
330
17
100
AcDbEntity
  8
AVAN-YAZI
100
AcDbText
 10
-3854.5263
 20
1481.4712
 30
0.0
 40
1.94
  1
s
  7
AVAN
 41
1.1124
 11
-3854.5263
 21
1481.4712
 31
0.0
100
AcDbText
  0
TEXT
  5
302
330
17
100
AcDbEntity
  8
AVAN-YAZI
100
AcDbText
 10
-3863.3603
 20
1481.3414
 30
0.0
 40
2.035
  1
76,6
  7
AVAN-KALIN
 41
1.2758
 11
-3863.3603
 21
1481.3414
 31
0.0
100
AcDbText
  0
TEXT
  5
303
330
17
100
AcDbEntity
  8
AVAN-YAZI
100
AcDbText
 10
-3836.5263
 20
1476.3433
 30
0.0
 40
1.633
  1
Tablo-10
  7
AVAN
 41
1.1043
 11
-3836.5263
 21
1476.3433
 31
0.0
100
AcDbText
  0
TEXT
  5
304
330
17
100
AcDbEntity
  8
AVAN-YAZI
100
AcDbText
 10
-3986.5263
 20
1476.2784
 30
0.0
 40
1.94
  1
Izul
  7
AVAN
 41
1.1082
 11
-3986.5263
 21
1476.2784
 31
0.0
100
AcDbText
  0
TEXT
  5
305
330
17
100
AcDbEntity
  8
AVAN-YAZI
100
AcDbText
 10
-3973.5263
 20
1476.2784
 30
0.0
 40
1.94
  1
İzin verilen bekleme süresi (Yükseltilmiş)
  7
AVAN
 41
1.0735
 11
-3973.5263
 21
1476.2784
 31
0.0
100
AcDbText
  0
TEXT
  5
306
330
17
100
AcDbEntity
  8
AVAN-YAZI
100
AcDbText
 10
-3889.5263
 20
1476.2784
 30
0.0
 40
1.94
  1
=
  7
AVAN
 41
1.5317
 11
-3889.5263
 21
1476.2784
 31
0.0
100
AcDbText
  0
TEXT
  5
307
330
17
100
AcDbEntity
  8
AVAN-YAZI
100
AcDbText
 10
-3854.5263
 20
1476.2784
 30
0.0
 40
1.94
  1
s
  7
AVAN
 41
1.1124
 11
-3854.5263
 21
1476.2784
 31
0.0
100
AcDbText
  0
TEXT
  5
308
330
17
100
AcDbEntity
  8
AVAN-YAZI
100
AcDbText
 10
-3860.3579
 20
1476.1485
 30
0.0
 40
2.035
  1
80
  7
AVAN-KALIN
 41
1.2826
 11
-3860.3579
 21
1476.1485
 31
0.0
100
AcDbText
  0
TEXT
  5
309
330
17
100
AcDbEntity
  8
AVAN-YAZI
100
AcDbText
 10
-3836.5263
 20
1471.1504
 30
0.0
 40
1.633
  1
Projeden
  7
AVAN
 41
1.0941
 11
-3836.5263
 21
1471.1504
 31
0.0
100
AcDbText
  0
TEXT
  5
30A
330
17
100
AcDbEntity
  8
AVAN-YAZI
100
AcDbText
 10
-3986.5263
 20
1471.0855
 30
0.0
 40
1.94
  1
n
  7
AVAN
 41
1.2169
 11
-3986.5263
 21
1471.0855
 31
0.0
100
AcDbText
  0
TEXT
  5
30B
330
17
100
AcDbEntity
  8
AVAN-YAZI
100
AcDbText
 10
-3973.5263
 20
1471.0855
 30
0.0
 40
1.94
  1
Kullanılan asansör adedi
  7
AVAN
 41
1.0527
 11
-3973.5263
 21
1471.0855
 31
0.0
100
AcDbText
  0
TEXT
  5
30C
330
17
100
AcDbEntity
  8
AVAN-YAZI
100
AcDbText
 10
-3889.5263
 20
1471.0855
 30
0.0
 40
1.94
  1
=
  7
AVAN
 41
1.5317
 11
-3889.5263
 21
1471.0855
 31
0.0
100
AcDbText
  0
TEXT
  5
30D
330
17
100
AcDbEntity
  8
AVAN-YAZI
100
AcDbText
 10
-3854.5263
 20
1471.0855
 30
0.0
 40
1.94
  1
adet
  7
AVAN
 41
1.1553
 11
-3854.5263
 21
1471.0855
 31
0.0
100
AcDbText
  0
TEXT
  5
30E
330
17
100
AcDbEntity
  8
AVAN-YAZI
100
AcDbText
 10
-3858.4158
 20
1470.9556
 30
0.0
 40
2.035
  1
2
  7
AVAN-KALIN
 41
1.336
 11
-3858.4158
 21
1470.9556
 31
0.0
100
AcDbText
  0
TEXT
  5
30F
330
17
100
AcDbEntity
  8
AVAN-YAZI
100
AcDbText
 10
-3985.5527
 20
1465.8921
 30
0.0
 40
1.704
  1
▪ Reş = ΣRi ≥ B·k ve 1/TReş = Σ(1/TRi), TReş ≤ Izul
  7
AVAN
 41
1.0603
 11
-3985.5527
 21
1465.8921
 31
0.0
100
AcDbText
  0
TEXT
  5
310
330
17
100
AcDbEntity
  8
AVAN-YAZI
100
AcDbText
 10
-3829.6587
 20
1457.82
 30
0.0
 40
1.751
  1
MMO/697 s.11-12
  7
AVAN
 41
1.0893
 11
-3829.6587
 21
1457.82
 31
0.0
100
AcDbText
  0
TEXT
  5
311
330
17
100
AcDbEntity
  8
AVAN-YAZI
100
AcDbText
 10
-3986.5263
 20
1457.7064
 30
0.0
 40
2.248
  1
ASANSÖR BAZINDA HESAP
  7
AVAN-KALIN
 41
1.0932
 11
-3986.5263
 21
1457.7064
 31
0.0
100
AcDbText
  0
TEXT
  5
312
330
17
100
AcDbEntity
  8
AVAN-YAZI
100
AcDbText
 10
-3986.2018
 20
1450.9876
 30
0.0
 40
1.94
  1
Büyüklük
  7
AVAN
 41
1.1295
 11
-3986.2018
 21
1450.9876
 31
0.0
100
AcDbText
  0
TEXT
  5
313
330
17
100
AcDbEntity
  8
AVAN-YAZI
100
AcDbText
 10
-3881.0976
 20
1450.8577
 30
0.0
 40
2.035
  1
ASANSÖR-1
  7
AVAN-KALIN
 41
1.1035
 11
-3881.0976
 21
1450.8577
 31
0.0
100
AcDbText
  0
TEXT
  5
314
330
17
100
AcDbEntity
  8
AVAN-YAZI
100
AcDbText
 10
-3827.0976
 20
1450.8577
 30
0.0
 40
2.035
  1
ASANSÖR-2
  7
AVAN-KALIN
 41
1.1035
 11
-3827.0976
 21
1450.8577
 31
0.0
100
AcDbText
  0
TEXT
  5
315
330
17
100
AcDbEntity
  8
AVAN-YAZI
100
AcDbText
 10
-3986.2018
 20
1445.6648
 30
0.0
 40
1.94
  1
P — Kabin kapasitesi (kişi)
  7
AVAN
 41
1.0671
 11
-3986.2018
 21
1445.6648
 31
0.0
100
AcDbText
  0
TEXT
  5
316
330
17
100
AcDbEntity
  8
AVAN-YAZI
100
AcDbText
 10
-3866.6824
 20
1445.535
 30
0.0
 40
2.035
  1
10
  7
AVAN-KALIN
 41
1.2826
 11
-3866.6824
 21
1445.535
 31
0.0
100
AcDbText
  0
TEXT
  5
317
330
17
100
AcDbEntity
  8
AVAN-YAZI
100
AcDbText
 10
-3812.6824
 20
1445.535
 30
0.0
 40
2.035
  1
16
  7
AVAN-KALIN
 41
1.2826
 11
-3812.6824
 21
1445.535
 31
0.0
100
AcDbText
  0
TEXT
  5
318
330
17
100
AcDbEntity
  8
AVAN-YAZI
100
AcDbText
 10
-3986.2018
 20
1440.3421
 30
0.0
 40
1.94
  1
Beyan yükü (kg)
  7
AVAN
 41
1.1204
 11
-3986.2018
 21
1440.3421
 31
0.0
100
AcDbText
  0
TEXT
  5
319
330
17
100
AcDbEntity
  8
AVAN-YAZI
100
AcDbText
 10
-3868.6245
 20
1440.2123
 30
0.0
 40
2.035
  1
800
  7
AVAN-KALIN
 41
1.2648
 11
-3868.6245
 21
1440.2123
 31
0.0
100
AcDbText
  0
TEXT
  5
31A
330
17
100
AcDbEntity
  8
AVAN-YAZI
100
AcDbText
 10
-3817.627
 20
1440.2123
 30
0.0
 40
2.035
  1
1.275
  7
AVAN-KALIN
 41
1.2654
 11
-3817.627
 21
1440.2123
 31
0.0
100
AcDbText
  0
TEXT
  5
31B
330
17
100
AcDbEntity
  8
AVAN-YAZI
100
AcDbText
 10
-3986.2018
 20
1435.0194
 30
0.0
 40
1.94
  1
Kapı genişliği (mm) / tipi
  7
AVAN
 41
1.0378
 11
-3986.2018
 21
1435.0194
 31
0.0
100
AcDbText
  0
TEXT
  5
31C
330
17
100
AcDbEntity
  8
AVAN-YAZI
100
AcDbText
 10
-3904.0158
 20
1434.8896
 30
0.0
 40
2.035
  1
900 / Teleskopik Otomatik
  7
AVAN-KALIN
 41
1.1854
 11
-3904.0158
 21
1434.8896
 31
0.0
100
AcDbText
  0
TEXT
  5
31D
330
17
100
AcDbEntity
  8
AVAN-YAZI
100
AcDbText
 10
-3853.0182
 20
1434.8896
 30
0.0
 40
2.035
  1
1.100 / Teleskopik Otomatik
  7
AVAN-KALIN
 41
1.1906
 11
-3853.0182
 21
1434.8896
 31
0.0
100
AcDbText
  0
TEXT
  5
31E
330
17
100
AcDbEntity
  8
AVAN-YAZI
100
AcDbText
 10
-3986.2018
 20
1429.6967
 30
0.0
 40
1.94
  1
Durak adedi (ana giriş dâhil)
  7
AVAN
 41
1.0993
 11
-3986.2018
 21
1429.6967
 31
0.0
100
AcDbText
  0
TEXT
  5
31F
330
17
100
AcDbEntity
  8
AVAN-YAZI
100
AcDbText
 10
-3866.6824
 20
1429.5669
 30
0.0
 40
2.035
  1
12
  7
AVAN-KALIN
 41
1.2826
 11
-3866.6824
 21
1429.5669
 31
0.0
100
AcDbText
  0
TEXT
  5
320
330
17
100
AcDbEntity
  8
AVAN-YAZI
100
AcDbText
 10
-3812.6824
 20
1429.5669
 30
0.0
 40
2.035
  1
12
  7
AVAN-KALIN
 41
1.2826
 11
-3812.6824
 21
1429.5669
 31
0.0
100
AcDbText
  0
TEXT
  5
321
330
17
100
AcDbEntity
  8
AVAN-YAZI
100
AcDbText
 10
-3986.2018
 20
1424.374
 30
0.0
 40
1.94
  1
V — Kabin hızı (m/s)
  7
AVAN
 41
0.9764
 11
-3986.2018
 21
1424.374
 31
0.0
100
AcDbText
  0
TEXT
  5
322
330
17
100
AcDbEntity
  8
AVAN-YAZI
100
AcDbText
 10
-3869.6849
 20
1424.2442
 30
0.0
 40
2.035
  1
1,60
  7
AVAN-KALIN
 41
1.2758
 11
-3869.6849
 21
1424.2442
 31
0.0
100
AcDbText
  0
TEXT
  5
323
330
17
100
AcDbEntity
  8
AVAN-YAZI
100
AcDbText
 10
-3815.6849
 20
1424.2442
 30
0.0
 40
2.035
  1
1,60
  7
AVAN-KALIN
 41
1.2758
 11
-3815.6849
 21
1424.2442
 31
0.0
100
AcDbText
  0
TEXT
  5
324
330
17
100
AcDbEntity
  8
AVAN-YAZI
100
AcDbText
 10
-3986.2018
 20
1419.0513
 30
0.0
 40
1.94
  1
h — Katlar arası mesafe (m)
  7
AVAN
 41
1.0618
 11
-3986.2018
 21
1419.0513
 31
0.0
100
AcDbText
  0
TEXT
  5
325
330
17
100
AcDbEntity
  8
AVAN-YAZI
100
AcDbText
 10
-3869.6849
 20
1418.9215
 30
0.0
 40
2.035
  1
3,00
  7
AVAN-KALIN
 41
1.2758
 11
-3869.6849
 21
1418.9215
 31
0.0
100
AcDbText
  0
TEXT
  5
326
330
17
100
AcDbEntity
  8
AVAN-YAZI
100
AcDbText
 10
-3815.6849
 20
1418.9215
 30
0.0
 40
2.035
  1
3,00
  7
AVAN-KALIN
 41
1.2758
 11
-3815.6849
 21
1418.9215
 31
0.0
100
AcDbText
  0
TEXT
  5
327
330
17
100
AcDbEntity
  8
AVAN-YAZI
100
AcDbText
 10
-3986.2018
 20
1413.7286
 30
0.0
 40
1.94
  1
p = 0,8·P
  7
AVAN
 41
1.1384
 11
-3986.2018
 21
1413.7286
 31
0.0
100
AcDbText
  0
TEXT
  5
328
330
17
100
AcDbEntity
  8
AVAN-YAZI
100
AcDbText
 10
-3867.7428
 20
1413.5988
 30
0.0
 40
2.035
  1
8,0
  7
AVAN-KALIN
 41
1.2945
 11
-3867.7428
 21
1413.5988
 31
0.0
100
AcDbText
  0
TEXT
  5
329
330
17
100
AcDbEntity
  8
AVAN-YAZI
100
AcDbText
 10
-3815.6849
 20
1413.5988
 30
0.0
 40
2.035
  1
12,8
  7
AVAN-KALIN
 41
1.2758
 11
-3815.6849
 21
1413.5988
 31
0.0
100
AcDbText
  0
TEXT
  5
32A
330
17
100
AcDbEntity
  8
AVAN-YAZI
100
AcDbText
 10
-3986.2018
 20
1408.4059
 30
0.0
 40
1.94
  1
H — Ort. en yüksek dönüş katı
  7
AVAN
 41
1.0435
 11
-3986.2018
 21
1408.4059
 31
0.0
100
AcDbText
  0
TEXT
  5
32B
330
17
100
AcDbEntity
  8
AVAN-YAZI
100
AcDbText
 10
-3875.5112
 20
1408.276
 30
0.0
 40
2.035
  1
10,4250
  7
AVAN-KALIN
 41
1.2543
 11
-3875.5112
 21
1408.276
 31
0.0
100
AcDbText
  0
TEXT
  5
32C
330
17
100
AcDbEntity
  8
AVAN-YAZI
100
AcDbText
 10
-3821.5112
 20
1408.276
 30
0.0
 40
2.035
  1
10,7351
  7
AVAN-KALIN
 41
1.2543
 11
-3821.5112
 21
1408.276
 31
0.0
100
AcDbText
  0
TEXT
  5
32D
330
17
100
AcDbEntity
  8
AVAN-YAZI
100
AcDbText
 10
-3986.2018
 20
1403.0832
 30
0.0
 40
1.94
  1
S — Ortalama durak adedi
  7
AVAN
 41
1.1
 11
-3986.2018
 21
1403.0832
 31
0.0
100
AcDbText
  0
TEXT
  5
32E
330
17
100
AcDbEntity
  8
AVAN-YAZI
100
AcDbText
 10
-3873.5691
 20
1402.9533
 30
0.0
 40
2.035
  1
6,7590
  7
AVAN-KALIN
 41
1.2588
 11
-3873.5691
 21
1402.9533
 31
0.0
100
AcDbText
  0
TEXT
  5
32F
330
17
100
AcDbEntity
  8
AVAN-YAZI
100
AcDbText
 10
-3819.569
 20
1402.9533
 30
0.0
 40
2.035
  1
8,6061
  7
AVAN-KALIN
 41
1.2588
 11
-3819.569
 21
1402.9533
 31
0.0
100
AcDbText
  0
TEXT
  5
330
330
17
100
AcDbEntity
  8
AVAN-YAZI
100
AcDbText
 10
-3986.2018
 20
1397.7604
 30
0.0
 40
1.94
  1
ta / tk (kapı aç / kapa) (s)
  7
AVAN
 41
1.0804
 11
-3986.2018
 21
1397.7604
 31
0.0
100
AcDbText
  0
TEXT
  5
331
330
17
100
AcDbEntity
  8
AVAN-YAZI
100
AcDbText
 10
-3875.6502
 20
1397.6306
 30
0.0
 40
2.035
  1
2,5 / 3,8
  7
AVAN-KALIN
 41
1.2678
 11
-3875.6502
 21
1397.6306
 31
0.0
100
AcDbText
  0
TEXT
  5
332
330
17
100
AcDbEntity
  8
AVAN-YAZI
100
AcDbText
 10
-3821.6502
 20
1397.6306
 30
0.0
 40
2.035
  1
3,0 / 4,0
  7
AVAN-KALIN
 41
1.2678
 11
-3821.6502
 21
1397.6306
 31
0.0
100
AcDbText
  0
TEXT
  5
333
330
17
100
AcDbEntity
  8
AVAN-YAZI
100
AcDbText
 10
-3986.2018
 20
1392.4377
 30
0.0
 40
1.94
  1
tg / tp (geçiş / transfer) (s)
  7
AVAN
 41
1.1155
 11
-3986.2018
 21
1392.4377
 31
0.0
100
AcDbText
  0
TEXT
  5
334
330
17
100
AcDbEntity
  8
AVAN-YAZI
100
AcDbText
 10
-3875.6502
 20
1392.3079
 30
0.0
 40
2.035
  1
6,0 / 1,1
  7
AVAN-KALIN
 41
1.2678
 11
-3875.6502
 21
1392.3079
 31
0.0
100
AcDbText
  0
TEXT
  5
335
330
17
100
AcDbEntity
  8
AVAN-YAZI
100
AcDbText
 10
-3821.6502
 20
1392.3079
 30
0.0
 40
2.035
  1
6,0 / 1,0
  7
AVAN-KALIN
 41
1.2678
 11
-3821.6502
 21
1392.3079
 31
0.0
100
AcDbText
  0
TEXT
  5
336
330
17
100
AcDbEntity
  8
AVAN-YAZI
100
AcDbText
 10
-3986.2018
 20
1387.115
 30
0.0
 40
1.94
  1
tv = h / V (s)
  7
AVAN
 41
1.1602
 11
-3986.2018
 21
1387.115
 31
0.0
100
AcDbText
  0
TEXT
  5
337
330
17
100
AcDbEntity
  8
AVAN-YAZI
100
AcDbText
 10
-3871.627
 20
1386.9852
 30
0.0
 40
2.035
  1
1,875
  7
AVAN-KALIN
 41
1.2654
 11
-3871.627
 21
1386.9852
 31
0.0
100
AcDbText
  0
TEXT
  5
338
330
17
100
AcDbEntity
  8
AVAN-YAZI
100
AcDbText
 10
-3817.627
 20
1386.9852
 30
0.0
 40
2.035
  1
1,875
  7
AVAN-KALIN
 41
1.2654
 11
-3817.627
 21
1386.9852
 31
0.0
100
AcDbText
  0
TEXT
  5
339
330
17
100
AcDbEntity
  8
AVAN-YAZI
100
AcDbText
 10
-3986.2018
 20
1381.7923
 30
0.0
 40
1.94
  1
ts = ta+tk+tg−tv (s)
  7
AVAN
 41
1.2468
 11
-3986.2018
 21
1381.7923
 31
0.0
100
AcDbText
  0
TEXT
  5
33A
330
17
100
AcDbEntity
  8
AVAN-YAZI
100
AcDbText
 10
-3873.5691
 20
1381.6625
 30
0.0
 40
2.035
  1
10,425
  7
AVAN-KALIN
 41
1.2588
 11
-3873.5691
 21
1381.6625
 31
0.0
100
AcDbText
  0
TEXT
  5
33B
330
17
100
AcDbEntity
  8
AVAN-YAZI
100
AcDbText
 10
-3819.569
 20
1381.6625
 30
0.0
 40
2.035
  1
11,125
  7
AVAN-KALIN
 41
1.2588
 11
-3819.569
 21
1381.6625
 31
0.0
100
AcDbText
  0
TEXT
  5
33C
330
17
100
AcDbEntity
  8
AVAN-YAZI
100
AcDbText
 10
-3986.2018
 20
1376.4696
 30
0.0
 40
1.94
  1
TR = 2·H·tv+(S+1)·ts+2·p·tp (s)
  7
AVAN
 41
1.1569
 11
-3986.2018
 21
1376.4696
 31
0.0
100
AcDbText
  0
TEXT
  5
33D
330
17
100
AcDbEntity
  8
AVAN-YAZI
100
AcDbText
 10
-3873.5691
 20
1376.3398
 30
0.0
 40
2.035
  1
137,58
  7
AVAN-KALIN
 41
1.2588
 11
-3873.5691
 21
1376.3398
 31
0.0
100
AcDbText
  0
TEXT
  5
33E
330
17
100
AcDbEntity
  8
AVAN-YAZI
100
AcDbText
 10
-3819.569
 20
1376.3398
 30
0.0
 40
2.035
  1
172,72
  7
AVAN-KALIN
 41
1.2588
 11
-3819.569
 21
1376.3398
 31
0.0
100
AcDbText
  0
TEXT
  5
33F
330
17
100
AcDbEntity
  8
AVAN-YAZI
100
AcDbText
 10
-3986.2018
 20
1371.1469
 30
0.0
 40
1.94
  1
R = 5·60·p / TR (kişi/5dk)
  7
AVAN
 41
1.0906
 11
-3986.2018
 21
1371.1469
 31
0.0
100
AcDbText
  0
TEXT
  5
340
330
17
100
AcDbEntity
  8
AVAN-YAZI
100
AcDbText
 10
-3871.627
 20
1371.0171
 30
0.0
 40
2.035
  1
17,44
  7
AVAN-KALIN
 41
1.2654
 11
-3871.627
 21
1371.0171
 31
0.0
100
AcDbText
  0
TEXT
  5
341
330
17
100
AcDbEntity
  8
AVAN-YAZI
100
AcDbText
 10
-3817.627
 20
1371.0171
 30
0.0
 40
2.035
  1
22,23
  7
AVAN-KALIN
 41
1.2654
 11
-3817.627
 21
1371.0171
 31
0.0
100
AcDbText
  0
TEXT
  5
342
330
17
100
AcDbEntity
  8
AVAN-YAZI
100
AcDbText
 10
-3984.9036
 20
1361.4302
 30
0.0
 40
2.129
  1
SONUÇ
  7
AVAN-KALIN
 41
1.0926
 11
-3984.9036
 21
1361.4302
 31
0.0
100
AcDbText
  0
TEXT
  5
343
330
17
100
AcDbEntity
  8
AVAN-YAZI
100
AcDbText
 10
-3954.9036
 20
1361.4302
 30
0.0
 40
2.129
  1
Yükseltilmiş kriteri karşılanıyor
  7
AVAN-KALIN
 41
1.0799
 11
-3954.9036
 21
1361.4302
 31
0.0
100
AcDbText
  0
TEXT
  5
344
330
17
100
AcDbEntity
  8
AVAN-YAZI
100
AcDbText
 10
-3983.7994
 20
1352.5049
 30
0.0
 40
3.076
  1
1 adet 10 kişilik 1,60 m/s + 1 adet 16 kişilik 1,60 m/s → 2 adet asansör →
  7
AVAN-KALIN
 41
1.1671
 11
-3983.7994
 21
1352.5049
 31
0.0
100
AcDbText
  0
TEXT
  5
345
330
17
100
AcDbEntity
  8
AVAN-YAZI
100
AcDbText
 10
-3934.8941
 20
1346.9874
 30
0.0
 40
3.076
  1
Yükseltilmiş kriteri karşılanıyor
  7
AVAN-KALIN
 41
1.0799
 11
-3934.8941
 21
1346.9874
 31
0.0
100
AcDbText
  0
TEXT
  5
346
330
17
100
AcDbEntity
  8
AVAN-YAZI
100
AcDbText
 10
-3984.9036
 20
1341.2753
 30
0.0
 40
1.798
  1
√ Taşıma
  7
AVAN-KALIN
 41
1.0407
 11
-3984.9036
 21
1341.2753
 31
0.0
100
AcDbText
  0
TEXT
  5
347
330
17
100
AcDbEntity
  8
AVAN-YAZI
100
AcDbText
 10
-3962.9036
 20
1341.2753
 30
0.0
 40
1.798
  1
Reş = R1=17,4 + R2=22,2 = 39,7 ≥ B·k = 27,5 kişi/5dk
  7
AVAN
 41
1.1306
 11
-3962.9036
 21
1341.2753
 31
0.0
100
AcDbText
  0
TEXT
  5
348
330
17
100
AcDbEntity
  8
AVAN-YAZI
100
AcDbText
 10
-3984.9036
 20
1337.8674
 30
0.0
 40
1.798
  1
√ Bekleme
  7
AVAN-KALIN
 41
1.2111
 11
-3984.9036
 21
1337.8674
 31
0.0
100
AcDbText
  0
TEXT
  5
349
330
17
100
AcDbEntity
  8
AVAN-YAZI
100
AcDbText
 10
-3962.9036
 20
1337.8674
 30
0.0
 40
1.798
  1
1/TReş = 1/137,6 + 1/172,7 → TReş = 76,6 s ≤ Izul = 80 s ( Yükseltilmiş )
  7
AVAN
 41
1.094
 11
-3962.9036
 21
1337.8674
 31
0.0
100
AcDbText
  0
TEXT
  5
34A
330
17
100
AcDbEntity
  8
AVAN-YAZI
100
AcDbText
 10
-3815.9854
 20
1325.3
 30
0.0
 40
1.646
  1
Sayfa 1
  7
AVAN
 41
1.0886
 11
-3815.9854
 21
1325.3
 31
0.0
100
AcDbText
  0
LWPOLYLINE
  5
34B
330
17
100
AcDbEntity
  8
AVAN-A4
100
AcDbPolyline
 90
4
 70
1
 10
-3782.5
 20
1310.9
 10
-3572.4999966666664
 20
1310.9
 10
-3572.4999966666664
 20
1607.9000127777779
 10
-3782.5
 20
1607.9000127777779
  0
LINE
  5
34C
330
17
100
AcDbEntity
  8
AVAN-CIZGI
100
AcDbLine
 10
-3770.5
 20
1322.9
 30
0.0
 11
-3584.5
 21
1322.9
 31
0.0
  0
LINE
  5
34D
330
17
100
AcDbEntity
  8
AVAN-CIZGI
100
AcDbLine
 10
-3584.5
 20
1322.9
 30
0.0
 11
-3584.5
 21
1595.9
 31
0.0
  0
LINE
  5
34E
330
17
100
AcDbEntity
  8
AVAN-CIZGI
100
AcDbLine
 10
-3584.5
 20
1595.9
 30
0.0
 11
-3770.5
 21
1595.9
 31
0.0
  0
LINE
  5
34F
330
17
100
AcDbEntity
  8
AVAN-CIZGI
100
AcDbLine
 10
-3770.5
 20
1595.9
 30
0.0
 11
-3770.5
 21
1322.9
 31
0.0
  0
LINE
  5
350
330
17
100
AcDbEntity
  8
AVAN-CIZGI
100
AcDbLine
 10
-3770.5
 20
1584.5
 30
0.0
 11
-3584.5
 21
1584.5
 31
0.0
  0
LINE
  5
351
330
17
100
AcDbEntity
  8
AVAN-CIZGI
100
AcDbLine
 10
-3770.5
 20
1329.9
 30
0.0
 11
-3584.5
 21
1329.9
 31
0.0
  0
LINE
  5
352
330
17
100
AcDbEntity
  8
AVAN-CIZGI
100
AcDbLine
 10
-3767.5
 20
1577.7833
 30
0.0
 11
-3587.5
 21
1577.7833
 31
0.0
  0
LINE
  5
353
330
17
100
AcDbEntity
  8
AVAN-CIZGI
100
AcDbLine
 10
-3767.5
 20
1570.9394
 30
0.0
 11
-3587.5
 21
1570.9394
 31
0.0
  0
LINE
  5
354
330
17
100
AcDbEntity
  8
AVAN-CIZGI
100
AcDbLine
 10
-3767.5
 20
1570.9394
 30
0.0
 11
-3767.5
 21
1577.7833
 31
0.0
  0
LINE
  5
355
330
17
100
AcDbEntity
  8
AVAN-CIZGI
100
AcDbLine
 10
-3587.5
 20
1570.9394
 30
0.0
 11
-3587.5
 21
1577.7833
 31
0.0
  0
LINE
  5
356
330
17
100
AcDbEntity
  8
AVAN-CIZGI
100
AcDbLine
 10
-3767.5
 20
1577.7833
 30
0.0
 11
-3587.5
 21
1577.7833
 31
0.0
  0
LINE
  5
357
330
17
100
AcDbEntity
  8
AVAN-CIZGI
100
AcDbLine
 10
-3767.5
 20
1570.9394
 30
0.0
 11
-3587.5
 21
1570.9394
 31
0.0
  0
LINE
  5
358
330
17
100
AcDbEntity
  8
AVAN-CIZGI
100
AcDbLine
 10
-3767.5
 20
1564.0956
 30
0.0
 11
-3587.5
 21
1564.0956
 31
0.0
  0
LINE
  5
359
330
17
100
AcDbEntity
  8
AVAN-CIZGI
100
AcDbLine
 10
-3767.5
 20
1564.0956
 30
0.0
 11
-3767.5
 21
1570.9394
 31
0.0
  0
LINE
  5
35A
330
17
100
AcDbEntity
  8
AVAN-CIZGI
100
AcDbLine
 10
-3587.5
 20
1564.0956
 30
0.0
 11
-3587.5
 21
1570.9394
 31
0.0
  0
LINE
  5
35B
330
17
100
AcDbEntity
  8
AVAN-CIZGI
100
AcDbLine
 10
-3767.5
 20
1570.9394
 30
0.0
 11
-3587.5
 21
1570.9394
 31
0.0
  0
LINE
  5
35C
330
17
100
AcDbEntity
  8
AVAN-CIZGI
100
AcDbLine
 10
-3767.5
 20
1564.0956
 30
0.0
 11
-3587.5
 21
1564.0956
 31
0.0
  0
LINE
  5
35D
330
17
100
AcDbEntity
  8
AVAN-CIZGI
100
AcDbLine
 10
-3767.5
 20
1558.4511
 30
0.0
 11
-3587.5
 21
1558.4511
 31
0.0
  0
LINE
  5
35E
330
17
100
AcDbEntity
  8
AVAN-CIZGI
100
AcDbLine
 10
-3767.5
 20
1558.4511
 30
0.0
 11
-3767.5
 21
1564.0956
 31
0.0
  0
LINE
  5
35F
330
17
100
AcDbEntity
  8
AVAN-CIZGI
100
AcDbLine
 10
-3587.5
 20
1558.4511
 30
0.0
 11
-3587.5
 21
1564.0956
 31
0.0
  0
LINE
  5
360
330
17
100
AcDbEntity
  8
AVAN-CIZGI
100
AcDbLine
 10
-3665.5
 20
1558.4511
 30
0.0
 11
-3665.5
 21
1564.0956
 31
0.0
  0
LINE
  5
361
330
17
100
AcDbEntity
  8
AVAN-CIZGI
100
AcDbLine
 10
-3617.5
 20
1558.4511
 30
0.0
 11
-3617.5
 21
1564.0956
 31
0.0
  0
LINE
  5
362
330
17
100
AcDbEntity
  8
AVAN-CIZGI
100
AcDbLine
 10
-3767.5
 20
1558.4511
 30
0.0
 11
-3587.5
 21
1558.4511
 31
0.0
  0
LINE
  5
363
330
17
100
AcDbEntity
  8
AVAN-CIZGI
100
AcDbLine
 10
-3767.5
 20
1558.4511
 30
0.0
 11
-3587.5
 21
1558.4511
 31
0.0
  0
LINE
  5
364
330
17
100
AcDbEntity
  8
AVAN-CIZGI
100
AcDbLine
 10
-3767.5
 20
1509.6972
 30
0.0
 11
-3587.5
 21
1509.6972
 31
0.0
  0
LINE
  5
365
330
17
100
AcDbEntity
  8
AVAN-CIZGI
100
AcDbLine
 10
-3767.5
 20
1509.6972
 30
0.0
 11
-3767.5
 21
1558.4511
 31
0.0
  0
LINE
  5
366
330
17
100
AcDbEntity
  8
AVAN-CIZGI
100
AcDbLine
 10
-3587.5
 20
1509.6972
 30
0.0
 11
-3587.5
 21
1558.4511
 31
0.0
  0
LINE
  5
367
330
17
100
AcDbEntity
  8
AVAN-CIZGI
100
AcDbLine
 10
-3665.5
 20
1509.6972
 30
0.0
 11
-3665.5
 21
1558.4511
 31
0.0
  0
LINE
  5
368
330
17
100
AcDbEntity
  8
AVAN-CIZGI
100
AcDbLine
 10
-3617.5
 20
1509.6972
 30
0.0
 11
-3617.5
 21
1558.4511
 31
0.0
  0
LINE
  5
369
330
17
100
AcDbEntity
  8
AVAN-CIZGI
100
AcDbLine
 10
-3767.5
 20
1552.8067
 30
0.0
 11
-3587.5
 21
1552.8067
 31
0.0
  0
LINE
  5
36A
330
17
100
AcDbEntity
  8
AVAN-CIZGI
100
AcDbLine
 10
-3767.5
 20
1547.1622
 30
0.0
 11
-3587.5
 21
1547.1622
 31
0.0
  0
LINE
  5
36B
330
17
100
AcDbEntity
  8
AVAN-CIZGI
100
AcDbLine
 10
-3767.5
 20
1541.5178
 30
0.0
 11
-3587.5
 21
1541.5178
 31
0.0
  0
LINE
  5
36C
330
17
100
AcDbEntity
  8
AVAN-CIZGI
100
AcDbLine
 10
-3767.5
 20
1535.8733
 30
0.0
 11
-3587.5
 21
1535.8733
 31
0.0
  0
LINE
  5
36D
330
17
100
AcDbEntity
  8
AVAN-CIZGI
100
AcDbLine
 10
-3767.5
 20
1530.2289
 30
0.0
 11
-3587.5
 21
1530.2289
 31
0.0
  0
LINE
  5
36E
330
17
100
AcDbEntity
  8
AVAN-CIZGI
100
AcDbLine
 10
-3767.5
 20
1522.1856
 30
0.0
 11
-3587.5
 21
1522.1856
 31
0.0
  0
LINE
  5
36F
330
17
100
AcDbEntity
  8
AVAN-CIZGI
100
AcDbLine
 10
-3767.5
 20
1509.6972
 30
0.0
 11
-3587.5
 21
1509.6972
 31
0.0
  0
LINE
  5
370
330
17
100
AcDbEntity
  8
AVAN-CIZGI
100
AcDbLine
 10
-3767.5
 20
1509.6972
 30
0.0
 11
-3587.5
 21
1509.6972
 31
0.0
  0
LINE
  5
371
330
17
100
AcDbEntity
  8
AVAN-CIZGI
100
AcDbLine
 10
-3767.5
 20
1504.0528
 30
0.0
 11
-3587.5
 21
1504.0528
 31
0.0
  0
LINE
  5
372
330
17
100
AcDbEntity
  8
AVAN-CIZGI
100
AcDbLine
 10
-3767.5
 20
1504.0528
 30
0.0
 11
-3767.5
 21
1509.6972
 31
0.0
  0
LINE
  5
373
330
17
100
AcDbEntity
  8
AVAN-CIZGI
100
AcDbLine
 10
-3587.5
 20
1504.0528
 30
0.0
 11
-3587.5
 21
1509.6972
 31
0.0
  0
LINE
  5
374
330
17
100
AcDbEntity
  8
AVAN-CIZGI
100
AcDbLine
 10
-3665.5
 20
1504.0528
 30
0.0
 11
-3665.5
 21
1509.6972
 31
0.0
  0
LINE
  5
375
330
17
100
AcDbEntity
  8
AVAN-CIZGI
100
AcDbLine
 10
-3617.5
 20
1504.0528
 30
0.0
 11
-3617.5
 21
1509.6972
 31
0.0
  0
LINE
  5
376
330
17
100
AcDbEntity
  8
AVAN-CIZGI
100
AcDbLine
 10
-3767.5
 20
1504.0528
 30
0.0
 11
-3587.5
 21
1504.0528
 31
0.0
  0
LINE
  5
377
330
17
100
AcDbEntity
  8
AVAN-CIZGI
100
AcDbLine
 10
-3767.5
 20
1502.5528
 30
0.0
 11
-3587.5
 21
1502.5528
 31
0.0
  0
LINE
  5
378
330
17
100
AcDbEntity
  8
AVAN-CIZGI
100
AcDbLine
 10
-3767.5
 20
1495.3208
 30
0.0
 11
-3587.5
 21
1495.3208
 31
0.0
  0
LINE
  5
379
330
17
100
AcDbEntity
  8
AVAN-CIZGI
100
AcDbLine
 10
-3767.5
 20
1480.7608
 30
0.0
 11
-3587.5
 21
1480.7608
 31
0.0
  0
LINE
  5
37A
330
17
100
AcDbEntity
  8
AVAN-CIZGI
100
AcDbLine
 10
-3767.5
 20
1473.917
 30
0.0
 11
-3587.5
 21
1473.917
 31
0.0
  0
LINE
  5
37B
330
17
100
AcDbEntity
  8
AVAN-CIZGI
100
AcDbLine
 10
-3767.5
 20
1473.917
 30
0.0
 11
-3767.5
 21
1480.7608
 31
0.0
  0
LINE
  5
37C
330
17
100
AcDbEntity
  8
AVAN-CIZGI
100
AcDbLine
 10
-3587.5
 20
1473.917
 30
0.0
 11
-3587.5
 21
1480.7608
 31
0.0
  0
LINE
  5
37D
330
17
100
AcDbEntity
  8
AVAN-CIZGI
100
AcDbLine
 10
-3767.5
 20
1480.7608
 30
0.0
 11
-3587.5
 21
1480.7608
 31
0.0
  0
LINE
  5
37E
330
17
100
AcDbEntity
  8
AVAN-CIZGI
100
AcDbLine
 10
-3767.5
 20
1473.917
 30
0.0
 11
-3587.5
 21
1473.917
 31
0.0
  0
LINE
  5
37F
330
17
100
AcDbEntity
  8
AVAN-CIZGI
100
AcDbLine
 10
-3767.5
 20
1461.5697
 30
0.0
 11
-3587.5
 21
1461.5697
 31
0.0
  0
LINE
  5
380
330
17
100
AcDbEntity
  8
AVAN-CIZGI
100
AcDbLine
 10
-3767.5
 20
1461.5697
 30
0.0
 11
-3767.5
 21
1473.917
 31
0.0
  0
LINE
  5
381
330
17
100
AcDbEntity
  8
AVAN-CIZGI
100
AcDbLine
 10
-3587.5
 20
1461.5697
 30
0.0
 11
-3587.5
 21
1473.917
 31
0.0
  0
LINE
  5
382
330
17
100
AcDbEntity
  8
AVAN-CIZGI
100
AcDbLine
 10
-3665.5
 20
1461.5697
 30
0.0
 11
-3665.5
 21
1473.917
 31
0.0
  0
LINE
  5
383
330
17
100
AcDbEntity
  8
AVAN-CIZGI
100
AcDbLine
 10
-3617.5
 20
1461.5697
 30
0.0
 11
-3617.5
 21
1473.917
 31
0.0
  0
LINE
  5
384
330
17
100
AcDbEntity
  8
AVAN-CIZGI
100
AcDbLine
 10
-3767.5
 20
1461.5697
 30
0.0
 11
-3587.5
 21
1461.5697
 31
0.0
  0
LINE
  5
385
330
17
100
AcDbEntity
  8
AVAN-CIZGI
100
AcDbLine
 10
-3767.5
 20
1461.5697
 30
0.0
 11
-3587.5
 21
1461.5697
 31
0.0
  0
LINE
  5
386
330
17
100
AcDbEntity
  8
AVAN-CIZGI
100
AcDbLine
 10
-3767.5
 20
1336.6864
 30
0.0
 11
-3767.5
 21
1461.5697
 31
0.0
  0
LINE
  5
387
330
17
100
AcDbEntity
  8
AVAN-CIZGI
100
AcDbLine
 10
-3587.5
 20
1336.6864
 30
0.0
 11
-3587.5
 21
1461.5697
 31
0.0
  0
LINE
  5
388
330
17
100
AcDbEntity
  8
AVAN-CIZGI
100
AcDbLine
 10
-3665.5
 20
1336.6864
 30
0.0
 11
-3665.5
 21
1461.5697
 31
0.0
  0
LINE
  5
389
330
17
100
AcDbEntity
  8
AVAN-CIZGI
100
AcDbLine
 10
-3617.5
 20
1336.6864
 30
0.0
 11
-3617.5
 21
1461.5697
 31
0.0
  0
LINE
  5
38A
330
17
100
AcDbEntity
  8
AVAN-CIZGI
100
AcDbLine
 10
-3767.5
 20
1455.9253
 30
0.0
 11
-3587.5
 21
1455.9253
 31
0.0
  0
LINE
  5
38B
330
17
100
AcDbEntity
  8
AVAN-CIZGI
100
AcDbLine
 10
-3767.5
 20
1450.2808
 30
0.0
 11
-3587.5
 21
1450.2808
 31
0.0
  0
LINE
  5
38C
330
17
100
AcDbEntity
  8
AVAN-CIZGI
100
AcDbLine
 10
-3767.5
 20
1437.7925
 30
0.0
 11
-3587.5
 21
1437.7925
 31
0.0
  0
LINE
  5
38D
330
17
100
AcDbEntity
  8
AVAN-CIZGI
100
AcDbLine
 10
-3767.5
 20
1423.1875
 30
0.0
 11
-3587.5
 21
1423.1875
 31
0.0
  0
LINE
  5
38E
330
17
100
AcDbEntity
  8
AVAN-CIZGI
100
AcDbLine
 10
-3767.5
 20
1417.5431
 30
0.0
 11
-3587.5
 21
1417.5431
 31
0.0
  0
LINE
  5
38F
330
17
100
AcDbEntity
  8
AVAN-CIZGI
100
AcDbLine
 10
-3767.5
 20
1411.8986
 30
0.0
 11
-3587.5
 21
1411.8986
 31
0.0
  0
LINE
  5
390
330
17
100
AcDbEntity
  8
AVAN-CIZGI
100
AcDbLine
 10
-3767.5
 20
1399.4103
 30
0.0
 11
-3587.5
 21
1399.4103
 31
0.0
  0
LINE
  5
391
330
17
100
AcDbEntity
  8
AVAN-CIZGI
100
AcDbLine
 10
-3767.5
 20
1391.3669
 30
0.0
 11
-3587.5
 21
1391.3669
 31
0.0
  0
LINE
  5
392
330
17
100
AcDbEntity
  8
AVAN-CIZGI
100
AcDbLine
 10
-3767.5
 20
1385.7225
 30
0.0
 11
-3587.5
 21
1385.7225
 31
0.0
  0
LINE
  5
393
330
17
100
AcDbEntity
  8
AVAN-CIZGI
100
AcDbLine
 10
-3767.5
 20
1377.6792
 30
0.0
 11
-3587.5
 21
1377.6792
 31
0.0
  0
LINE
  5
394
330
17
100
AcDbEntity
  8
AVAN-CIZGI
100
AcDbLine
 10
-3767.5
 20
1372.0347
 30
0.0
 11
-3587.5
 21
1372.0347
 31
0.0
  0
LINE
  5
395
330
17
100
AcDbEntity
  8
AVAN-CIZGI
100
AcDbLine
 10
-3767.5
 20
1359.5464
 30
0.0
 11
-3587.5
 21
1359.5464
 31
0.0
  0
LINE
  5
396
330
17
100
AcDbEntity
  8
AVAN-CIZGI
100
AcDbLine
 10
-3767.5
 20
1336.6864
 30
0.0
 11
-3587.5
 21
1336.6864
 31
0.0
  0
TEXT
  5
397
330
17
100
AcDbEntity
  8
AVAN-YAZI
100
AcDbText
 10
-3718.4722
 20
1587.7
 30
0.0
 40
3.086
  1
ASANSÖR AVAN PROJE HESAPLARI
  7
AVAN-KALIN
 41
1.066
 11
-3718.4722
 21
1587.7
 31
0.0
100
AcDbText
  0
TEXT
  5
398
330
17
100
AcDbEntity
  8
AVAN-YAZI
100
AcDbText
 10
-3619.8442
 20
1573.356
 30
0.0
 40
1.903
  1
AVAN PROJE HESAPLARI
  7
AVAN
 41
0.9628
 11
-3619.8442
 21
1573.356
 31
0.0
100
AcDbText
  0
TEXT
  5
399
330
17
100
AcDbEntity
  8
AVAN-YAZI
100
AcDbText
 10
-3766.4417
 20
1573.2325
 30
0.0
 40
2.443
  1
1 NOLU ASANSÖR — İnsan
  7
AVAN-KALIN
 41
1.0645
 11
-3766.4417
 21
1573.2325
 31
0.0
100
AcDbText
  0
TEXT
  5
39A
330
17
100
AcDbEntity
  8
AVAN-YAZI
100
AcDbText
 10
-3612.4217
 20
1566.5121
 30
0.0
 40
1.903
  1
MMO / 697 — s.21
  7
AVAN
 41
1.0698
 11
-3612.4217
 21
1566.5121
 31
0.0
100
AcDbText
  0
TEXT
  5
39B
330
17
100
AcDbEntity
  8
AVAN-YAZI
100
AcDbText
 10
-3766.4417
 20
1566.3886
 30
0.0
 40
2.443
  1
1 - MOTOR GÜCÜ HESABI
  7
AVAN-KALIN
 41
1.1032
 11
-3766.4417
 21
1566.3886
 31
0.0
100
AcDbText
  0
TEXT
  5
39C
330
17
100
AcDbEntity
  8
AVAN-YAZI
100
AcDbText
 10
-3616.4416
 20
1560.4267
 30
0.0
 40
1.775
  1
GİRİŞ
  7
AVAN
 41
0.6995
 11
-3616.4416
 21
1560.4267
 31
0.0
100
AcDbText
  0
TEXT
  5
39D
330
17
100
AcDbEntity
  8
AVAN-YAZI
100
AcDbText
 10
-3766.4417
 20
1560.3561
 30
0.0
 40
2.109
  1
Q
  7
AVAN
 41
0.9937
 11
-3766.4417
 21
1560.3561
 31
0.0
100
AcDbText
  0
TEXT
  5
39E
330
17
100
AcDbEntity
  8
AVAN-YAZI
100
AcDbText
 10
-3753.4417
 20
1560.3561
 30
0.0
 40
2.109
  1
Anma yükü
  7
AVAN
 41
1.1116
 11
-3753.4417
 21
1560.3561
 31
0.0
100
AcDbText
  0
TEXT
  5
39F
330
17
100
AcDbEntity
  8
AVAN-YAZI
100
AcDbText
 10
-3669.4417
 20
1560.3561
 30
0.0
 40
2.109
  1
=
  7
AVAN
 41
1.4092
 11
-3669.4417
 21
1560.3561
 31
0.0
100
AcDbText
  0
TEXT
  5
3A0
330
17
100
AcDbEntity
  8
AVAN-YAZI
100
AcDbText
 10
-3634.4417
 20
1560.3561
 30
0.0
 40
2.109
  1
kg
  7
AVAN
 41
1.129
 11
-3634.4417
 21
1560.3561
 31
0.0
100
AcDbText
  0
TEXT
  5
3A1
330
17
100
AcDbEntity
  8
AVAN-YAZI
100
AcDbText
 10
-3642.8913
 20
1560.215
 30
0.0
 40
2.212
  1
800
  7
AVAN-KALIN
 41
1.2291
 11
-3642.8913
 21
1560.215
 31
0.0
100
AcDbText
  0
TEXT
  5
3A2
330
17
100
AcDbEntity
  8
AVAN-YAZI
100
AcDbText
 10
-3616.4416
 20
1554.7822
 30
0.0
 40
1.775
  1
GİRİŞ
  7
AVAN
 41
0.6995
 11
-3616.4416
 21
1554.7822
 31
0.0
100
AcDbText
  0
TEXT
  5
3A3
330
17
100
AcDbEntity
  8
AVAN-YAZI
100
AcDbText
 10
-3766.4417
 20
1554.7117
 30
0.0
 40
2.109
  1
V
  7
AVAN
 41
1.0073
 11
-3766.4417
 21
1554.7117
 31
0.0
100
AcDbText
  0
TEXT
  5
3A4
330
17
100
AcDbEntity
  8
AVAN-YAZI
100
AcDbText
 10
-3753.4417
 20
1554.7117
 30
0.0
 40
2.109
  1
Kabin hızı
  7
AVAN
 41
0.8795
 11
-3753.4417
 21
1554.7117
 31
0.0
100
AcDbText
  0
TEXT
  5
3A5
330
17
100
AcDbEntity
  8
AVAN-YAZI
100
AcDbText
 10
-3669.4417
 20
1554.7117
 30
0.0
 40
2.109
  1
=
  7
AVAN
 41
1.4092
 11
-3669.4417
 21
1554.7117
 31
0.0
100
AcDbText
  0
TEXT
  5
3A6
330
17
100
AcDbEntity
  8
AVAN-YAZI
100
AcDbText
 10
-3634.4417
 20
1554.7117
 30
0.0
 40
2.109
  1
m/s
  7
AVAN
 41
1.1169
 11
-3634.4417
 21
1554.7117
 31
0.0
100
AcDbText
  0
TEXT
  5
3A7
330
17
100
AcDbEntity
  8
AVAN-YAZI
100
AcDbText
 10
-3644.0438
 20
1554.5706
 30
0.0
 40
2.212
  1
1,60
  7
AVAN-KALIN
 41
1.2453
 11
-3644.0438
 21
1554.5706
 31
0.0
100
AcDbText
  0
TEXT
  5
3A8
330
17
100
AcDbEntity
  8
AVAN-YAZI
100
AcDbText
 10
-3616.4416
 20
1549.1378
 30
0.0
 40
1.775
  1
SABİTLER B
  7
AVAN
 41
0.9093
 11
-3616.4416
 21
1549.1378
 31
0.0
100
AcDbText
  0
TEXT
  5
3A9
330
17
100
AcDbEntity
  8
AVAN-YAZI
100
AcDbText
 10
-3766.4417
 20
1549.0672
 30
0.0
 40
2.109
  1
q
  7
AVAN
 41
1.1213
 11
-3766.4417
 21
1549.0672
 31
0.0
100
AcDbText
  0
TEXT
  5
3AA
330
17
100
AcDbEntity
  8
AVAN-YAZI
100
AcDbText
 10
-3753.4417
 20
1549.0672
 30
0.0
 40
2.109
  1
Denge faktörü ( karşı ağırlığın dengelediği oran )
  7
AVAN
 41
0.9867
 11
-3753.4417
 21
1549.0672
 31
0.0
100
AcDbText
  0
TEXT
  5
3AB
330
17
100
AcDbEntity
  8
AVAN-YAZI
100
AcDbText
 10
-3669.4417
 20
1549.0672
 30
0.0
 40
2.109
  1
=
  7
AVAN
 41
1.4092
 11
-3669.4417
 21
1549.0672
 31
0.0
100
AcDbText
  0
TEXT
  5
3AC
330
17
100
AcDbEntity
  8
AVAN-YAZI
100
AcDbText
 10
-3634.4417
 20
1549.0672
 30
0.0
 40
2.109
  1
—
  7
AVAN
 41
0.9822
 11
-3634.4417
 21
1549.0672
 31
0.0
100
AcDbText
  0
TEXT
  5
3AD
330
17
100
AcDbEntity
  8
AVAN-YAZI
100
AcDbText
 10
-3644.0438
 20
1548.9261
 30
0.0
 40
2.212
  1
0,50
  7
AVAN-KALIN
 41
1.2453
 11
-3644.0438
 21
1548.9261
 31
0.0
100
AcDbText
  0
TEXT
  5
3AE
330
17
100
AcDbEntity
  8
AVAN-YAZI
100
AcDbText
 10
-3616.4416
 20
1543.4933
 30
0.0
 40
1.775
  1
belirtilmedi
  7
AVAN
 41
1.1648
 11
-3616.4416
 21
1543.4933
 31
0.0
100
AcDbText
  0
TEXT
  5
3AF
330
17
100
AcDbEntity
  8
AVAN-YAZI
100
AcDbText
 10
-3753.4417
 20
1543.4228
 30
0.0
 40
2.109
  1
Makine tipi
  7
AVAN
 41
1.1266
 11
-3753.4417
 21
1543.4228
 31
0.0
100
AcDbText
  0
TEXT
  5
3B0
330
17
100
AcDbEntity
  8
AVAN-YAZI
100
AcDbText
 10
-3669.4417
 20
1543.4228
 30
0.0
 40
2.109
  1
=
  7
AVAN
 41
1.4092
 11
-3669.4417
 21
1543.4228
 31
0.0
100
AcDbText
  0
TEXT
  5
3B1
330
17
100
AcDbEntity
  8
AVAN-YAZI
100
AcDbText
 10
-3639.5922
 20
1543.2817
 30
0.0
 40
2.212
  1
—
  7
AVAN-KALIN
 41
0.9822
 11
-3639.5922
 21
1543.2817
 31
0.0
100
AcDbText
  0
TEXT
  5
3B2
330
17
100
AcDbEntity
  8
AVAN-YAZI
100
AcDbText
 10
-3616.4416
 20
1537.8489
 30
0.0
 40
1.775
  1
SABİTLER B
  7
AVAN
 41
0.9093
 11
-3616.4416
 21
1537.8489
 31
0.0
100
AcDbText
  0
TEXT
  5
3B3
330
17
100
AcDbEntity
  8
AVAN-YAZI
100
AcDbText
 10
-3766.4417
 20
1537.7783
 30
0.0
 40
2.109
  1
i
  7
AVAN
 41
1.2292
 11
-3766.4417
 21
1537.7783
 31
0.0
100
AcDbText
  0
TEXT
  5
3B4
330
17
100
AcDbEntity
  8
AVAN-YAZI
100
AcDbText
 10
-3753.4417
 20
1537.7783
 30
0.0
 40
2.109
  1
Askı ( palanga ) oranı — 2:1
  7
AVAN
 41
1.0152
 11
-3753.4417
 21
1537.7783
 31
0.0
100
AcDbText
  0
TEXT
  5
3B5
330
17
100
AcDbEntity
  8
AVAN-YAZI
100
AcDbText
 10
-3669.4417
 20
1537.7783
 30
0.0
 40
2.109
  1
=
  7
AVAN
 41
1.4092
 11
-3669.4417
 21
1537.7783
 31
0.0
100
AcDbText
  0
TEXT
  5
3B6
330
17
100
AcDbEntity
  8
AVAN-YAZI
100
AcDbText
 10
-3634.4417
 20
1537.7783
 30
0.0
 40
2.109
  1
—
  7
AVAN
 41
0.9822
 11
-3634.4417
 21
1537.7783
 31
0.0
100
AcDbText
  0
TEXT
  5
3B7
330
17
100
AcDbEntity
  8
AVAN-YAZI
100
AcDbText
 10
-3638.6693
 20
1537.6372
 30
0.0
 40
2.212
  1
2
  7
AVAN-KALIN
 41
1.2291
 11
-3638.6693
 21
1537.6372
 31
0.0
100
AcDbText
  0
TEXT
  5
3B8
330
17
100
AcDbEntity
  8
AVAN-YAZI
100
AcDbText
 10
-3616.4416
 20
1532.2044
 30
0.0
 40
1.775
  1
GİRİŞ
  7
AVAN
 41
0.6995
 11
-3616.4416
 21
1532.2044
 31
0.0
100
AcDbText
  0
TEXT
  5
3B9
330
17
100
AcDbEntity
  8
AVAN-YAZI
100
AcDbText
 10
-3766.4417
 20
1532.1339
 30
0.0
 40
2.109
  1
η
  7
AVAN
 41
1.0323
 11
-3766.4417
 21
1532.1339
 31
0.0
100
AcDbText
  0
TEXT
  5
3BA
330
17
100
AcDbEntity
  8
AVAN-YAZI
100
AcDbText
 10
-3753.4417
 20
1532.1339
 30
0.0
 40
2.109
  1
Makine verimi
  7
AVAN
 41
1.1224
 11
-3753.4417
 21
1532.1339
 31
0.0
100
AcDbText
  0
TEXT
  5
3BB
330
17
100
AcDbEntity
  8
AVAN-YAZI
100
AcDbText
 10
-3669.4417
 20
1532.1339
 30
0.0
 40
2.109
  1
=
  7
AVAN
 41
1.4092
 11
-3669.4417
 21
1532.1339
 31
0.0
100
AcDbText
  0
TEXT
  5
3BC
330
17
100
AcDbEntity
  8
AVAN-YAZI
100
AcDbText
 10
-3634.4417
 20
1532.1339
 30
0.0
 40
2.109
  1
—
  7
AVAN
 41
0.9822
 11
-3634.4417
 21
1532.1339
 31
0.0
100
AcDbText
  0
TEXT
  5
3BD
330
17
100
AcDbEntity
  8
AVAN-YAZI
100
AcDbText
 10
-3644.0438
 20
1531.9928
 30
0.0
 40
2.212
  1
0,85
  7
AVAN-KALIN
 41
1.2453
 11
-3644.0438
 21
1531.9928
 31
0.0
100
AcDbText
  0
TEXT
  5
3BE
330
17
100
AcDbEntity
  8
AVAN-YAZI
100
AcDbText
 10
-3616.4416
 20
1526.9481
 30
0.0
 40
1.775
  1
SABİTLER A /
  7
AVAN
 41
0.9292
 11
-3616.4416
 21
1526.9481
 31
0.0
100
AcDbText
  0
TEXT
  5
3BF
330
17
100
AcDbEntity
  8
AVAN-YAZI
100
AcDbText
 10
-3766.4417
 20
1525.29
 30
0.0
 40
2.109
  1
η′
  7
AVAN
 41
0.9947
 11
-3766.4417
 21
1525.29
 31
0.0
100
AcDbText
  0
TEXT
  5
3C0
330
17
100
AcDbEntity
  8
AVAN-YAZI
100
AcDbText
 10
-3753.4417
 20
1525.29
 30
0.0
 40
2.109
  1
Palangalı sistemde verim ( i > 1 ise η − 0,10 )
  7
AVAN
 41
1.1038
 11
-3753.4417
 21
1525.29
 31
0.0
100
AcDbText
  0
TEXT
  5
3C1
330
17
100
AcDbEntity
  8
AVAN-YAZI
100
AcDbText
 10
-3669.4417
 20
1525.29
 30
0.0
 40
2.109
  1
=
  7
AVAN
 41
1.4092
 11
-3669.4417
 21
1525.29
 31
0.0
100
AcDbText
  0
TEXT
  5
3C2
330
17
100
AcDbEntity
  8
AVAN-YAZI
100
AcDbText
 10
-3634.4417
 20
1525.29
 30
0.0
 40
2.109
  1
—
  7
AVAN
 41
0.9822
 11
-3634.4417
 21
1525.29
 31
0.0
100
AcDbText
  0
TEXT
  5
3C3
330
17
100
AcDbEntity
  8
AVAN-YAZI
100
AcDbText
 10
-3644.0438
 20
1525.1489
 30
0.0
 40
2.212
  1
0,75
  7
AVAN-KALIN
 41
1.2453
 11
-3644.0438
 21
1525.1489
 31
0.0
100
AcDbText
  0
TEXT
  5
3C4
330
17
100
AcDbEntity
  8
AVAN-YAZI
100
AcDbText
 10
-3616.4416
 20
1523.7731
 30
0.0
 40
1.775
  1
MMO/697 §2.4
  7
AVAN
 41
1.0642
 11
-3616.4416
 21
1523.7731
 31
0.0
100
AcDbText
  0
TEXT
  5
3C5
330
17
100
AcDbEntity
  8
AVAN-YAZI
100
AcDbText
 10
-3766.4417
 20
1517.3701
 30
0.0
 40
2.16
  1
N = ( 1 − q ) · Q · V / ( 102 · η′ )
  7
AVAN-KALIN
 41
1.2396
 11
-3766.4417
 21
1517.3701
 31
0.0
100
AcDbText
  0
TEXT
  5
3C6
330
17
100
AcDbEntity
  8
AVAN-YAZI
100
AcDbText
 10
-3616.4416
 20
1512.3783
 30
0.0
 40
1.775
  1
hesaplanan
  7
AVAN
 41
1.0997
 11
-3616.4416
 21
1512.3783
 31
0.0
100
AcDbText
  0
TEXT
  5
3C7
330
17
100
AcDbEntity
  8
AVAN-YAZI
100
AcDbText
 10
-3753.4417
 20
1512.3607
 30
0.0
 40
2.109
  1
= ( 1 − 0,50 ) · 800 · 1,60 / ( 102 · 0,75 )
  7
AVAN
 41
1.148
 11
-3753.4417
 21
1512.3607
 31
0.0
100
AcDbText
  0
TEXT
  5
3C8
330
17
100
AcDbEntity
  8
AVAN-YAZI
100
AcDbText
 10
-3634.4417
 20
1512.3078
 30
0.0
 40
2.109
  1
kW
  7
AVAN
 41
1.0664
 11
-3634.4417
 21
1512.3078
 31
0.0
100
AcDbText
  0
TEXT
  5
3C9
330
17
100
AcDbEntity
  8
AVAN-YAZI
100
AcDbText
 10
-3644.0438
 20
1512.1667
 30
0.0
 40
2.212
  1
8,37
  7
AVAN-KALIN
 41
1.2453
 11
-3644.0438
 21
1512.1667
 31
0.0
100
AcDbText
  0
TEXT
  5
3CA
330
17
100
AcDbEntity
  8
AVAN-YAZI
100
AcDbText
 10
-3616.4416
 20
1506.0283
 30
0.0
 40
1.775
  1
GİRİŞ — elle seçildi
  7
AVAN
 41
0.9464
 11
-3616.4416
 21
1506.0283
 31
0.0
100
AcDbText
  0
TEXT
  5
3CB
330
17
100
AcDbEntity
  8
AVAN-YAZI
100
AcDbText
 10
-3766.4417
 20
1505.9578
 30
0.0
 40
2.109
  1
Nsç
  7
AVAN
 41
1.0374
 11
-3766.4417
 21
1505.9578
 31
0.0
100
AcDbText
  0
TEXT
  5
3CC
330
17
100
AcDbEntity
  8
AVAN-YAZI
100
AcDbText
 10
-3753.4417
 20
1505.9578
 30
0.0
 40
2.109
  1
SEÇİLEN motor gücü
  7
AVAN
 41
1.006
 11
-3753.4417
 21
1505.9578
 31
0.0
100
AcDbText
  0
TEXT
  5
3CD
330
17
100
AcDbEntity
  8
AVAN-YAZI
100
AcDbText
 10
-3669.4417
 20
1505.9578
 30
0.0
 40
2.109
  1
=
  7
AVAN
 41
1.4092
 11
-3669.4417
 21
1505.9578
 31
0.0
100
AcDbText
  0
TEXT
  5
3CE
330
17
100
AcDbEntity
  8
AVAN-YAZI
100
AcDbText
 10
-3634.4417
 20
1505.9578
 30
0.0
 40
2.109
  1
kW
  7
AVAN
 41
1.0664
 11
-3634.4417
 21
1505.9578
 31
0.0
100
AcDbText
  0
TEXT
  5
3CF
330
17
100
AcDbEntity
  8
AVAN-YAZI
100
AcDbText
 10
-3640.7803
 20
1505.8167
 30
0.0
 40
2.212
  1
11
  7
AVAN-KALIN
 41
1.2291
 11
-3640.7803
 21
1505.8167
 31
0.0
100
AcDbText
  0
TEXT
  5
3D0
330
17
100
AcDbEntity
  8
AVAN-YAZI
100
AcDbText
 10
-3766.7944
 20
1497.9667
 30
0.0
 40
2.315
  1
KONTROL Nsç ≥ N
  7
AVAN-KALIN
 41
1.1218
 11
-3766.7944
 21
1497.9667
 31
0.0
100
AcDbText
  0
TEXT
  5
3D1
330
17
100
AcDbEntity
  8
AVAN-YAZI
100
AcDbText
 10
-3714.7944
 20
1497.9667
 30
0.0
 40
2.315
  1
UYGUN
  7
AVAN-KALIN
 41
1.0896
 11
-3714.7944
 21
1497.9667
 31
0.0
100
AcDbText
  0
TEXT
  5
3D2
330
17
100
AcDbEntity
  8
AVAN-YAZI
100
AcDbText
 10
-3765.3833
 20
1491.5808
 30
0.0
 40
1.852
  1
▪ Motor gücü denkleminde askı oranı yalnız VERİM üzerinden etkilidir: N = (1−q)·Q·V / (102·η′) bir GÜÇ bağıntısıdır ve güç, askı oranından
  7
AVAN
 41
1.0187
 11
-3765.3833
 21
1491.5808
 31
0.0
100
AcDbText
  0
TEXT
  5
3D3
330
17
100
AcDbEntity
  8
AVAN-YAZI
100
AcDbText
 10
-3765.3833
 20
1488.1942
 30
0.0
 40
1.852
  1
bağımsızdır — 2:1 askıda halat hızı yarıya iner, kuvvet iki katına çıkar, çarpımları değişmez. Askı oranının etkisi MMO/697 §2.4'teki Δη =
  7
AVAN
 41
0.9868
 11
-3765.3833
 21
1488.1942
 31
0.0
100
AcDbText
  0
TEXT
  5
3D4
330
17
100
AcDbEntity
  8
AVAN-YAZI
100
AcDbText
 10
-3765.3833
 20
1484.8075
 30
0.0
 40
1.852
  1
0,10 verim düşüşüdür.
  7
AVAN
 41
1.0664
 11
-3765.3833
 21
1484.8075
 31
0.0
100
AcDbText
  0
TEXT
  5
3D5
330
17
100
AcDbEntity
  8
AVAN-YAZI
100
AcDbText
 10
-3631.8836
 20
1476.3335
 30
0.0
 40
1.903
  1
MMO / 697 s.18-20 / TS EN 81-20
  7
AVAN
 41
1.0743
 11
-3631.8836
 21
1476.3335
 31
0.0
100
AcDbText
  0
TEXT
  5
3D6
330
17
100
AcDbEntity
  8
AVAN-YAZI
100
AcDbText
 10
-3766.4417
 20
1476.21
 30
0.0
 40
2.443
  1
2 - KUVVET HESAPLARI
  7
AVAN-KALIN
 41
1.101
 11
-3766.4417
 21
1476.21
 31
0.0
100
AcDbText
  0
TEXT
  5
3D7
330
17
100
AcDbEntity
  8
AVAN-YAZI
100
AcDbText
 10
-3766.4417
 20
1469.472
 30
0.0
 40
2.109
  1
ORTAK BÜYÜKLÜKLER
  7
AVAN
 41
0.9766
 11
-3766.4417
 21
1469.472
 31
0.0
100
AcDbText
  0
TEXT
  5
3D8
330
17
100
AcDbEntity
  8
AVAN-YAZI
100
AcDbText
 10
-3616.4416
 20
1463.5453
 30
0.0
 40
1.775
  1
SABİTLER A
  7
AVAN
 41
0.909
 11
-3616.4416
 21
1463.5453
 31
0.0
100
AcDbText
  0
TEXT
  5
3D9
330
17
100
AcDbEntity
  8
AVAN-YAZI
100
AcDbText
 10
-3766.4417
 20
1463.4747
 30
0.0
 40
2.109
  1
gn
  7
AVAN
 41
1.1204
 11
-3766.4417
 21
1463.4747
 31
0.0
100
AcDbText
  0
TEXT
  5
3DA
330
17
100
AcDbEntity
  8
AVAN-YAZI
100
AcDbText
 10
-3753.4417
 20
1463.4747
 30
0.0
 40
2.109
  1
Yerçekimi ivmesi
  7
AVAN
 41
1.1114
 11
-3753.4417
 21
1463.4747
 31
0.0
100
AcDbText
  0
TEXT
  5
3DB
330
17
100
AcDbEntity
  8
AVAN-YAZI
100
AcDbText
 10
-3669.4417
 20
1463.4747
 30
0.0
 40
2.109
  1
=
  7
AVAN
 41
1.4092
 11
-3669.4417
 21
1463.4747
 31
0.0
100
AcDbText
  0
TEXT
  5
3DC
330
17
100
AcDbEntity
  8
AVAN-YAZI
100
AcDbText
 10
-3634.4417
 20
1463.4747
 30
0.0
 40
2.109
  1
m/s²
  7
AVAN
 41
1.1281
 11
-3634.4417
 21
1463.4747
 31
0.0
100
AcDbText
  0
TEXT
  5
3DD
330
17
100
AcDbEntity
  8
AVAN-YAZI
100
AcDbText
 10
-3644.0438
 20
1463.3336
 30
0.0
 40
2.212
  1
9,81
  7
AVAN-KALIN
 41
1.2453
 11
-3644.0438
 21
1463.3336
 31
0.0
100
AcDbText
  0
TEXT
  5
3DE
330
17
100
AcDbEntity
  8
AVAN-YAZI
100
AcDbText
 10
-3616.4416
 20
1457.9008
 30
0.0
 40
1.775
  1
Tablo-11
  7
AVAN
 41
1.0905
 11
-3616.4416
 21
1457.9008
 31
0.0
100
AcDbText
  0
TEXT
  5
3DF
330
17
100
AcDbEntity
  8
AVAN-YAZI
100
AcDbText
 10
-3766.4417
 20
1457.8303
 30
0.0
 40
2.109
  1
Gk
  7
AVAN
 41
1.0406
 11
-3766.4417
 21
1457.8303
 31
0.0
100
AcDbText
  0
TEXT
  5
3E0
330
17
100
AcDbEntity
  8
AVAN-YAZI
100
AcDbText
 10
-3753.4417
 20
1457.8303
 30
0.0
 40
2.109
  1
Boş kabin kütlesi
  7
AVAN
 41
1.074
 11
-3753.4417
 21
1457.8303
 31
0.0
100
AcDbText
  0
TEXT
  5
3E1
330
17
100
AcDbEntity
  8
AVAN-YAZI
100
AcDbText
 10
-3669.4417
 20
1457.8303
 30
0.0
 40
2.109
  1
=
  7
AVAN
 41
1.4092
 11
-3669.4417
 21
1457.8303
 31
0.0
100
AcDbText
  0
TEXT
  5
3E2
330
17
100
AcDbEntity
  8
AVAN-YAZI
100
AcDbText
 10
-3634.4417
 20
1457.8303
 30
0.0
 40
2.109
  1
kg
  7
AVAN
 41
1.129
 11
-3634.4417
 21
1457.8303
 31
0.0
100
AcDbText
  0
TEXT
  5
3E3
330
17
100
AcDbEntity
  8
AVAN-YAZI
100
AcDbText
 10
-3642.8913
 20
1457.6892
 30
0.0
 40
2.212
  1
800
  7
AVAN-KALIN
 41
1.2291
 11
-3642.8913
 21
1457.6892
 31
0.0
100
AcDbText
  0
TEXT
  5
3E4
330
17
100
AcDbEntity
  8
AVAN-YAZI
100
AcDbText
 10
-3616.4416
 20
1452.2564
 30
0.0
 40
1.775
  1
SABİTLER B
  7
AVAN
 41
0.9093
 11
-3616.4416
 21
1452.2564
 31
0.0
100
AcDbText
  0
TEXT
  5
3E5
330
17
100
AcDbEntity
  8
AVAN-YAZI
100
AcDbText
 10
-3766.4417
 20
1452.1858
 30
0.0
 40
2.109
  1
gf
  7
AVAN
 41
1.1621
 11
-3766.4417
 21
1452.1858
 31
0.0
100
AcDbText
  0
TEXT
  5
3E6
330
17
100
AcDbEntity
  8
AVAN-YAZI
100
AcDbText
 10
-3753.4417
 20
1452.1858
 30
0.0
 40
2.109
  1
Gezici kablo ( flexbil ) birim kütlesi
  7
AVAN
 41
1.13
 11
-3753.4417
 21
1452.1858
 31
0.0
100
AcDbText
  0
TEXT
  5
3E7
330
17
100
AcDbEntity
  8
AVAN-YAZI
100
AcDbText
 10
-3669.4417
 20
1452.1858
 30
0.0
 40
2.109
  1
=
  7
AVAN
 41
1.4092
 11
-3669.4417
 21
1452.1858
 31
0.0
100
AcDbText
  0
TEXT
  5
3E8
330
17
100
AcDbEntity
  8
AVAN-YAZI
100
AcDbText
 10
-3634.4417
 20
1452.1858
 30
0.0
 40
2.109
  1
kg/m
  7
AVAN
 41
1.1444
 11
-3634.4417
 21
1452.1858
 31
0.0
100
AcDbText
  0
TEXT
  5
3E9
330
17
100
AcDbEntity
  8
AVAN-YAZI
100
AcDbText
 10
-3644.0438
 20
1452.0447
 30
0.0
 40
2.212
  1
1,50
  7
AVAN-KALIN
 41
1.2453
 11
-3644.0438
 21
1452.0447
 31
0.0
100
AcDbText
  0
TEXT
  5
3EA
330
17
100
AcDbEntity
  8
AVAN-YAZI
100
AcDbText
 10
-3766.4417
 20
1445.4654
 30
0.0
 40
2.16
  1
Gf = gf · ( Hk / 2 + 3 )
  7
AVAN-KALIN
 41
1.2377
 11
-3766.4417
 21
1445.4654
 31
0.0
100
AcDbText
  0
TEXT
  5
3EB
330
17
100
AcDbEntity
  8
AVAN-YAZI
100
AcDbText
 10
-3616.4416
 20
1440.4736
 30
0.0
 40
1.775
  1
gezici kablo kütlesi
  7
AVAN
 41
1.1228
 11
-3616.4416
 21
1440.4736
 31
0.0
100
AcDbText
  0
TEXT
  5
3EC
330
17
100
AcDbEntity
  8
AVAN-YAZI
100
AcDbText
 10
-3753.4417
 20
1440.456
 30
0.0
 40
2.109
  1
= 1,50 · ( 32,85 / 2 + 3 )
  7
AVAN
 41
1.159
 11
-3753.4417
 21
1440.456
 31
0.0
100
AcDbText
  0
TEXT
  5
3ED
330
17
100
AcDbEntity
  8
AVAN-YAZI
100
AcDbText
 10
-3634.4417
 20
1440.4031
 30
0.0
 40
2.109
  1
kg
  7
AVAN
 41
1.129
 11
-3634.4417
 21
1440.4031
 31
0.0
100
AcDbText
  0
TEXT
  5
3EE
330
17
100
AcDbEntity
  8
AVAN-YAZI
100
AcDbText
 10
-3646.1548
 20
1440.2619
 30
0.0
 40
2.212
  1
29,14
  7
AVAN-KALIN
 41
1.2417
 11
-3646.1548
 21
1440.2619
 31
0.0
100
AcDbText
  0
TEXT
  5
3EF
330
17
100
AcDbEntity
  8
AVAN-YAZI
100
AcDbText
 10
-3766.4417
 20
1432.9771
 30
0.0
 40
2.16
  1
P = Gk + Gf
  7
AVAN-KALIN
 41
1.1918
 11
-3766.4417
 21
1432.9771
 31
0.0
100
AcDbText
  0
TEXT
  5
3F0
330
17
100
AcDbEntity
  8
AVAN-YAZI
100
AcDbText
 10
-3616.4416
 20
1428.5144
 30
0.0
 40
1.775
  1
kabin tarafı toplam
  7
AVAN
 41
1.0754
 11
-3616.4416
 21
1428.5144
 31
0.0
100
AcDbText
  0
TEXT
  5
3F1
330
17
100
AcDbEntity
  8
AVAN-YAZI
100
AcDbText
 10
-3753.4417
 20
1426.9093
 30
0.0
 40
2.109
  1
= 800 + 29,14
  7
AVAN
 41
1.1777
 11
-3753.4417
 21
1426.9093
 31
0.0
100
AcDbText
  0
TEXT
  5
3F2
330
17
100
AcDbEntity
  8
AVAN-YAZI
100
AcDbText
 10
-3634.4417
 20
1426.8564
 30
0.0
 40
2.109
  1
kg
  7
AVAN
 41
1.129
 11
-3634.4417
 21
1426.8564
 31
0.0
100
AcDbText
  0
TEXT
  5
3F3
330
17
100
AcDbEntity
  8
AVAN-YAZI
100
AcDbText
 10
-3648.2658
 20
1426.7153
 30
0.0
 40
2.212
  1
829,14
  7
AVAN-KALIN
 41
1.2394
 11
-3648.2658
 21
1426.7153
 31
0.0
100
AcDbText
  0
TEXT
  5
3F4
330
17
100
AcDbEntity
  8
AVAN-YAZI
100
AcDbText
 10
-3616.4416
 20
1425.3394
 30
0.0
 40
1.775
  1
kütle
  7
AVAN
 41
1.1617
 11
-3616.4416
 21
1425.3394
 31
0.0
100
AcDbText
  0
TEXT
  5
3F5
330
17
100
AcDbEntity
  8
AVAN-YAZI
100
AcDbText
 10
-3616.4416
 20
1419.5186
 30
0.0
 40
1.775
  1
GİRİŞ
  7
AVAN
 41
0.6995
 11
-3616.4416
 21
1419.5186
 31
0.0
100
AcDbText
  0
TEXT
  5
3F6
330
17
100
AcDbEntity
  8
AVAN-YAZI
100
AcDbText
 10
-3766.4417
 20
1419.4481
 30
0.0
 40
2.109
  1
Q
  7
AVAN
 41
0.9937
 11
-3766.4417
 21
1419.4481
 31
0.0
100
AcDbText
  0
TEXT
  5
3F7
330
17
100
AcDbEntity
  8
AVAN-YAZI
100
AcDbText
 10
-3753.4417
 20
1419.4481
 30
0.0
 40
2.109
  1
Anma yükü
  7
AVAN
 41
1.1116
 11
-3753.4417
 21
1419.4481
 31
0.0
100
AcDbText
  0
TEXT
  5
3F8
330
17
100
AcDbEntity
  8
AVAN-YAZI
100
AcDbText
 10
-3669.4417
 20
1419.4481
 30
0.0
 40
2.109
  1
=
  7
AVAN
 41
1.4092
 11
-3669.4417
 21
1419.4481
 31
0.0
100
AcDbText
  0
TEXT
  5
3F9
330
17
100
AcDbEntity
  8
AVAN-YAZI
100
AcDbText
 10
-3634.4417
 20
1419.4481
 30
0.0
 40
2.109
  1
kg
  7
AVAN
 41
1.129
 11
-3634.4417
 21
1419.4481
 31
0.0
100
AcDbText
  0
TEXT
  5
3FA
330
17
100
AcDbEntity
  8
AVAN-YAZI
100
AcDbText
 10
-3642.8913
 20
1419.3069
 30
0.0
 40
2.212
  1
800
  7
AVAN-KALIN
 41
1.2291
 11
-3642.8913
 21
1419.3069
 31
0.0
100
AcDbText
  0
TEXT
  5
3FB
330
17
100
AcDbEntity
  8
AVAN-YAZI
100
AcDbText
 10
-3616.4416
 20
1413.8742
 30
0.0
 40
1.775
  1
SABİTLER B
  7
AVAN
 41
0.9093
 11
-3616.4416
 21
1413.8742
 31
0.0
100
AcDbText
  0
TEXT
  5
3FC
330
17
100
AcDbEntity
  8
AVAN-YAZI
100
AcDbText
 10
-3766.4417
 20
1413.8036
 30
0.0
 40
2.109
  1
q
  7
AVAN
 41
1.1213
 11
-3766.4417
 21
1413.8036
 31
0.0
100
AcDbText
  0
TEXT
  5
3FD
330
17
100
AcDbEntity
  8
AVAN-YAZI
100
AcDbText
 10
-3753.4417
 20
1413.8036
 30
0.0
 40
2.109
  1
Denge faktörü
  7
AVAN
 41
1.1227
 11
-3753.4417
 21
1413.8036
 31
0.0
100
AcDbText
  0
TEXT
  5
3FE
330
17
100
AcDbEntity
  8
AVAN-YAZI
100
AcDbText
 10
-3669.4417
 20
1413.8036
 30
0.0
 40
2.109
  1
=
  7
AVAN
 41
1.4092
 11
-3669.4417
 21
1413.8036
 31
0.0
100
AcDbText
  0
TEXT
  5
3FF
330
17
100
AcDbEntity
  8
AVAN-YAZI
100
AcDbText
 10
-3634.4417
 20
1413.8036
 30
0.0
 40
2.109
  1
—
  7
AVAN
 41
0.9822
 11
-3634.4417
 21
1413.8036
 31
0.0
100
AcDbText
  0
TEXT
  5
400
330
17
100
AcDbEntity
  8
AVAN-YAZI
100
AcDbText
 10
-3644.0438
 20
1413.6625
 30
0.0
 40
2.212
  1
0,50
  7
AVAN-KALIN
 41
1.2453
 11
-3644.0438
 21
1413.6625
 31
0.0
100
AcDbText
  0
TEXT
  5
401
330
17
100
AcDbEntity
  8
AVAN-YAZI
100
AcDbText
 10
-3766.4417
 20
1407.0832
 30
0.0
 40
2.16
  1
Ga = P + q · Q
  7
AVAN-KALIN
 41
1.1989
 11
-3766.4417
 21
1407.0832
 31
0.0
100
AcDbText
  0
TEXT
  5
402
330
17
100
AcDbEntity
  8
AVAN-YAZI
100
AcDbText
 10
-3616.4416
 20
1402.0914
 30
0.0
 40
1.775
  1
karşı ağırlık kütlesi
  7
AVAN
 41
0.9061
 11
-3616.4416
 21
1402.0914
 31
0.0
100
AcDbText
  0
TEXT
  5
403
330
17
100
AcDbEntity
  8
AVAN-YAZI
100
AcDbText
 10
-3753.4417
 20
1402.0738
 30
0.0
 40
2.109
  1
= 829,14 + 0,50 · 800
  7
AVAN
 41
1.1587
 11
-3753.4417
 21
1402.0738
 31
0.0
100
AcDbText
  0
TEXT
  5
404
330
17
100
AcDbEntity
  8
AVAN-YAZI
100
AcDbText
 10
-3634.4417
 20
1402.0208
 30
0.0
 40
2.109
  1
kg
  7
AVAN
 41
1.129
 11
-3634.4417
 21
1402.0208
 31
0.0
100
AcDbText
  0
TEXT
  5
405
330
17
100
AcDbEntity
  8
AVAN-YAZI
100
AcDbText
 10
-3651.5293
 20
1401.8797
 30
0.0
 40
2.212
  1
1.229,14
  7
AVAN-KALIN
 41
1.2453
 11
-3651.5293
 21
1401.8797
 31
0.0
100
AcDbText
  0
TEXT
  5
406
330
17
100
AcDbEntity
  8
AVAN-YAZI
100
AcDbText
 10
-3616.4416
 20
1396.1294
 30
0.0
 40
1.775
  1
SABİTLER A /
  7
AVAN
 41
0.9292
 11
-3616.4416
 21
1396.1294
 31
0.0
100
AcDbText
  0
TEXT
  5
407
330
17
100
AcDbEntity
  8
AVAN-YAZI
100
AcDbText
 10
-3766.4417
 20
1394.4714
 30
0.0
 40
2.109
  1
k1
  7
AVAN
 41
1.1304
 11
-3766.4417
 21
1394.4714
 31
0.0
100
AcDbText
  0
TEXT
  5
408
330
17
100
AcDbEntity
  8
AVAN-YAZI
100
AcDbText
 10
-3753.4417
 20
1394.4714
 30
0.0
 40
2.109
  1
Darbe faktörü ( V > 1 → 2 / V > 0,63 → 3 / V ≤ 0,63 → 5 )
  7
AVAN
 41
1.0964
 11
-3753.4417
 21
1394.4714
 31
0.0
100
AcDbText
  0
TEXT
  5
409
330
17
100
AcDbEntity
  8
AVAN-YAZI
100
AcDbText
 10
-3669.4417
 20
1394.4714
 30
0.0
 40
2.109
  1
=
  7
AVAN
 41
1.4092
 11
-3669.4417
 21
1394.4714
 31
0.0
100
AcDbText
  0
TEXT
  5
40A
330
17
100
AcDbEntity
  8
AVAN-YAZI
100
AcDbText
 10
-3634.4417
 20
1394.4714
 30
0.0
 40
2.109
  1
—
  7
AVAN
 41
0.9822
 11
-3634.4417
 21
1394.4714
 31
0.0
100
AcDbText
  0
TEXT
  5
40B
330
17
100
AcDbEntity
  8
AVAN-YAZI
100
AcDbText
 10
-3638.6693
 20
1394.3303
 30
0.0
 40
2.212
  1
2
  7
AVAN-KALIN
 41
1.2291
 11
-3638.6693
 21
1394.3303
 31
0.0
100
AcDbText
  0
TEXT
  5
40C
330
17
100
AcDbEntity
  8
AVAN-YAZI
100
AcDbText
 10
-3616.4416
 20
1392.9544
 30
0.0
 40
1.775
  1
MMO/697 Çiz-1
  7
AVAN
 41
1.0626
 11
-3616.4416
 21
1392.9544
 31
0.0
100
AcDbText
  0
TEXT
  5
40D
330
17
100
AcDbEntity
  8
AVAN-YAZI
100
AcDbText
 10
-3616.4416
 20
1387.6981
 30
0.0
 40
1.775
  1
SABİTLER B
  7
AVAN
 41
0.9093
 11
-3616.4416
 21
1387.6981
 31
0.0
100
AcDbText
  0
TEXT
  5
40E
330
17
100
AcDbEntity
  8
AVAN-YAZI
100
AcDbText
 10
-3766.4417
 20
1387.6275
 30
0.0
 40
2.109
  1
n
  7
AVAN
 41
1.1196
 11
-3766.4417
 21
1387.6275
 31
0.0
100
AcDbText
  0
TEXT
  5
40F
330
17
100
AcDbEntity
  8
AVAN-YAZI
100
AcDbText
 10
-3753.4417
 20
1387.6275
 30
0.0
 40
2.109
  1
Kabin kılavuz ray sayısı
  7
AVAN
 41
0.9601
 11
-3753.4417
 21
1387.6275
 31
0.0
100
AcDbText
  0
TEXT
  5
410
330
17
100
AcDbEntity
  8
AVAN-YAZI
100
AcDbText
 10
-3669.4417
 20
1387.6275
 30
0.0
 40
2.109
  1
=
  7
AVAN
 41
1.4092
 11
-3669.4417
 21
1387.6275
 31
0.0
100
AcDbText
  0
TEXT
  5
411
330
17
100
AcDbEntity
  8
AVAN-YAZI
100
AcDbText
 10
-3634.4417
 20
1387.6275
 30
0.0
 40
2.109
  1
adet
  7
AVAN
 41
1.1381
 11
-3634.4417
 21
1387.6275
 31
0.0
100
AcDbText
  0
TEXT
  5
412
330
17
100
AcDbEntity
  8
AVAN-YAZI
100
AcDbText
 10
-3638.6693
 20
1387.4864
 30
0.0
 40
2.212
  1
2
  7
AVAN-KALIN
 41
1.2291
 11
-3638.6693
 21
1387.4864
 31
0.0
100
AcDbText
  0
TEXT
  5
413
330
17
100
AcDbEntity
  8
AVAN-YAZI
100
AcDbText
 10
-3616.4416
 20
1382.4417
 30
0.0
 40
1.775
  1
GİRİŞ — asansör
  7
AVAN
 41
0.9113
 11
-3616.4416
 21
1382.4417
 31
0.0
100
AcDbText
  0
TEXT
  5
414
330
17
100
AcDbEntity
  8
AVAN-YAZI
100
AcDbText
 10
-3766.4417
 20
1380.7836
 30
0.0
 40
2.109
  1
gr
  7
AVAN
 41
1.1555
 11
-3766.4417
 21
1380.7836
 31
0.0
100
AcDbText
  0
TEXT
  5
415
330
17
100
AcDbEntity
  8
AVAN-YAZI
100
AcDbText
 10
-3753.4417
 20
1380.7836
 30
0.0
 40
2.109
  1
1 m kılavuz rayın kütlesi
  7
AVAN
 41
1.0301
 11
-3753.4417
 21
1380.7836
 31
0.0
100
AcDbText
  0
TEXT
  5
416
330
17
100
AcDbEntity
  8
AVAN-YAZI
100
AcDbText
 10
-3669.4417
 20
1380.7836
 30
0.0
 40
2.109
  1
=
  7
AVAN
 41
1.4092
 11
-3669.4417
 21
1380.7836
 31
0.0
100
AcDbText
  0
TEXT
  5
417
330
17
100
AcDbEntity
  8
AVAN-YAZI
100
AcDbText
 10
-3634.4417
 20
1380.7836
 30
0.0
 40
2.109
  1
kg/m
  7
AVAN
 41
1.1444
 11
-3634.4417
 21
1380.7836
 31
0.0
100
AcDbText
  0
TEXT
  5
418
330
17
100
AcDbEntity
  8
AVAN-YAZI
100
AcDbText
 10
-3646.1548
 20
1380.6425
 30
0.0
 40
2.212
  1
17,91
  7
AVAN-KALIN
 41
1.2417
 11
-3646.1548
 21
1380.6425
 31
0.0
100
AcDbText
  0
TEXT
  5
419
330
17
100
AcDbEntity
  8
AVAN-YAZI
100
AcDbText
 10
-3616.4416
 20
1379.2667
 30
0.0
 40
1.775
  1
bazında
  7
AVAN
 41
0.9556
 11
-3616.4416
 21
1379.2667
 31
0.0
100
AcDbText
  0
TEXT
  5
41A
330
17
100
AcDbEntity
  8
AVAN-YAZI
100
AcDbText
 10
-3616.4416
 20
1374.0103
 30
0.0
 40
1.775
  1
SABİTLER A
  7
AVAN
 41
0.909
 11
-3616.4416
 21
1374.0103
 31
0.0
100
AcDbText
  0
TEXT
  5
41B
330
17
100
AcDbEntity
  8
AVAN-YAZI
100
AcDbText
 10
-3766.4417
 20
1373.9397
 30
0.0
 40
2.109
  1
Lr
  7
AVAN
 41
1.0697
 11
-3766.4417
 21
1373.9397
 31
0.0
100
AcDbText
  0
TEXT
  5
41C
330
17
100
AcDbEntity
  8
AVAN-YAZI
100
AcDbText
 10
-3753.4417
 20
1373.9397
 30
0.0
 40
2.109
  1
Kılavuz ray uzunluğu ( Hk − 0,20 )
  7
AVAN
 41
1.0729
 11
-3753.4417
 21
1373.9397
 31
0.0
100
AcDbText
  0
TEXT
  5
41D
330
17
100
AcDbEntity
  8
AVAN-YAZI
100
AcDbText
 10
-3669.4417
 20
1373.9397
 30
0.0
 40
2.109
  1
=
  7
AVAN
 41
1.4092
 11
-3669.4417
 21
1373.9397
 31
0.0
100
AcDbText
  0
TEXT
  5
41E
330
17
100
AcDbEntity
  8
AVAN-YAZI
100
AcDbText
 10
-3634.4417
 20
1373.9397
 30
0.0
 40
2.109
  1
m
  7
AVAN
 41
1.1486
 11
-3634.4417
 21
1373.9397
 31
0.0
100
AcDbText
  0
TEXT
  5
41F
330
17
100
AcDbEntity
  8
AVAN-YAZI
100
AcDbText
 10
-3646.1548
 20
1373.7986
 30
0.0
 40
2.212
  1
32,65
  7
AVAN-KALIN
 41
1.2417
 11
-3646.1548
 21
1373.7986
 31
0.0
100
AcDbText
  0
TEXT
  5
420
330
17
100
AcDbEntity
  8
AVAN-YAZI
100
AcDbText
 10
-3766.4417
 20
1367.2193
 30
0.0
 40
2.16
  1
Mg = Lr · gr
  7
AVAN-KALIN
 41
1.2074
 11
-3766.4417
 21
1367.2193
 31
0.0
100
AcDbText
  0
TEXT
  5
421
330
17
100
AcDbEntity
  8
AVAN-YAZI
100
AcDbText
 10
-3616.4416
 20
1362.2275
 30
0.0
 40
1.775
  1
bir ray hattının kütlesi
  7
AVAN
 41
1.036
 11
-3616.4416
 21
1362.2275
 31
0.0
100
AcDbText
  0
TEXT
  5
422
330
17
100
AcDbEntity
  8
AVAN-YAZI
100
AcDbText
 10
-3753.4417
 20
1362.2099
 30
0.0
 40
2.109
  1
= 32,65 · 17,91
  7
AVAN
 41
1.1485
 11
-3753.4417
 21
1362.2099
 31
0.0
100
AcDbText
  0
TEXT
  5
423
330
17
100
AcDbEntity
  8
AVAN-YAZI
100
AcDbText
 10
-3634.4417
 20
1362.1569
 30
0.0
 40
2.109
  1
kg
  7
AVAN
 41
1.129
 11
-3634.4417
 21
1362.1569
 31
0.0
100
AcDbText
  0
TEXT
  5
424
330
17
100
AcDbEntity
  8
AVAN-YAZI
100
AcDbText
 10
-3648.2658
 20
1362.0158
 30
0.0
 40
2.212
  1
584,76
  7
AVAN-KALIN
 41
1.2394
 11
-3648.2658
 21
1362.0158
 31
0.0
100
AcDbText
  0
TEXT
  5
425
330
17
100
AcDbEntity
  8
AVAN-YAZI
100
AcDbText
 10
-3766.4417
 20
1355.2425
 30
0.0
 40
2.109
  1
A - KUYU ALT BOŞLUĞU TABANINA GELEN KUVVET ( kabin tamponu
  7
AVAN
 41
1.0261
 11
-3766.4417
 21
1355.2425
 31
0.0
100
AcDbText
  0
TEXT
  5
426
330
17
100
AcDbEntity
  8
AVAN-YAZI
100
AcDbText
 10
-3766.4417
 20
1351.2914
 30
0.0
 40
2.109
  1
altı )
  7
AVAN
 41
0.9177
 11
-3766.4417
 21
1351.2914
 31
0.0
100
AcDbText
  0
TEXT
  5
427
330
17
100
AcDbEntity
  8
AVAN-YAZI
100
AcDbText
 10
-3766.4417
 20
1344.3593
 30
0.0
 40
2.16
  1
P1 = 4 · gn · ( P + Q )
  7
AVAN-KALIN
 41
1.2222
 11
-3766.4417
 21
1344.3593
 31
0.0
100
AcDbText
  0
TEXT
  5
428
330
17
100
AcDbEntity
  8
AVAN-YAZI
100
AcDbText
 10
-3753.4417
 20
1339.3499
 30
0.0
 40
2.109
  1
= 4 · 9,81 · ( 829,14 + 800 )
  7
AVAN
 41
1.1526
 11
-3753.4417
 21
1339.3499
 31
0.0
100
AcDbText
  0
TEXT
  5
429
330
17
100
AcDbEntity
  8
AVAN-YAZI
100
AcDbText
 10
-3634.4417
 20
1339.2969
 30
0.0
 40
2.109
  1
N
  7
AVAN
 41
1.0176
 11
-3634.4417
 21
1339.2969
 31
0.0
100
AcDbText
  0
TEXT
  5
42A
330
17
100
AcDbEntity
  8
AVAN-YAZI
100
AcDbText
 10
-3648.2658
 20
1339.1558
 30
0.0
 40
2.212
  1
63.930
  7
AVAN-KALIN
 41
1.2394
 11
-3648.2658
 21
1339.1558
 31
0.0
100
AcDbText
  0
TEXT
  5
42B
330
17
100
AcDbEntity
  8
AVAN-YAZI
100
AcDbText
 10
-3595.9854
 20
1325.3
 30
0.0
 40
1.646
  1
Sayfa 1
  7
AVAN
 41
1.0886
 11
-3595.9854
 21
1325.3
 31
0.0
100
AcDbText
  0
LWPOLYLINE
  5
42C
330
17
100
AcDbEntity
  8
AVAN-A4
100
AcDbPolyline
 90
4
 70
1
 10
-3562.5
 20
1310.9
 10
-3352.4999966666664
 20
1310.9
 10
-3352.4999966666664
 20
1607.9000127777779
 10
-3562.5
 20
1607.9000127777779
  0
LINE
  5
42D
330
17
100
AcDbEntity
  8
AVAN-CIZGI
100
AcDbLine
 10
-3550.5
 20
1322.9
 30
0.0
 11
-3364.5
 21
1322.9
 31
0.0
  0
LINE
  5
42E
330
17
100
AcDbEntity
  8
AVAN-CIZGI
100
AcDbLine
 10
-3364.5
 20
1322.9
 30
0.0
 11
-3364.5
 21
1595.9
 31
0.0
  0
LINE
  5
42F
330
17
100
AcDbEntity
  8
AVAN-CIZGI
100
AcDbLine
 10
-3364.5
 20
1595.9
 30
0.0
 11
-3550.5
 21
1595.9
 31
0.0
  0
LINE
  5
430
330
17
100
AcDbEntity
  8
AVAN-CIZGI
100
AcDbLine
 10
-3550.5
 20
1595.9
 30
0.0
 11
-3550.5
 21
1322.9
 31
0.0
  0
LINE
  5
431
330
17
100
AcDbEntity
  8
AVAN-CIZGI
100
AcDbLine
 10
-3550.5
 20
1584.5
 30
0.0
 11
-3364.5
 21
1584.5
 31
0.0
  0
LINE
  5
432
330
17
100
AcDbEntity
  8
AVAN-CIZGI
100
AcDbLine
 10
-3550.5
 20
1329.9
 30
0.0
 11
-3364.5
 21
1329.9
 31
0.0
  0
LINE
  5
433
330
17
100
AcDbEntity
  8
AVAN-CIZGI
100
AcDbLine
 10
-3547.5
 20
1520.21
 30
0.0
 11
-3547.5
 21
1577.7833
 31
0.0
  0
LINE
  5
434
330
17
100
AcDbEntity
  8
AVAN-CIZGI
100
AcDbLine
 10
-3367.5
 20
1520.21
 30
0.0
 11
-3367.5
 21
1577.7833
 31
0.0
  0
LINE
  5
435
330
17
100
AcDbEntity
  8
AVAN-CIZGI
100
AcDbLine
 10
-3547.5
 20
1520.21
 30
0.0
 11
-3367.5
 21
1520.21
 31
0.0
  0
LINE
  5
436
330
17
100
AcDbEntity
  8
AVAN-CIZGI
100
AcDbLine
 10
-3445.5
 20
1520.21
 30
0.0
 11
-3445.5
 21
1577.7833
 31
0.0
  0
LINE
  5
437
330
17
100
AcDbEntity
  8
AVAN-CIZGI
100
AcDbLine
 10
-3397.5
 20
1520.21
 30
0.0
 11
-3397.5
 21
1577.7833
 31
0.0
  0
LINE
  5
438
330
17
100
AcDbEntity
  8
AVAN-CIZGI
100
AcDbLine
 10
-3547.5
 20
1577.7833
 30
0.0
 11
-3367.5
 21
1577.7833
 31
0.0
  0
LINE
  5
439
330
17
100
AcDbEntity
  8
AVAN-CIZGI
100
AcDbLine
 10
-3547.5
 20
1558.5922
 30
0.0
 11
-3367.5
 21
1558.5922
 31
0.0
  0
LINE
  5
43A
330
17
100
AcDbEntity
  8
AVAN-CIZGI
100
AcDbLine
 10
-3547.5
 20
1539.4011
 30
0.0
 11
-3367.5
 21
1539.4011
 31
0.0
  0
LINE
  5
43B
330
17
100
AcDbEntity
  8
AVAN-CIZGI
100
AcDbLine
 10
-3547.5
 20
1520.21
 30
0.0
 11
-3367.5
 21
1520.21
 31
0.0
  0
LINE
  5
43C
330
17
100
AcDbEntity
  8
AVAN-CIZGI
100
AcDbLine
 10
-3547.5
 20
1520.21
 30
0.0
 11
-3367.5
 21
1520.21
 31
0.0
  0
LINE
  5
43D
330
17
100
AcDbEntity
  8
AVAN-CIZGI
100
AcDbLine
 10
-3547.5
 20
1501.0189
 30
0.0
 11
-3367.5
 21
1501.0189
 31
0.0
  0
LINE
  5
43E
330
17
100
AcDbEntity
  8
AVAN-CIZGI
100
AcDbLine
 10
-3547.5
 20
1501.0189
 30
0.0
 11
-3547.5
 21
1520.21
 31
0.0
  0
LINE
  5
43F
330
17
100
AcDbEntity
  8
AVAN-CIZGI
100
AcDbLine
 10
-3367.5
 20
1501.0189
 30
0.0
 11
-3367.5
 21
1520.21
 31
0.0
  0
LINE
  5
440
330
17
100
AcDbEntity
  8
AVAN-CIZGI
100
AcDbLine
 10
-3445.5
 20
1501.0189
 30
0.0
 11
-3445.5
 21
1520.21
 31
0.0
  0
LINE
  5
441
330
17
100
AcDbEntity
  8
AVAN-CIZGI
100
AcDbLine
 10
-3397.5
 20
1501.0189
 30
0.0
 11
-3397.5
 21
1520.21
 31
0.0
  0
LINE
  5
442
330
17
100
AcDbEntity
  8
AVAN-CIZGI
100
AcDbLine
 10
-3547.5
 20
1501.0189
 30
0.0
 11
-3367.5
 21
1501.0189
 31
0.0
  0
LINE
  5
443
330
17
100
AcDbEntity
  8
AVAN-CIZGI
100
AcDbLine
 10
-3547.5
 20
1486.4589
 30
0.0
 11
-3367.5
 21
1486.4589
 31
0.0
  0
LINE
  5
444
330
17
100
AcDbEntity
  8
AVAN-CIZGI
100
AcDbLine
 10
-3547.5
 20
1479.615
 30
0.0
 11
-3367.5
 21
1479.615
 31
0.0
  0
LINE
  5
445
330
17
100
AcDbEntity
  8
AVAN-CIZGI
100
AcDbLine
 10
-3547.5
 20
1479.615
 30
0.0
 11
-3547.5
 21
1486.4589
 31
0.0
  0
LINE
  5
446
330
17
100
AcDbEntity
  8
AVAN-CIZGI
100
AcDbLine
 10
-3367.5
 20
1479.615
 30
0.0
 11
-3367.5
 21
1486.4589
 31
0.0
  0
LINE
  5
447
330
17
100
AcDbEntity
  8
AVAN-CIZGI
100
AcDbLine
 10
-3547.5
 20
1486.4589
 30
0.0
 11
-3367.5
 21
1486.4589
 31
0.0
  0
LINE
  5
448
330
17
100
AcDbEntity
  8
AVAN-CIZGI
100
AcDbLine
 10
-3547.5
 20
1479.615
 30
0.0
 11
-3367.5
 21
1479.615
 31
0.0
  0
LINE
  5
449
330
17
100
AcDbEntity
  8
AVAN-CIZGI
100
AcDbLine
 10
-3547.5
 20
1473.9705
 30
0.0
 11
-3367.5
 21
1473.9705
 31
0.0
  0
LINE
  5
44A
330
17
100
AcDbEntity
  8
AVAN-CIZGI
100
AcDbLine
 10
-3547.5
 20
1473.9705
 30
0.0
 11
-3547.5
 21
1479.615
 31
0.0
  0
LINE
  5
44B
330
17
100
AcDbEntity
  8
AVAN-CIZGI
100
AcDbLine
 10
-3367.5
 20
1473.9705
 30
0.0
 11
-3367.5
 21
1479.615
 31
0.0
  0
LINE
  5
44C
330
17
100
AcDbEntity
  8
AVAN-CIZGI
100
AcDbLine
 10
-3445.5
 20
1473.9705
 30
0.0
 11
-3445.5
 21
1479.615
 31
0.0
  0
LINE
  5
44D
330
17
100
AcDbEntity
  8
AVAN-CIZGI
100
AcDbLine
 10
-3397.5
 20
1473.9705
 30
0.0
 11
-3397.5
 21
1479.615
 31
0.0
  0
LINE
  5
44E
330
17
100
AcDbEntity
  8
AVAN-CIZGI
100
AcDbLine
 10
-3547.5
 20
1473.9705
 30
0.0
 11
-3367.5
 21
1473.9705
 31
0.0
  0
LINE
  5
44F
330
17
100
AcDbEntity
  8
AVAN-CIZGI
100
AcDbLine
 10
-3547.5
 20
1473.9705
 30
0.0
 11
-3367.5
 21
1473.9705
 31
0.0
  0
LINE
  5
450
330
17
100
AcDbEntity
  8
AVAN-CIZGI
100
AcDbLine
 10
-3547.5
 20
1398.4055
 30
0.0
 11
-3367.5
 21
1398.4055
 31
0.0
  0
LINE
  5
451
330
17
100
AcDbEntity
  8
AVAN-CIZGI
100
AcDbLine
 10
-3547.5
 20
1398.4055
 30
0.0
 11
-3547.5
 21
1473.9705
 31
0.0
  0
LINE
  5
452
330
17
100
AcDbEntity
  8
AVAN-CIZGI
100
AcDbLine
 10
-3367.5
 20
1398.4055
 30
0.0
 11
-3367.5
 21
1473.9705
 31
0.0
  0
LINE
  5
453
330
17
100
AcDbEntity
  8
AVAN-CIZGI
100
AcDbLine
 10
-3445.5
 20
1398.4055
 30
0.0
 11
-3445.5
 21
1473.9705
 31
0.0
  0
LINE
  5
454
330
17
100
AcDbEntity
  8
AVAN-CIZGI
100
AcDbLine
 10
-3397.5
 20
1398.4055
 30
0.0
 11
-3397.5
 21
1473.9705
 31
0.0
  0
LINE
  5
455
330
17
100
AcDbEntity
  8
AVAN-CIZGI
100
AcDbLine
 10
-3547.5
 20
1468.3261
 30
0.0
 11
-3367.5
 21
1468.3261
 31
0.0
  0
LINE
  5
456
330
17
100
AcDbEntity
  8
AVAN-CIZGI
100
AcDbLine
 10
-3547.5
 20
1462.6817
 30
0.0
 11
-3367.5
 21
1462.6817
 31
0.0
  0
LINE
  5
457
330
17
100
AcDbEntity
  8
AVAN-CIZGI
100
AcDbLine
 10
-3547.5
 20
1450.1933
 30
0.0
 11
-3367.5
 21
1450.1933
 31
0.0
  0
LINE
  5
458
330
17
100
AcDbEntity
  8
AVAN-CIZGI
100
AcDbLine
 10
-3547.5
 20
1444.5489
 30
0.0
 11
-3367.5
 21
1444.5489
 31
0.0
  0
LINE
  5
459
330
17
100
AcDbEntity
  8
AVAN-CIZGI
100
AcDbLine
 10
-3547.5
 20
1438.9044
 30
0.0
 11
-3367.5
 21
1438.9044
 31
0.0
  0
LINE
  5
45A
330
17
100
AcDbEntity
  8
AVAN-CIZGI
100
AcDbLine
 10
-3547.5
 20
1433.26
 30
0.0
 11
-3367.5
 21
1433.26
 31
0.0
  0
LINE
  5
45B
330
17
100
AcDbEntity
  8
AVAN-CIZGI
100
AcDbLine
 10
-3547.5
 20
1418.655
 30
0.0
 11
-3367.5
 21
1418.655
 31
0.0
  0
LINE
  5
45C
330
17
100
AcDbEntity
  8
AVAN-CIZGI
100
AcDbLine
 10
-3547.5
 20
1413.0105
 30
0.0
 11
-3367.5
 21
1413.0105
 31
0.0
  0
LINE
  5
45D
330
17
100
AcDbEntity
  8
AVAN-CIZGI
100
AcDbLine
 10
-3547.5
 20
1398.4055
 30
0.0
 11
-3367.5
 21
1398.4055
 31
0.0
  0
LINE
  5
45E
330
17
100
AcDbEntity
  8
AVAN-CIZGI
100
AcDbLine
 10
-3547.5
 20
1398.4055
 30
0.0
 11
-3367.5
 21
1398.4055
 31
0.0
  0
LINE
  5
45F
330
17
100
AcDbEntity
  8
AVAN-CIZGI
100
AcDbLine
 10
-3547.5
 20
1392.7611
 30
0.0
 11
-3367.5
 21
1392.7611
 31
0.0
  0
LINE
  5
460
330
17
100
AcDbEntity
  8
AVAN-CIZGI
100
AcDbLine
 10
-3547.5
 20
1392.7611
 30
0.0
 11
-3547.5
 21
1398.4055
 31
0.0
  0
LINE
  5
461
330
17
100
AcDbEntity
  8
AVAN-CIZGI
100
AcDbLine
 10
-3367.5
 20
1392.7611
 30
0.0
 11
-3367.5
 21
1398.4055
 31
0.0
  0
LINE
  5
462
330
17
100
AcDbEntity
  8
AVAN-CIZGI
100
AcDbLine
 10
-3445.5
 20
1392.7611
 30
0.0
 11
-3445.5
 21
1398.4055
 31
0.0
  0
LINE
  5
463
330
17
100
AcDbEntity
  8
AVAN-CIZGI
100
AcDbLine
 10
-3397.5
 20
1392.7611
 30
0.0
 11
-3397.5
 21
1398.4055
 31
0.0
  0
LINE
  5
464
330
17
100
AcDbEntity
  8
AVAN-CIZGI
100
AcDbLine
 10
-3547.5
 20
1392.7611
 30
0.0
 11
-3367.5
 21
1392.7611
 31
0.0
  0
LINE
  5
465
330
17
100
AcDbEntity
  8
AVAN-CIZGI
100
AcDbLine
 10
-3547.5
 20
1391.2611
 30
0.0
 11
-3367.5
 21
1391.2611
 31
0.0
  0
LINE
  5
466
330
17
100
AcDbEntity
  8
AVAN-CIZGI
100
AcDbLine
 10
-3547.5
 20
1384.0292
 30
0.0
 11
-3367.5
 21
1384.0292
 31
0.0
  0
TEXT
  5
467
330
17
100
AcDbEntity
  8
AVAN-YAZI
100
AcDbText
 10
-3498.4722
 20
1587.7
 30
0.0
 40
3.086
  1
ASANSÖR AVAN PROJE HESAPLARI
  7
AVAN-KALIN
 41
1.066
 11
-3498.4722
 21
1587.7
 31
0.0
100
AcDbText
  0
TEXT
  5
468
330
17
100
AcDbEntity
  8
AVAN-YAZI
100
AcDbText
 10
-3546.4417
 20
1573.3383
 30
0.0
 40
2.109
  1
B - KARŞI AĞIRLIK TAMPONU ALTINDAKİ ZEMİNE GELEN KUVVET
  7
AVAN
 41
0.9666
 11
-3546.4417
 21
1573.3383
 31
0.0
100
AcDbText
  0
TEXT
  5
469
330
17
100
AcDbEntity
  8
AVAN-YAZI
100
AcDbText
 10
-3546.4417
 20
1566.2651
 30
0.0
 40
2.16
  1
P2 = 4 · gn · ( P + q · Q ) = 4 · gn · Ga
  7
AVAN-KALIN
 41
1.2183
 11
-3546.4417
 21
1566.2651
 31
0.0
100
AcDbText
  0
TEXT
  5
46A
330
17
100
AcDbEntity
  8
AVAN-YAZI
100
AcDbText
 10
-3533.4417
 20
1561.2557
 30
0.0
 40
2.109
  1
= 4 · 9,81 · 1.229,14
  7
AVAN
 41
1.1423
 11
-3533.4417
 21
1561.2557
 31
0.0
100
AcDbText
  0
TEXT
  5
46B
330
17
100
AcDbEntity
  8
AVAN-YAZI
100
AcDbText
 10
-3414.4417
 20
1561.2028
 30
0.0
 40
2.109
  1
N
  7
AVAN
 41
1.0176
 11
-3414.4417
 21
1561.2028
 31
0.0
100
AcDbText
  0
TEXT
  5
46C
330
17
100
AcDbEntity
  8
AVAN-YAZI
100
AcDbText
 10
-3428.2658
 20
1561.0617
 30
0.0
 40
2.212
  1
48.240
  7
AVAN-KALIN
 41
1.2394
 11
-3428.2658
 21
1561.0617
 31
0.0
100
AcDbText
  0
TEXT
  5
46D
330
17
100
AcDbEntity
  8
AVAN-YAZI
100
AcDbText
 10
-3546.4417
 20
1554.1472
 30
0.0
 40
2.109
  1
C - KABİN KILAVUZ RAYLARINA GELEN DÜŞEY KUVVET
  7
AVAN
 41
0.9739
 11
-3546.4417
 21
1554.1472
 31
0.0
100
AcDbText
  0
TEXT
  5
46E
330
17
100
AcDbEntity
  8
AVAN-YAZI
100
AcDbText
 10
-3546.4417
 20
1547.074
 30
0.0
 40
2.16
  1
PR = k1 · gn · ( P + Q ) / n + Mg · gn
  7
AVAN-KALIN
 41
1.2097
 11
-3546.4417
 21
1547.074
 31
0.0
100
AcDbText
  0
TEXT
  5
46F
330
17
100
AcDbEntity
  8
AVAN-YAZI
100
AcDbText
 10
-3533.4417
 20
1542.0646
 30
0.0
 40
2.109
  1
= 2 · 9,81 · ( 829,14 + 800 ) / 2 + 584,76 · 9,81
  7
AVAN
 41
1.1498
 11
-3533.4417
 21
1542.0646
 31
0.0
100
AcDbText
  0
TEXT
  5
470
330
17
100
AcDbEntity
  8
AVAN-YAZI
100
AcDbText
 10
-3414.4417
 20
1542.0117
 30
0.0
 40
2.109
  1
N
  7
AVAN
 41
1.0176
 11
-3414.4417
 21
1542.0117
 31
0.0
100
AcDbText
  0
TEXT
  5
471
330
17
100
AcDbEntity
  8
AVAN-YAZI
100
AcDbText
 10
-3428.2658
 20
1541.8706
 30
0.0
 40
2.212
  1
21.720
  7
AVAN-KALIN
 41
1.2394
 11
-3428.2658
 21
1541.8706
 31
0.0
100
AcDbText
  0
TEXT
  5
472
330
17
100
AcDbEntity
  8
AVAN-YAZI
100
AcDbText
 10
-3546.4417
 20
1534.9561
 30
0.0
 40
2.109
  1
D - KARŞI AĞIRLIK KILAVUZ RAYLARINA GELEN DÜŞEY KUVVET
  7
AVAN
 41
0.9883
 11
-3546.4417
 21
1534.9561
 31
0.0
100
AcDbText
  0
TEXT
  5
473
330
17
100
AcDbEntity
  8
AVAN-YAZI
100
AcDbText
 10
-3546.4417
 20
1527.8829
 30
0.0
 40
2.16
  1
PK = k1 · gn · Ga / n + Mg · gn
  7
AVAN-KALIN
 41
1.197
 11
-3546.4417
 21
1527.8829
 31
0.0
100
AcDbText
  0
TEXT
  5
474
330
17
100
AcDbEntity
  8
AVAN-YAZI
100
AcDbText
 10
-3533.4417
 20
1522.8735
 30
0.0
 40
2.109
  1
= 2 · 9,81 · 1.229,14 / 2 + 584,76 · 9,81
  7
AVAN
 41
1.144
 11
-3533.4417
 21
1522.8735
 31
0.0
100
AcDbText
  0
TEXT
  5
475
330
17
100
AcDbEntity
  8
AVAN-YAZI
100
AcDbText
 10
-3414.4417
 20
1522.8206
 30
0.0
 40
2.109
  1
N
  7
AVAN
 41
1.0176
 11
-3414.4417
 21
1522.8206
 31
0.0
100
AcDbText
  0
TEXT
  5
476
330
17
100
AcDbEntity
  8
AVAN-YAZI
100
AcDbText
 10
-3428.2658
 20
1522.6794
 30
0.0
 40
2.212
  1
17.800
  7
AVAN-KALIN
 41
1.2394
 11
-3428.2658
 21
1522.6794
 31
0.0
100
AcDbText
  0
TEXT
  5
477
330
17
100
AcDbEntity
  8
AVAN-YAZI
100
AcDbText
 10
-3546.4417
 20
1515.765
 30
0.0
 40
2.109
  1
E - KUYU ÜSTÜ BETONUNA ETKİ EDEN KUVVET
  7
AVAN
 41
0.9726
 11
-3546.4417
 21
1515.765
 31
0.0
100
AcDbText
  0
TEXT
  5
478
330
17
100
AcDbEntity
  8
AVAN-YAZI
100
AcDbText
 10
-3546.4417
 20
1508.6918
 30
0.0
 40
2.16
  1
Fs = gn · ( Fmk + Fsh + Fmt + P + Q + Ga )
  7
AVAN-KALIN
 41
1.2076
 11
-3546.4417
 21
1508.6918
 31
0.0
100
AcDbText
  0
TEXT
  5
479
330
17
100
AcDbEntity
  8
AVAN-YAZI
100
AcDbText
 10
-3533.4417
 20
1503.6824
 30
0.0
 40
2.109
  1
= 9,81 · ( 350 + 100 + 150 + 829,14 + 800 + 1.229,14 )
  7
AVAN
 41
1.1658
 11
-3533.4417
 21
1503.6824
 31
0.0
100
AcDbText
  0
TEXT
  5
47A
330
17
100
AcDbEntity
  8
AVAN-YAZI
100
AcDbText
 10
-3414.4417
 20
1503.6294
 30
0.0
 40
2.109
  1
N
  7
AVAN
 41
1.0176
 11
-3414.4417
 21
1503.6294
 31
0.0
100
AcDbText
  0
TEXT
  5
47B
330
17
100
AcDbEntity
  8
AVAN-YAZI
100
AcDbText
 10
-3428.2658
 20
1503.4883
 30
0.0
 40
2.212
  1
33.930
  7
AVAN-KALIN
 41
1.2394
 11
-3428.2658
 21
1503.4883
 31
0.0
100
AcDbText
  0
TEXT
  5
47C
330
17
100
AcDbEntity
  8
AVAN-YAZI
100
AcDbText
 10
-3545.3833
 20
1497.2789
 30
0.0
 40
1.852
  1
▪ PR ve PK, MMO/697 §2.3.3 formülündeki Mg · gn ray kütlesi terimini içerir ( kitabın §4.3 örnek hesabı bu terimi ihmal etmiştir ).
  7
AVAN
 41
1.088
 11
-3545.3833
 21
1497.2789
 31
0.0
100
AcDbText
  0
TEXT
  5
47D
330
17
100
AcDbEntity
  8
AVAN-YAZI
100
AcDbText
 10
-3545.3833
 20
1493.8922
 30
0.0
 40
1.852
  1
▪ Karşı ağırlıkta paraşüt ( fren ) bulunması hâlinde PK dikkate alınır.
  7
AVAN
 41
0.9846
 11
-3545.3833
 21
1493.8922
 31
0.0
100
AcDbText
  0
TEXT
  5
47E
330
17
100
AcDbEntity
  8
AVAN-YAZI
100
AcDbText
 10
-3545.3833
 20
1490.5056
 30
0.0
 40
1.852
  1
▪ Kılavuz ray uzunluğu 40 m'yi aşarsa halat / kompanzasyon kuvveti Fp uygulama projesinde ayrıca hesaplanır ( MMO/697 s.20 ).
  7
AVAN
 41
1.0712
 11
-3545.3833
 21
1490.5056
 31
0.0
100
AcDbText
  0
TEXT
  5
47F
330
17
100
AcDbEntity
  8
AVAN-YAZI
100
AcDbText
 10
-3384.6576
 20
1482.0315
 30
0.0
 40
1.903
  1
TS EN 81-20
  7
AVAN
 41
1.0479
 11
-3384.6576
 21
1482.0315
 31
0.0
100
AcDbText
  0
TEXT
  5
480
330
17
100
AcDbEntity
  8
AVAN-YAZI
100
AcDbText
 10
-3546.4417
 20
1481.908
 30
0.0
 40
2.443
  1
3 - KABİN AYDINLATMA HESABI
  7
AVAN-KALIN
 41
1.0761
 11
-3546.4417
 21
1481.908
 31
0.0
100
AcDbText
  0
TEXT
  5
481
330
17
100
AcDbEntity
  8
AVAN-YAZI
100
AcDbText
 10
-3396.4416
 20
1475.9461
 30
0.0
 40
1.775
  1
GİRİŞ
  7
AVAN
 41
0.6995
 11
-3396.4416
 21
1475.9461
 31
0.0
100
AcDbText
  0
TEXT
  5
482
330
17
100
AcDbEntity
  8
AVAN-YAZI
100
AcDbText
 10
-3546.4417
 20
1475.8755
 30
0.0
 40
2.109
  1
a
  7
AVAN
 41
1.0825
 11
-3546.4417
 21
1475.8755
 31
0.0
100
AcDbText
  0
TEXT
  5
483
330
17
100
AcDbEntity
  8
AVAN-YAZI
100
AcDbText
 10
-3533.4417
 20
1475.8755
 30
0.0
 40
2.109
  1
Kabin boyu
  7
AVAN
 41
1.1003
 11
-3533.4417
 21
1475.8755
 31
0.0
100
AcDbText
  0
TEXT
  5
484
330
17
100
AcDbEntity
  8
AVAN-YAZI
100
AcDbText
 10
-3449.4417
 20
1475.8755
 30
0.0
 40
2.109
  1
=
  7
AVAN
 41
1.4092
 11
-3449.4417
 21
1475.8755
 31
0.0
100
AcDbText
  0
TEXT
  5
485
330
17
100
AcDbEntity
  8
AVAN-YAZI
100
AcDbText
 10
-3414.4417
 20
1475.8755
 30
0.0
 40
2.109
  1
m
  7
AVAN
 41
1.1486
 11
-3414.4417
 21
1475.8755
 31
0.0
100
AcDbText
  0
TEXT
  5
486
330
17
100
AcDbEntity
  8
AVAN-YAZI
100
AcDbText
 10
-3424.0438
 20
1475.7344
 30
0.0
 40
2.212
  1
1,45
  7
AVAN-KALIN
 41
1.2453
 11
-3424.0438
 21
1475.7344
 31
0.0
100
AcDbText
  0
TEXT
  5
487
330
17
100
AcDbEntity
  8
AVAN-YAZI
100
AcDbText
 10
-3396.4416
 20
1470.3017
 30
0.0
 40
1.775
  1
GİRİŞ
  7
AVAN
 41
0.6995
 11
-3396.4416
 21
1470.3017
 31
0.0
100
AcDbText
  0
TEXT
  5
488
330
17
100
AcDbEntity
  8
AVAN-YAZI
100
AcDbText
 10
-3546.4417
 20
1470.2311
 30
0.0
 40
2.109
  1
b
  7
AVAN
 41
1.1213
 11
-3546.4417
 21
1470.2311
 31
0.0
100
AcDbText
  0
TEXT
  5
489
330
17
100
AcDbEntity
  8
AVAN-YAZI
100
AcDbText
 10
-3533.4417
 20
1470.2311
 30
0.0
 40
2.109
  1
Kabin genişliği
  7
AVAN
 41
1.0348
 11
-3533.4417
 21
1470.2311
 31
0.0
100
AcDbText
  0
TEXT
  5
48A
330
17
100
AcDbEntity
  8
AVAN-YAZI
100
AcDbText
 10
-3449.4417
 20
1470.2311
 30
0.0
 40
2.109
  1
=
  7
AVAN
 41
1.4092
 11
-3449.4417
 21
1470.2311
 31
0.0
100
AcDbText
  0
TEXT
  5
48B
330
17
100
AcDbEntity
  8
AVAN-YAZI
100
AcDbText
 10
-3414.4417
 20
1470.2311
 30
0.0
 40
2.109
  1
m
  7
AVAN
 41
1.1486
 11
-3414.4417
 21
1470.2311
 31
0.0
100
AcDbText
  0
TEXT
  5
48C
330
17
100
AcDbEntity
  8
AVAN-YAZI
100
AcDbText
 10
-3424.0438
 20
1470.09
 30
0.0
 40
2.212
  1
1,30
  7
AVAN-KALIN
 41
1.2453
 11
-3424.0438
 21
1470.09
 31
0.0
100
AcDbText
  0
TEXT
  5
48D
330
17
100
AcDbEntity
  8
AVAN-YAZI
100
AcDbText
 10
-3396.4416
 20
1464.6572
 30
0.0
 40
1.775
  1
SABİTLER A
  7
AVAN
 41
0.909
 11
-3396.4416
 21
1464.6572
 31
0.0
100
AcDbText
  0
TEXT
  5
48E
330
17
100
AcDbEntity
  8
AVAN-YAZI
100
AcDbText
 10
-3546.4417
 20
1464.5867
 30
0.0
 40
2.109
  1
h
  7
AVAN
 41
1.1196
 11
-3546.4417
 21
1464.5867
 31
0.0
100
AcDbText
  0
TEXT
  5
48F
330
17
100
AcDbEntity
  8
AVAN-YAZI
100
AcDbText
 10
-3533.4417
 20
1464.5867
 30
0.0
 40
2.109
  1
Armatür ile çalışma düzlemi arasındaki yükseklik
  7
AVAN
 41
1.0574
 11
-3533.4417
 21
1464.5867
 31
0.0
100
AcDbText
  0
TEXT
  5
490
330
17
100
AcDbEntity
  8
AVAN-YAZI
100
AcDbText
 10
-3449.4417
 20
1464.5867
 30
0.0
 40
2.109
  1
=
  7
AVAN
 41
1.4092
 11
-3449.4417
 21
1464.5867
 31
0.0
100
AcDbText
  0
TEXT
  5
491
330
17
100
AcDbEntity
  8
AVAN-YAZI
100
AcDbText
 10
-3414.4417
 20
1464.5867
 30
0.0
 40
2.109
  1
m
  7
AVAN
 41
1.1486
 11
-3414.4417
 21
1464.5867
 31
0.0
100
AcDbText
  0
TEXT
  5
492
330
17
100
AcDbEntity
  8
AVAN-YAZI
100
AcDbText
 10
-3418.6693
 20
1464.4455
 30
0.0
 40
2.212
  1
1
  7
AVAN-KALIN
 41
1.2291
 11
-3418.6693
 21
1464.4455
 31
0.0
100
AcDbText
  0
TEXT
  5
493
330
17
100
AcDbEntity
  8
AVAN-YAZI
100
AcDbText
 10
-3546.4417
 20
1457.8662
 30
0.0
 40
2.16
  1
k = a · b / ( h · ( a + b ) )
  7
AVAN-KALIN
 41
1.2508
 11
-3546.4417
 21
1457.8662
 31
0.0
100
AcDbText
  0
TEXT
  5
494
330
17
100
AcDbEntity
  8
AVAN-YAZI
100
AcDbText
 10
-3396.4416
 20
1452.8744
 30
0.0
 40
1.775
  1
bölge indeksi
  7
AVAN
 41
1.1161
 11
-3396.4416
 21
1452.8744
 31
0.0
100
AcDbText
  0
TEXT
  5
495
330
17
100
AcDbEntity
  8
AVAN-YAZI
100
AcDbText
 10
-3533.4417
 20
1452.8568
 30
0.0
 40
2.109
  1
= 1,45 · 1,30 / ( 1,00 · ( 1,45 + 1,30 ) )
  7
AVAN
 41
1.1468
 11
-3533.4417
 21
1452.8568
 31
0.0
100
AcDbText
  0
TEXT
  5
496
330
17
100
AcDbEntity
  8
AVAN-YAZI
100
AcDbText
 10
-3414.4417
 20
1452.8039
 30
0.0
 40
2.109
  1
—
  7
AVAN
 41
0.9822
 11
-3414.4417
 21
1452.8039
 31
0.0
100
AcDbText
  0
TEXT
  5
497
330
17
100
AcDbEntity
  8
AVAN-YAZI
100
AcDbText
 10
-3428.2658
 20
1452.6628
 30
0.0
 40
2.212
  1
0,6855
  7
AVAN-KALIN
 41
1.2394
 11
-3428.2658
 21
1452.6628
 31
0.0
100
AcDbText
  0
TEXT
  5
498
330
17
100
AcDbEntity
  8
AVAN-YAZI
100
AcDbText
 10
-3396.4416
 20
1446.5244
 30
0.0
 40
1.775
  1
TABLOLAR T2
  7
AVAN
 41
1.0053
 11
-3396.4416
 21
1446.5244
 31
0.0
100
AcDbText
  0
TEXT
  5
499
330
17
100
AcDbEntity
  8
AVAN-YAZI
100
AcDbText
 10
-3546.4417
 20
1446.4539
 30
0.0
 40
2.109
  1
η
  7
AVAN
 41
1.0323
 11
-3546.4417
 21
1446.4539
 31
0.0
100
AcDbText
  0
TEXT
  5
49A
330
17
100
AcDbEntity
  8
AVAN-YAZI
100
AcDbText
 10
-3533.4417
 20
1446.4539
 30
0.0
 40
2.109
  1
Oda aydınlatma verimi
  7
AVAN
 41
1.0714
 11
-3533.4417
 21
1446.4539
 31
0.0
100
AcDbText
  0
TEXT
  5
49B
330
17
100
AcDbEntity
  8
AVAN-YAZI
100
AcDbText
 10
-3449.4417
 20
1446.4539
 30
0.0
 40
2.109
  1
=
  7
AVAN
 41
1.4092
 11
-3449.4417
 21
1446.4539
 31
0.0
100
AcDbText
  0
TEXT
  5
49C
330
17
100
AcDbEntity
  8
AVAN-YAZI
100
AcDbText
 10
-3414.4417
 20
1446.4539
 30
0.0
 40
2.109
  1
—
  7
AVAN
 41
0.9822
 11
-3414.4417
 21
1446.4539
 31
0.0
100
AcDbText
  0
TEXT
  5
49D
330
17
100
AcDbEntity
  8
AVAN-YAZI
100
AcDbText
 10
-3424.0438
 20
1446.3128
 30
0.0
 40
2.212
  1
0,23
  7
AVAN-KALIN
 41
1.2453
 11
-3424.0438
 21
1446.3128
 31
0.0
100
AcDbText
  0
TEXT
  5
49E
330
17
100
AcDbEntity
  8
AVAN-YAZI
100
AcDbText
 10
-3396.4416
 20
1440.88
 30
0.0
 40
1.775
  1
SABİTLER A
  7
AVAN
 41
0.909
 11
-3396.4416
 21
1440.88
 31
0.0
100
AcDbText
  0
TEXT
  5
49F
330
17
100
AcDbEntity
  8
AVAN-YAZI
100
AcDbText
 10
-3546.4417
 20
1440.8094
 30
0.0
 40
2.109
  1
E
  7
AVAN
 41
0.9304
 11
-3546.4417
 21
1440.8094
 31
0.0
100
AcDbText
  0
TEXT
  5
4A0
330
17
100
AcDbEntity
  8
AVAN-YAZI
100
AcDbText
 10
-3533.4417
 20
1440.8094
 30
0.0
 40
2.109
  1
Asgari aydınlatma şiddeti
  7
AVAN
 41
1.0511
 11
-3533.4417
 21
1440.8094
 31
0.0
100
AcDbText
  0
TEXT
  5
4A1
330
17
100
AcDbEntity
  8
AVAN-YAZI
100
AcDbText
 10
-3449.4417
 20
1440.8094
 30
0.0
 40
2.109
  1
=
  7
AVAN
 41
1.4092
 11
-3449.4417
 21
1440.8094
 31
0.0
100
AcDbText
  0
TEXT
  5
4A2
330
17
100
AcDbEntity
  8
AVAN-YAZI
100
AcDbText
 10
-3414.4417
 20
1440.8094
 30
0.0
 40
2.109
  1
lüx
  7
AVAN
 41
1.1554
 11
-3414.4417
 21
1440.8094
 31
0.0
100
AcDbText
  0
TEXT
  5
4A3
330
17
100
AcDbEntity
  8
AVAN-YAZI
100
AcDbText
 10
-3422.8913
 20
1440.6683
 30
0.0
 40
2.212
  1
100
  7
AVAN-KALIN
 41
1.2291
 11
-3422.8913
 21
1440.6683
 31
0.0
100
AcDbText
  0
TEXT
  5
4A4
330
17
100
AcDbEntity
  8
AVAN-YAZI
100
AcDbText
 10
-3396.4416
 20
1435.2355
 30
0.0
 40
1.775
  1
SABİTLER A
  7
AVAN
 41
0.909
 11
-3396.4416
 21
1435.2355
 31
0.0
100
AcDbText
  0
TEXT
  5
4A5
330
17
100
AcDbEntity
  8
AVAN-YAZI
100
AcDbText
 10
-3546.4417
 20
1435.165
 30
0.0
 40
2.109
  1
d
  7
AVAN
 41
1.1213
 11
-3546.4417
 21
1435.165
 31
0.0
100
AcDbText
  0
TEXT
  5
4A6
330
17
100
AcDbEntity
  8
AVAN-YAZI
100
AcDbText
 10
-3533.4417
 20
1435.165
 30
0.0
 40
2.109
  1
Kirlenme ( bakım ) faktörü
  7
AVAN
 41
1.0803
 11
-3533.4417
 21
1435.165
 31
0.0
100
AcDbText
  0
TEXT
  5
4A7
330
17
100
AcDbEntity
  8
AVAN-YAZI
100
AcDbText
 10
-3449.4417
 20
1435.165
 30
0.0
 40
2.109
  1
=
  7
AVAN
 41
1.4092
 11
-3449.4417
 21
1435.165
 31
0.0
100
AcDbText
  0
TEXT
  5
4A8
330
17
100
AcDbEntity
  8
AVAN-YAZI
100
AcDbText
 10
-3414.4417
 20
1435.165
 30
0.0
 40
2.109
  1
—
  7
AVAN
 41
0.9822
 11
-3414.4417
 21
1435.165
 31
0.0
100
AcDbText
  0
TEXT
  5
4A9
330
17
100
AcDbEntity
  8
AVAN-YAZI
100
AcDbText
 10
-3424.0438
 20
1435.0239
 30
0.0
 40
2.212
  1
1,25
  7
AVAN-KALIN
 41
1.2453
 11
-3424.0438
 21
1435.0239
 31
0.0
100
AcDbText
  0
TEXT
  5
4AA
330
17
100
AcDbEntity
  8
AVAN-YAZI
100
AcDbText
 10
-3546.4417
 20
1428.4446
 30
0.0
 40
2.16
  1
T = E · a · b · d / η
  7
AVAN-KALIN
 41
1.2083
 11
-3546.4417
 21
1428.4446
 31
0.0
100
AcDbText
  0
TEXT
  5
4AB
330
17
100
AcDbEntity
  8
AVAN-YAZI
100
AcDbText
 10
-3396.4416
 20
1423.9819
 30
0.0
 40
1.775
  1
gerekli toplam ışık
  7
AVAN
 41
0.9738
 11
-3396.4416
 21
1423.9819
 31
0.0
100
AcDbText
  0
TEXT
  5
4AC
330
17
100
AcDbEntity
  8
AVAN-YAZI
100
AcDbText
 10
-3533.4417
 20
1422.3768
 30
0.0
 40
2.109
  1
= 100 · 1,45 · 1,30 · 1,25 / 0,23
  7
AVAN
 41
1.1372
 11
-3533.4417
 21
1422.3768
 31
0.0
100
AcDbText
  0
TEXT
  5
4AD
330
17
100
AcDbEntity
  8
AVAN-YAZI
100
AcDbText
 10
-3414.4417
 20
1422.3239
 30
0.0
 40
2.109
  1
lm
  7
AVAN
 41
1.1655
 11
-3414.4417
 21
1422.3239
 31
0.0
100
AcDbText
  0
TEXT
  5
4AE
330
17
100
AcDbEntity
  8
AVAN-YAZI
100
AcDbText
 10
-3431.5293
 20
1422.1828
 30
0.0
 40
2.212
  1
1.024,46
  7
AVAN-KALIN
 41
1.2453
 11
-3431.5293
 21
1422.1828
 31
0.0
100
AcDbText
  0
TEXT
  5
4AF
330
17
100
AcDbEntity
  8
AVAN-YAZI
100
AcDbText
 10
-3396.4416
 20
1420.8069
 30
0.0
 40
1.775
  1
akısı
  7
AVAN
 41
0.7239
 11
-3396.4416
 21
1420.8069
 31
0.0
100
AcDbText
  0
TEXT
  5
4B0
330
17
100
AcDbEntity
  8
AVAN-YAZI
100
AcDbText
 10
-3396.4416
 20
1414.9861
 30
0.0
 40
1.775
  1
SABİTLER B
  7
AVAN
 41
0.9093
 11
-3396.4416
 21
1414.9861
 31
0.0
100
AcDbText
  0
TEXT
  5
4B1
330
17
100
AcDbEntity
  8
AVAN-YAZI
100
AcDbText
 10
-3546.4417
 20
1414.9155
 30
0.0
 40
2.109
  1
ØL
  7
AVAN
 41
0.9897
 11
-3546.4417
 21
1414.9155
 31
0.0
100
AcDbText
  0
TEXT
  5
4B2
330
17
100
AcDbEntity
  8
AVAN-YAZI
100
AcDbText
 10
-3533.4417
 20
1414.9155
 30
0.0
 40
2.109
  1
Bir armatürün ışık akısı
  7
AVAN
 41
0.9109
 11
-3533.4417
 21
1414.9155
 31
0.0
100
AcDbText
  0
TEXT
  5
4B3
330
17
100
AcDbEntity
  8
AVAN-YAZI
100
AcDbText
 10
-3449.4417
 20
1414.9155
 30
0.0
 40
2.109
  1
=
  7
AVAN
 41
1.4092
 11
-3449.4417
 21
1414.9155
 31
0.0
100
AcDbText
  0
TEXT
  5
4B4
330
17
100
AcDbEntity
  8
AVAN-YAZI
100
AcDbText
 10
-3414.4417
 20
1414.9155
 30
0.0
 40
2.109
  1
lm
  7
AVAN
 41
1.1655
 11
-3414.4417
 21
1414.9155
 31
0.0
100
AcDbText
  0
TEXT
  5
4B5
330
17
100
AcDbEntity
  8
AVAN-YAZI
100
AcDbText
 10
-3422.8913
 20
1414.7744
 30
0.0
 40
2.212
  1
300
  7
AVAN-KALIN
 41
1.2291
 11
-3422.8913
 21
1414.7744
 31
0.0
100
AcDbText
  0
TEXT
  5
4B6
330
17
100
AcDbEntity
  8
AVAN-YAZI
100
AcDbText
 10
-3546.4417
 20
1408.1951
 30
0.0
 40
2.16
  1
Z = T / ØL
  7
AVAN-KALIN
 41
1.1761
 11
-3546.4417
 21
1408.1951
 31
0.0
100
AcDbText
  0
TEXT
  5
4B7
330
17
100
AcDbEntity
  8
AVAN-YAZI
100
AcDbText
 10
-3396.4416
 20
1403.7325
 30
0.0
 40
1.775
  1
hesaplanan armatür
  7
AVAN
 41
1.1215
 11
-3396.4416
 21
1403.7325
 31
0.0
100
AcDbText
  0
TEXT
  5
4B8
330
17
100
AcDbEntity
  8
AVAN-YAZI
100
AcDbText
 10
-3533.4417
 20
1402.1273
 30
0.0
 40
2.109
  1
= 1.024,46 / 300
  7
AVAN
 41
1.1492
 11
-3533.4417
 21
1402.1273
 31
0.0
100
AcDbText
  0
TEXT
  5
4B9
330
17
100
AcDbEntity
  8
AVAN-YAZI
100
AcDbText
 10
-3414.4417
 20
1402.0744
 30
0.0
 40
2.109
  1
adet
  7
AVAN
 41
1.1381
 11
-3414.4417
 21
1402.0744
 31
0.0
100
AcDbText
  0
TEXT
  5
4BA
330
17
100
AcDbEntity
  8
AVAN-YAZI
100
AcDbText
 10
-3424.0438
 20
1401.9333
 30
0.0
 40
2.212
  1
3,41
  7
AVAN-KALIN
 41
1.2453
 11
-3424.0438
 21
1401.9333
 31
0.0
100
AcDbText
  0
TEXT
  5
4BB
330
17
100
AcDbEntity
  8
AVAN-YAZI
100
AcDbText
 10
-3396.4416
 20
1400.5575
 30
0.0
 40
1.775
  1
sayısı
  7
AVAN
 41
0.7692
 11
-3396.4416
 21
1400.5575
 31
0.0
100
AcDbText
  0
TEXT
  5
4BC
330
17
100
AcDbEntity
  8
AVAN-YAZI
100
AcDbText
 10
-3546.4417
 20
1394.6661
 30
0.0
 40
2.109
  1
n
  7
AVAN
 41
1.1196
 11
-3546.4417
 21
1394.6661
 31
0.0
100
AcDbText
  0
TEXT
  5
4BD
330
17
100
AcDbEntity
  8
AVAN-YAZI
100
AcDbText
 10
-3533.4417
 20
1394.6661
 30
0.0
 40
2.109
  1
SEÇİLEN armatür sayısı ( Z yukarı yuvarlanır )
  7
AVAN
 41
0.9741
 11
-3533.4417
 21
1394.6661
 31
0.0
100
AcDbText
  0
TEXT
  5
4BE
330
17
100
AcDbEntity
  8
AVAN-YAZI
100
AcDbText
 10
-3449.4417
 20
1394.6661
 30
0.0
 40
2.109
  1
=
  7
AVAN
 41
1.4092
 11
-3449.4417
 21
1394.6661
 31
0.0
100
AcDbText
  0
TEXT
  5
4BF
330
17
100
AcDbEntity
  8
AVAN-YAZI
100
AcDbText
 10
-3414.4417
 20
1394.6661
 30
0.0
 40
2.109
  1
adet
  7
AVAN
 41
1.1381
 11
-3414.4417
 21
1394.6661
 31
0.0
100
AcDbText
  0
TEXT
  5
4C0
330
17
100
AcDbEntity
  8
AVAN-YAZI
100
AcDbText
 10
-3418.6693
 20
1394.525
 30
0.0
 40
2.212
  1
4
  7
AVAN-KALIN
 41
1.2291
 11
-3418.6693
 21
1394.525
 31
0.0
100
AcDbText
  0
TEXT
  5
4C1
330
17
100
AcDbEntity
  8
AVAN-YAZI
100
AcDbText
 10
-3546.7944
 20
1386.675
 30
0.0
 40
2.315
  1
SONUÇ
  7
AVAN-KALIN
 41
1.0752
 11
-3546.7944
 21
1386.675
 31
0.0
100
AcDbText
  0
TEXT
  5
4C2
330
17
100
AcDbEntity
  8
AVAN-YAZI
100
AcDbText
 10
-3494.7944
 20
1386.675
 30
0.0
 40
2.315
  1
4 adet 5 W armatür kullanılacaktır.
  7
AVAN-KALIN
 41
1.1339
 11
-3494.7944
 21
1386.675
 31
0.0
100
AcDbText
  0
TEXT
  5
4C3
330
17
100
AcDbEntity
  8
AVAN-YAZI
100
AcDbText
 10
-3375.9854
 20
1325.3
 30
0.0
 40
1.646
  1
Sayfa 2
  7
AVAN
 41
1.0886
 11
-3375.9854
 21
1325.3
 31
0.0
100
AcDbText
  0
LWPOLYLINE
  5
4C4
330
17
100
AcDbEntity
  8
AVAN-A4
100
AcDbPolyline
 90
4
 70
1
 10
-3342.5
 20
1310.9
 10
-3132.4999966666664
 20
1310.9
 10
-3132.4999966666664
 20
1607.9000127777779
 10
-3342.5
 20
1607.9000127777779
  0
LINE
  5
4C5
330
17
100
AcDbEntity
  8
AVAN-CIZGI
100
AcDbLine
 10
-3330.5
 20
1322.9
 30
0.0
 11
-3144.5
 21
1322.9
 31
0.0
  0
LINE
  5
4C6
330
17
100
AcDbEntity
  8
AVAN-CIZGI
100
AcDbLine
 10
-3144.5
 20
1322.9
 30
0.0
 11
-3144.5
 21
1595.9
 31
0.0
  0
LINE
  5
4C7
330
17
100
AcDbEntity
  8
AVAN-CIZGI
100
AcDbLine
 10
-3144.5
 20
1595.9
 30
0.0
 11
-3330.5
 21
1595.9
 31
0.0
  0
LINE
  5
4C8
330
17
100
AcDbEntity
  8
AVAN-CIZGI
100
AcDbLine
 10
-3330.5
 20
1595.9
 30
0.0
 11
-3330.5
 21
1322.9
 31
0.0
  0
LINE
  5
4C9
330
17
100
AcDbEntity
  8
AVAN-CIZGI
100
AcDbLine
 10
-3330.5
 20
1584.5
 30
0.0
 11
-3144.5
 21
1584.5
 31
0.0
  0
LINE
  5
4CA
330
17
100
AcDbEntity
  8
AVAN-CIZGI
100
AcDbLine
 10
-3330.5
 20
1329.9
 30
0.0
 11
-3144.5
 21
1329.9
 31
0.0
  0
LINE
  5
4CB
330
17
100
AcDbEntity
  8
AVAN-CIZGI
100
AcDbLine
 10
-3327.5
 20
1577.7833
 30
0.0
 11
-3147.5
 21
1577.7833
 31
0.0
  0
LINE
  5
4CC
330
17
100
AcDbEntity
  8
AVAN-CIZGI
100
AcDbLine
 10
-3327.5
 20
1570.9394
 30
0.0
 11
-3147.5
 21
1570.9394
 31
0.0
  0
LINE
  5
4CD
330
17
100
AcDbEntity
  8
AVAN-CIZGI
100
AcDbLine
 10
-3327.5
 20
1570.9394
 30
0.0
 11
-3327.5
 21
1577.7833
 31
0.0
  0
LINE
  5
4CE
330
17
100
AcDbEntity
  8
AVAN-CIZGI
100
AcDbLine
 10
-3147.5
 20
1570.9394
 30
0.0
 11
-3147.5
 21
1577.7833
 31
0.0
  0
LINE
  5
4CF
330
17
100
AcDbEntity
  8
AVAN-CIZGI
100
AcDbLine
 10
-3327.5
 20
1577.7833
 30
0.0
 11
-3147.5
 21
1577.7833
 31
0.0
  0
LINE
  5
4D0
330
17
100
AcDbEntity
  8
AVAN-CIZGI
100
AcDbLine
 10
-3327.5
 20
1570.9394
 30
0.0
 11
-3147.5
 21
1570.9394
 31
0.0
  0
LINE
  5
4D1
330
17
100
AcDbEntity
  8
AVAN-CIZGI
100
AcDbLine
 10
-3327.5
 20
1565.295
 30
0.0
 11
-3147.5
 21
1565.295
 31
0.0
  0
LINE
  5
4D2
330
17
100
AcDbEntity
  8
AVAN-CIZGI
100
AcDbLine
 10
-3327.5
 20
1565.295
 30
0.0
 11
-3327.5
 21
1570.9394
 31
0.0
  0
LINE
  5
4D3
330
17
100
AcDbEntity
  8
AVAN-CIZGI
100
AcDbLine
 10
-3147.5
 20
1565.295
 30
0.0
 11
-3147.5
 21
1570.9394
 31
0.0
  0
LINE
  5
4D4
330
17
100
AcDbEntity
  8
AVAN-CIZGI
100
AcDbLine
 10
-3225.5
 20
1565.295
 30
0.0
 11
-3225.5
 21
1570.9394
 31
0.0
  0
LINE
  5
4D5
330
17
100
AcDbEntity
  8
AVAN-CIZGI
100
AcDbLine
 10
-3177.5
 20
1565.295
 30
0.0
 11
-3177.5
 21
1570.9394
 31
0.0
  0
LINE
  5
4D6
330
17
100
AcDbEntity
  8
AVAN-CIZGI
100
AcDbLine
 10
-3327.5
 20
1565.295
 30
0.0
 11
-3147.5
 21
1565.295
 31
0.0
  0
LINE
  5
4D7
330
17
100
AcDbEntity
  8
AVAN-CIZGI
100
AcDbLine
 10
-3327.5
 20
1565.295
 30
0.0
 11
-3147.5
 21
1565.295
 31
0.0
  0
LINE
  5
4D8
330
17
100
AcDbEntity
  8
AVAN-CIZGI
100
AcDbLine
 10
-3327.5
 20
1465.9528
 30
0.0
 11
-3147.5
 21
1465.9528
 31
0.0
  0
LINE
  5
4D9
330
17
100
AcDbEntity
  8
AVAN-CIZGI
100
AcDbLine
 10
-3327.5
 20
1465.9528
 30
0.0
 11
-3327.5
 21
1565.295
 31
0.0
  0
LINE
  5
4DA
330
17
100
AcDbEntity
  8
AVAN-CIZGI
100
AcDbLine
 10
-3147.5
 20
1465.9528
 30
0.0
 11
-3147.5
 21
1565.295
 31
0.0
  0
LINE
  5
4DB
330
17
100
AcDbEntity
  8
AVAN-CIZGI
100
AcDbLine
 10
-3225.5
 20
1465.9528
 30
0.0
 11
-3225.5
 21
1565.295
 31
0.0
  0
LINE
  5
4DC
330
17
100
AcDbEntity
  8
AVAN-CIZGI
100
AcDbLine
 10
-3177.5
 20
1465.9528
 30
0.0
 11
-3177.5
 21
1565.295
 31
0.0
  0
LINE
  5
4DD
330
17
100
AcDbEntity
  8
AVAN-CIZGI
100
AcDbLine
 10
-3327.5
 20
1559.6506
 30
0.0
 11
-3147.5
 21
1559.6506
 31
0.0
  0
LINE
  5
4DE
330
17
100
AcDbEntity
  8
AVAN-CIZGI
100
AcDbLine
 10
-3327.5
 20
1554.0061
 30
0.0
 11
-3147.5
 21
1554.0061
 31
0.0
  0
LINE
  5
4DF
330
17
100
AcDbEntity
  8
AVAN-CIZGI
100
AcDbLine
 10
-3327.5
 20
1541.5178
 30
0.0
 11
-3147.5
 21
1541.5178
 31
0.0
  0
LINE
  5
4E0
330
17
100
AcDbEntity
  8
AVAN-CIZGI
100
AcDbLine
 10
-3327.5
 20
1535.8733
 30
0.0
 11
-3147.5
 21
1535.8733
 31
0.0
  0
LINE
  5
4E1
330
17
100
AcDbEntity
  8
AVAN-CIZGI
100
AcDbLine
 10
-3327.5
 20
1530.2289
 30
0.0
 11
-3147.5
 21
1530.2289
 31
0.0
  0
LINE
  5
4E2
330
17
100
AcDbEntity
  8
AVAN-CIZGI
100
AcDbLine
 10
-3327.5
 20
1524.5844
 30
0.0
 11
-3147.5
 21
1524.5844
 31
0.0
  0
LINE
  5
4E3
330
17
100
AcDbEntity
  8
AVAN-CIZGI
100
AcDbLine
 10
-3327.5
 20
1509.9794
 30
0.0
 11
-3147.5
 21
1509.9794
 31
0.0
  0
LINE
  5
4E4
330
17
100
AcDbEntity
  8
AVAN-CIZGI
100
AcDbLine
 10
-3327.5
 20
1504.335
 30
0.0
 11
-3147.5
 21
1504.335
 31
0.0
  0
LINE
  5
4E5
330
17
100
AcDbEntity
  8
AVAN-CIZGI
100
AcDbLine
 10
-3327.5
 20
1489.73
 30
0.0
 11
-3147.5
 21
1489.73
 31
0.0
  0
LINE
  5
4E6
330
17
100
AcDbEntity
  8
AVAN-CIZGI
100
AcDbLine
 10
-3327.5
 20
1484.0856
 30
0.0
 11
-3147.5
 21
1484.0856
 31
0.0
  0
LINE
  5
4E7
330
17
100
AcDbEntity
  8
AVAN-CIZGI
100
AcDbLine
 10
-3327.5
 20
1478.4411
 30
0.0
 11
-3147.5
 21
1478.4411
 31
0.0
  0
LINE
  5
4E8
330
17
100
AcDbEntity
  8
AVAN-CIZGI
100
AcDbLine
 10
-3327.5
 20
1465.9528
 30
0.0
 11
-3147.5
 21
1465.9528
 31
0.0
  0
LINE
  5
4E9
330
17
100
AcDbEntity
  8
AVAN-CIZGI
100
AcDbLine
 10
-3327.5
 20
1465.9528
 30
0.0
 11
-3147.5
 21
1465.9528
 31
0.0
  0
LINE
  5
4EA
330
17
100
AcDbEntity
  8
AVAN-CIZGI
100
AcDbLine
 10
-3327.5
 20
1460.3083
 30
0.0
 11
-3147.5
 21
1460.3083
 31
0.0
  0
LINE
  5
4EB
330
17
100
AcDbEntity
  8
AVAN-CIZGI
100
AcDbLine
 10
-3327.5
 20
1460.3083
 30
0.0
 11
-3327.5
 21
1465.9528
 31
0.0
  0
LINE
  5
4EC
330
17
100
AcDbEntity
  8
AVAN-CIZGI
100
AcDbLine
 10
-3147.5
 20
1460.3083
 30
0.0
 11
-3147.5
 21
1465.9528
 31
0.0
  0
LINE
  5
4ED
330
17
100
AcDbEntity
  8
AVAN-CIZGI
100
AcDbLine
 10
-3225.5
 20
1460.3083
 30
0.0
 11
-3225.5
 21
1465.9528
 31
0.0
  0
LINE
  5
4EE
330
17
100
AcDbEntity
  8
AVAN-CIZGI
100
AcDbLine
 10
-3177.5
 20
1460.3083
 30
0.0
 11
-3177.5
 21
1465.9528
 31
0.0
  0
LINE
  5
4EF
330
17
100
AcDbEntity
  8
AVAN-CIZGI
100
AcDbLine
 10
-3327.5
 20
1460.3083
 30
0.0
 11
-3147.5
 21
1460.3083
 31
0.0
  0
LINE
  5
4F0
330
17
100
AcDbEntity
  8
AVAN-CIZGI
100
AcDbLine
 10
-3327.5
 20
1458.8083
 30
0.0
 11
-3147.5
 21
1458.8083
 31
0.0
  0
LINE
  5
4F1
330
17
100
AcDbEntity
  8
AVAN-CIZGI
100
AcDbLine
 10
-3327.5
 20
1451.5764
 30
0.0
 11
-3147.5
 21
1451.5764
 31
0.0
  0
LINE
  5
4F2
330
17
100
AcDbEntity
  8
AVAN-CIZGI
100
AcDbLine
 10
-3327.5
 20
1448.3764
 30
0.0
 11
-3147.5
 21
1448.3764
 31
0.0
  0
LINE
  5
4F3
330
17
100
AcDbEntity
  8
AVAN-CIZGI
100
AcDbLine
 10
-3327.5
 20
1441.5325
 30
0.0
 11
-3147.5
 21
1441.5325
 31
0.0
  0
LINE
  5
4F4
330
17
100
AcDbEntity
  8
AVAN-CIZGI
100
AcDbLine
 10
-3327.5
 20
1441.5325
 30
0.0
 11
-3327.5
 21
1448.3764
 31
0.0
  0
LINE
  5
4F5
330
17
100
AcDbEntity
  8
AVAN-CIZGI
100
AcDbLine
 10
-3147.5
 20
1441.5325
 30
0.0
 11
-3147.5
 21
1448.3764
 31
0.0
  0
LINE
  5
4F6
330
17
100
AcDbEntity
  8
AVAN-CIZGI
100
AcDbLine
 10
-3327.5
 20
1448.3764
 30
0.0
 11
-3147.5
 21
1448.3764
 31
0.0
  0
LINE
  5
4F7
330
17
100
AcDbEntity
  8
AVAN-CIZGI
100
AcDbLine
 10
-3327.5
 20
1441.5325
 30
0.0
 11
-3147.5
 21
1441.5325
 31
0.0
  0
LINE
  5
4F8
330
17
100
AcDbEntity
  8
AVAN-CIZGI
100
AcDbLine
 10
-3327.5
 20
1404.8436
 30
0.0
 11
-3147.5
 21
1404.8436
 31
0.0
  0
LINE
  5
4F9
330
17
100
AcDbEntity
  8
AVAN-CIZGI
100
AcDbLine
 10
-3327.5
 20
1404.8436
 30
0.0
 11
-3327.5
 21
1441.5325
 31
0.0
  0
LINE
  5
4FA
330
17
100
AcDbEntity
  8
AVAN-CIZGI
100
AcDbLine
 10
-3147.5
 20
1404.8436
 30
0.0
 11
-3147.5
 21
1441.5325
 31
0.0
  0
LINE
  5
4FB
330
17
100
AcDbEntity
  8
AVAN-CIZGI
100
AcDbLine
 10
-3327.5
 20
1435.4647
 30
0.0
 11
-3147.5
 21
1435.4647
 31
0.0
  0
LINE
  5
4FC
330
17
100
AcDbEntity
  8
AVAN-CIZGI
100
AcDbLine
 10
-3327.5
 20
1429.397
 30
0.0
 11
-3147.5
 21
1429.397
 31
0.0
  0
LINE
  5
4FD
330
17
100
AcDbEntity
  8
AVAN-CIZGI
100
AcDbLine
 10
-3327.5
 20
1423.3292
 30
0.0
 11
-3147.5
 21
1423.3292
 31
0.0
  0
LINE
  5
4FE
330
17
100
AcDbEntity
  8
AVAN-CIZGI
100
AcDbLine
 10
-3327.5
 20
1417.2614
 30
0.0
 11
-3147.5
 21
1417.2614
 31
0.0
  0
LINE
  5
4FF
330
17
100
AcDbEntity
  8
AVAN-CIZGI
100
AcDbLine
 10
-3327.5
 20
1411.1936
 30
0.0
 11
-3147.5
 21
1411.1936
 31
0.0
  0
LINE
  5
500
330
17
100
AcDbEntity
  8
AVAN-CIZGI
100
AcDbLine
 10
-3314.5
 20
1404.8436
 30
0.0
 11
-3314.5
 21
1441.5325
 31
0.0
  0
LINE
  5
501
330
17
100
AcDbEntity
  8
AVAN-CIZGI
100
AcDbLine
 10
-3230.5
 20
1404.8436
 30
0.0
 11
-3230.5
 21
1441.5325
 31
0.0
  0
LINE
  5
502
330
17
100
AcDbEntity
  8
AVAN-CIZGI
100
AcDbLine
 10
-3225.5
 20
1404.8436
 30
0.0
 11
-3225.5
 21
1441.5325
 31
0.0
  0
LINE
  5
503
330
17
100
AcDbEntity
  8
AVAN-CIZGI
100
AcDbLine
 10
-3195.5
 20
1404.8436
 30
0.0
 11
-3195.5
 21
1441.5325
 31
0.0
  0
LINE
  5
504
330
17
100
AcDbEntity
  8
AVAN-CIZGI
100
AcDbLine
 10
-3177.5
 20
1404.8436
 30
0.0
 11
-3177.5
 21
1441.5325
 31
0.0
  0
LINE
  5
505
330
17
100
AcDbEntity
  8
AVAN-CIZGI
100
AcDbLine
 10
-3327.5
 20
1403.3436
 30
0.0
 11
-3147.5
 21
1403.3436
 31
0.0
  0
LINE
  5
506
330
17
100
AcDbEntity
  8
AVAN-CIZGI
100
AcDbLine
 10
-3327.5
 20
1391.702
 30
0.0
 11
-3147.5
 21
1391.702
 31
0.0
  0
LINE
  5
507
330
17
100
AcDbEntity
  8
AVAN-CIZGI
100
AcDbLine
 10
-3327.5
 20
1377.1419
 30
0.0
 11
-3147.5
 21
1377.1419
 31
0.0
  0
LINE
  5
508
330
17
100
AcDbEntity
  8
AVAN-CIZGI
100
AcDbLine
 10
-3327.5
 20
1370.298
 30
0.0
 11
-3147.5
 21
1370.298
 31
0.0
  0
LINE
  5
509
330
17
100
AcDbEntity
  8
AVAN-CIZGI
100
AcDbLine
 10
-3327.5
 20
1370.298
 30
0.0
 11
-3327.5
 21
1377.1419
 31
0.0
  0
LINE
  5
50A
330
17
100
AcDbEntity
  8
AVAN-CIZGI
100
AcDbLine
 10
-3147.5
 20
1370.298
 30
0.0
 11
-3147.5
 21
1377.1419
 31
0.0
  0
LINE
  5
50B
330
17
100
AcDbEntity
  8
AVAN-CIZGI
100
AcDbLine
 10
-3327.5
 20
1377.1419
 30
0.0
 11
-3147.5
 21
1377.1419
 31
0.0
  0
LINE
  5
50C
330
17
100
AcDbEntity
  8
AVAN-CIZGI
100
AcDbLine
 10
-3327.5
 20
1370.298
 30
0.0
 11
-3147.5
 21
1370.298
 31
0.0
  0
LINE
  5
50D
330
17
100
AcDbEntity
  8
AVAN-CIZGI
100
AcDbLine
 10
-3327.5
 20
1364.6536
 30
0.0
 11
-3147.5
 21
1364.6536
 31
0.0
  0
LINE
  5
50E
330
17
100
AcDbEntity
  8
AVAN-CIZGI
100
AcDbLine
 10
-3327.5
 20
1364.6536
 30
0.0
 11
-3327.5
 21
1370.298
 31
0.0
  0
LINE
  5
50F
330
17
100
AcDbEntity
  8
AVAN-CIZGI
100
AcDbLine
 10
-3147.5
 20
1364.6536
 30
0.0
 11
-3147.5
 21
1370.298
 31
0.0
  0
LINE
  5
510
330
17
100
AcDbEntity
  8
AVAN-CIZGI
100
AcDbLine
 10
-3225.5
 20
1364.6536
 30
0.0
 11
-3225.5
 21
1370.298
 31
0.0
  0
LINE
  5
511
330
17
100
AcDbEntity
  8
AVAN-CIZGI
100
AcDbLine
 10
-3177.5
 20
1364.6536
 30
0.0
 11
-3177.5
 21
1370.298
 31
0.0
  0
LINE
  5
512
330
17
100
AcDbEntity
  8
AVAN-CIZGI
100
AcDbLine
 10
-3327.5
 20
1364.6536
 30
0.0
 11
-3147.5
 21
1364.6536
 31
0.0
  0
LINE
  5
513
330
17
100
AcDbEntity
  8
AVAN-CIZGI
100
AcDbLine
 10
-3327.5
 20
1364.6536
 30
0.0
 11
-3147.5
 21
1364.6536
 31
0.0
  0
LINE
  5
514
330
17
100
AcDbEntity
  8
AVAN-CIZGI
100
AcDbLine
 10
-3327.5
 20
1342.0758
 30
0.0
 11
-3327.5
 21
1364.6536
 31
0.0
  0
LINE
  5
515
330
17
100
AcDbEntity
  8
AVAN-CIZGI
100
AcDbLine
 10
-3147.5
 20
1342.0758
 30
0.0
 11
-3147.5
 21
1364.6536
 31
0.0
  0
LINE
  5
516
330
17
100
AcDbEntity
  8
AVAN-CIZGI
100
AcDbLine
 10
-3225.5
 20
1342.0758
 30
0.0
 11
-3225.5
 21
1364.6536
 31
0.0
  0
LINE
  5
517
330
17
100
AcDbEntity
  8
AVAN-CIZGI
100
AcDbLine
 10
-3177.5
 20
1342.0758
 30
0.0
 11
-3177.5
 21
1364.6536
 31
0.0
  0
LINE
  5
518
330
17
100
AcDbEntity
  8
AVAN-CIZGI
100
AcDbLine
 10
-3327.5
 20
1359.0092
 30
0.0
 11
-3147.5
 21
1359.0092
 31
0.0
  0
LINE
  5
519
330
17
100
AcDbEntity
  8
AVAN-CIZGI
100
AcDbLine
 10
-3327.5
 20
1353.3647
 30
0.0
 11
-3147.5
 21
1353.3647
 31
0.0
  0
LINE
  5
51A
330
17
100
AcDbEntity
  8
AVAN-CIZGI
100
AcDbLine
 10
-3327.5
 20
1347.7203
 30
0.0
 11
-3147.5
 21
1347.7203
 31
0.0
  0
LINE
  5
51B
330
17
100
AcDbEntity
  8
AVAN-CIZGI
100
AcDbLine
 10
-3327.5
 20
1342.0758
 30
0.0
 11
-3147.5
 21
1342.0758
 31
0.0
  0
TEXT
  5
51C
330
17
100
AcDbEntity
  8
AVAN-YAZI
100
AcDbText
 10
-3278.4722
 20
1587.7
 30
0.0
 40
3.086
  1
ASANSÖR AVAN PROJE HESAPLARI
  7
AVAN-KALIN
 41
1.066
 11
-3278.4722
 21
1587.7
 31
0.0
100
AcDbText
  0
TEXT
  5
51D
330
17
100
AcDbEntity
  8
AVAN-YAZI
100
AcDbText
 10
-3164.6576
 20
1573.356
 30
0.0
 40
1.903
  1
TS EN 81-20
  7
AVAN
 41
1.0479
 11
-3164.6576
 21
1573.356
 31
0.0
100
AcDbText
  0
TEXT
  5
51E
330
17
100
AcDbEntity
  8
AVAN-YAZI
100
AcDbText
 10
-3326.4417
 20
1573.2325
 30
0.0
 40
2.443
  1
4 - KUYU AYDINLATMA HESABI
  7
AVAN-KALIN
 41
1.1081
 11
-3326.4417
 21
1573.2325
 31
0.0
100
AcDbText
  0
TEXT
  5
51F
330
17
100
AcDbEntity
  8
AVAN-YAZI
100
AcDbText
 10
-3176.4416
 20
1567.2706
 30
0.0
 40
1.775
  1
GİRİŞ
  7
AVAN
 41
0.6995
 11
-3176.4416
 21
1567.2706
 31
0.0
100
AcDbText
  0
TEXT
  5
520
330
17
100
AcDbEntity
  8
AVAN-YAZI
100
AcDbText
 10
-3326.4417
 20
1567.2
 30
0.0
 40
2.109
  1
a
  7
AVAN
 41
1.0825
 11
-3326.4417
 21
1567.2
 31
0.0
100
AcDbText
  0
TEXT
  5
521
330
17
100
AcDbEntity
  8
AVAN-YAZI
100
AcDbText
 10
-3313.4417
 20
1567.2
 30
0.0
 40
2.109
  1
Kuyu yüksekliği ( kuyu boyu )
  7
AVAN
 41
1.1039
 11
-3313.4417
 21
1567.2
 31
0.0
100
AcDbText
  0
TEXT
  5
522
330
17
100
AcDbEntity
  8
AVAN-YAZI
100
AcDbText
 10
-3229.4417
 20
1567.2
 30
0.0
 40
2.109
  1
=
  7
AVAN
 41
1.4092
 11
-3229.4417
 21
1567.2
 31
0.0
100
AcDbText
  0
TEXT
  5
523
330
17
100
AcDbEntity
  8
AVAN-YAZI
100
AcDbText
 10
-3194.4417
 20
1567.2
 30
0.0
 40
2.109
  1
m
  7
AVAN
 41
1.1486
 11
-3194.4417
 21
1567.2
 31
0.0
100
AcDbText
  0
TEXT
  5
524
330
17
100
AcDbEntity
  8
AVAN-YAZI
100
AcDbText
 10
-3206.1548
 20
1567.0589
 30
0.0
 40
2.212
  1
32,85
  7
AVAN-KALIN
 41
1.2417
 11
-3206.1548
 21
1567.0589
 31
0.0
100
AcDbText
  0
TEXT
  5
525
330
17
100
AcDbEntity
  8
AVAN-YAZI
100
AcDbText
 10
-3176.4416
 20
1561.6261
 30
0.0
 40
1.775
  1
GİRİŞ
  7
AVAN
 41
0.6995
 11
-3176.4416
 21
1561.6261
 31
0.0
100
AcDbText
  0
TEXT
  5
526
330
17
100
AcDbEntity
  8
AVAN-YAZI
100
AcDbText
 10
-3326.4417
 20
1561.5556
 30
0.0
 40
2.109
  1
b
  7
AVAN
 41
1.1213
 11
-3326.4417
 21
1561.5556
 31
0.0
100
AcDbText
  0
TEXT
  5
527
330
17
100
AcDbEntity
  8
AVAN-YAZI
100
AcDbText
 10
-3313.4417
 20
1561.5556
 30
0.0
 40
2.109
  1
Kuyu genişliği
  7
AVAN
 41
1.0338
 11
-3313.4417
 21
1561.5556
 31
0.0
100
AcDbText
  0
TEXT
  5
528
330
17
100
AcDbEntity
  8
AVAN-YAZI
100
AcDbText
 10
-3229.4417
 20
1561.5556
 30
0.0
 40
2.109
  1
=
  7
AVAN
 41
1.4092
 11
-3229.4417
 21
1561.5556
 31
0.0
100
AcDbText
  0
TEXT
  5
529
330
17
100
AcDbEntity
  8
AVAN-YAZI
100
AcDbText
 10
-3194.4417
 20
1561.5556
 30
0.0
 40
2.109
  1
m
  7
AVAN
 41
1.1486
 11
-3194.4417
 21
1561.5556
 31
0.0
100
AcDbText
  0
TEXT
  5
52A
330
17
100
AcDbEntity
  8
AVAN-YAZI
100
AcDbText
 10
-3204.0438
 20
1561.4144
 30
0.0
 40
2.212
  1
1,80
  7
AVAN-KALIN
 41
1.2453
 11
-3204.0438
 21
1561.4144
 31
0.0
100
AcDbText
  0
TEXT
  5
52B
330
17
100
AcDbEntity
  8
AVAN-YAZI
100
AcDbText
 10
-3176.4416
 20
1555.9817
 30
0.0
 40
1.775
  1
SABİTLER A
  7
AVAN
 41
0.909
 11
-3176.4416
 21
1555.9817
 31
0.0
100
AcDbText
  0
TEXT
  5
52C
330
17
100
AcDbEntity
  8
AVAN-YAZI
100
AcDbText
 10
-3326.4417
 20
1555.9111
 30
0.0
 40
2.109
  1
h
  7
AVAN
 41
1.1196
 11
-3326.4417
 21
1555.9111
 31
0.0
100
AcDbText
  0
TEXT
  5
52D
330
17
100
AcDbEntity
  8
AVAN-YAZI
100
AcDbText
 10
-3313.4417
 20
1555.9111
 30
0.0
 40
2.109
  1
Armatür ile çalışma düzlemi arasındaki yükseklik
  7
AVAN
 41
1.0574
 11
-3313.4417
 21
1555.9111
 31
0.0
100
AcDbText
  0
TEXT
  5
52E
330
17
100
AcDbEntity
  8
AVAN-YAZI
100
AcDbText
 10
-3229.4417
 20
1555.9111
 30
0.0
 40
2.109
  1
=
  7
AVAN
 41
1.4092
 11
-3229.4417
 21
1555.9111
 31
0.0
100
AcDbText
  0
TEXT
  5
52F
330
17
100
AcDbEntity
  8
AVAN-YAZI
100
AcDbText
 10
-3194.4417
 20
1555.9111
 30
0.0
 40
2.109
  1
m
  7
AVAN
 41
1.1486
 11
-3194.4417
 21
1555.9111
 31
0.0
100
AcDbText
  0
TEXT
  5
530
330
17
100
AcDbEntity
  8
AVAN-YAZI
100
AcDbText
 10
-3198.6693
 20
1555.77
 30
0.0
 40
2.212
  1
1
  7
AVAN-KALIN
 41
1.2291
 11
-3198.6693
 21
1555.77
 31
0.0
100
AcDbText
  0
TEXT
  5
531
330
17
100
AcDbEntity
  8
AVAN-YAZI
100
AcDbText
 10
-3326.4417
 20
1549.1907
 30
0.0
 40
2.16
  1
k = a · b / ( h · ( a + b ) )
  7
AVAN-KALIN
 41
1.2508
 11
-3326.4417
 21
1549.1907
 31
0.0
100
AcDbText
  0
TEXT
  5
532
330
17
100
AcDbEntity
  8
AVAN-YAZI
100
AcDbText
 10
-3176.4416
 20
1544.1989
 30
0.0
 40
1.775
  1
bölge indeksi
  7
AVAN
 41
1.1161
 11
-3176.4416
 21
1544.1989
 31
0.0
100
AcDbText
  0
TEXT
  5
533
330
17
100
AcDbEntity
  8
AVAN-YAZI
100
AcDbText
 10
-3313.4417
 20
1544.1813
 30
0.0
 40
2.109
  1
= 32,85 · 1,80 / ( 1,00 · ( 32,85 + 1,80 ) )
  7
AVAN
 41
1.1454
 11
-3313.4417
 21
1544.1813
 31
0.0
100
AcDbText
  0
TEXT
  5
534
330
17
100
AcDbEntity
  8
AVAN-YAZI
100
AcDbText
 10
-3194.4417
 20
1544.1283
 30
0.0
 40
2.109
  1
—
  7
AVAN
 41
0.9822
 11
-3194.4417
 21
1544.1283
 31
0.0
100
AcDbText
  0
TEXT
  5
535
330
17
100
AcDbEntity
  8
AVAN-YAZI
100
AcDbText
 10
-3208.2658
 20
1543.9872
 30
0.0
 40
2.212
  1
1,7065
  7
AVAN-KALIN
 41
1.2394
 11
-3208.2658
 21
1543.9872
 31
0.0
100
AcDbText
  0
TEXT
  5
536
330
17
100
AcDbEntity
  8
AVAN-YAZI
100
AcDbText
 10
-3176.4416
 20
1537.8489
 30
0.0
 40
1.775
  1
TABLOLAR T2
  7
AVAN
 41
1.0053
 11
-3176.4416
 21
1537.8489
 31
0.0
100
AcDbText
  0
TEXT
  5
537
330
17
100
AcDbEntity
  8
AVAN-YAZI
100
AcDbText
 10
-3326.4417
 20
1537.7783
 30
0.0
 40
2.109
  1
η
  7
AVAN
 41
1.0323
 11
-3326.4417
 21
1537.7783
 31
0.0
100
AcDbText
  0
TEXT
  5
538
330
17
100
AcDbEntity
  8
AVAN-YAZI
100
AcDbText
 10
-3313.4417
 20
1537.7783
 30
0.0
 40
2.109
  1
Oda aydınlatma verimi
  7
AVAN
 41
1.0714
 11
-3313.4417
 21
1537.7783
 31
0.0
100
AcDbText
  0
TEXT
  5
539
330
17
100
AcDbEntity
  8
AVAN-YAZI
100
AcDbText
 10
-3229.4417
 20
1537.7783
 30
0.0
 40
2.109
  1
=
  7
AVAN
 41
1.4092
 11
-3229.4417
 21
1537.7783
 31
0.0
100
AcDbText
  0
TEXT
  5
53A
330
17
100
AcDbEntity
  8
AVAN-YAZI
100
AcDbText
 10
-3194.4417
 20
1537.7783
 30
0.0
 40
2.109
  1
—
  7
AVAN
 41
0.9822
 11
-3194.4417
 21
1537.7783
 31
0.0
100
AcDbText
  0
TEXT
  5
53B
330
17
100
AcDbEntity
  8
AVAN-YAZI
100
AcDbText
 10
-3204.0438
 20
1537.6372
 30
0.0
 40
2.212
  1
0,41
  7
AVAN-KALIN
 41
1.2453
 11
-3204.0438
 21
1537.6372
 31
0.0
100
AcDbText
  0
TEXT
  5
53C
330
17
100
AcDbEntity
  8
AVAN-YAZI
100
AcDbText
 10
-3176.4416
 20
1532.2044
 30
0.0
 40
1.775
  1
SABİTLER A
  7
AVAN
 41
0.909
 11
-3176.4416
 21
1532.2044
 31
0.0
100
AcDbText
  0
TEXT
  5
53D
330
17
100
AcDbEntity
  8
AVAN-YAZI
100
AcDbText
 10
-3326.4417
 20
1532.1339
 30
0.0
 40
2.109
  1
E
  7
AVAN
 41
0.9304
 11
-3326.4417
 21
1532.1339
 31
0.0
100
AcDbText
  0
TEXT
  5
53E
330
17
100
AcDbEntity
  8
AVAN-YAZI
100
AcDbText
 10
-3313.4417
 20
1532.1339
 30
0.0
 40
2.109
  1
Asgari aydınlatma şiddeti
  7
AVAN
 41
1.0511
 11
-3313.4417
 21
1532.1339
 31
0.0
100
AcDbText
  0
TEXT
  5
53F
330
17
100
AcDbEntity
  8
AVAN-YAZI
100
AcDbText
 10
-3229.4417
 20
1532.1339
 30
0.0
 40
2.109
  1
=
  7
AVAN
 41
1.4092
 11
-3229.4417
 21
1532.1339
 31
0.0
100
AcDbText
  0
TEXT
  5
540
330
17
100
AcDbEntity
  8
AVAN-YAZI
100
AcDbText
 10
-3194.4417
 20
1532.1339
 30
0.0
 40
2.109
  1
lüx
  7
AVAN
 41
1.1554
 11
-3194.4417
 21
1532.1339
 31
0.0
100
AcDbText
  0
TEXT
  5
541
330
17
100
AcDbEntity
  8
AVAN-YAZI
100
AcDbText
 10
-3200.7803
 20
1531.9928
 30
0.0
 40
2.212
  1
50
  7
AVAN-KALIN
 41
1.2291
 11
-3200.7803
 21
1531.9928
 31
0.0
100
AcDbText
  0
TEXT
  5
542
330
17
100
AcDbEntity
  8
AVAN-YAZI
100
AcDbText
 10
-3176.4416
 20
1526.56
 30
0.0
 40
1.775
  1
SABİTLER A
  7
AVAN
 41
0.909
 11
-3176.4416
 21
1526.56
 31
0.0
100
AcDbText
  0
TEXT
  5
543
330
17
100
AcDbEntity
  8
AVAN-YAZI
100
AcDbText
 10
-3326.4417
 20
1526.4894
 30
0.0
 40
2.109
  1
d
  7
AVAN
 41
1.1213
 11
-3326.4417
 21
1526.4894
 31
0.0
100
AcDbText
  0
TEXT
  5
544
330
17
100
AcDbEntity
  8
AVAN-YAZI
100
AcDbText
 10
-3313.4417
 20
1526.4894
 30
0.0
 40
2.109
  1
Kirlenme ( bakım ) faktörü
  7
AVAN
 41
1.0803
 11
-3313.4417
 21
1526.4894
 31
0.0
100
AcDbText
  0
TEXT
  5
545
330
17
100
AcDbEntity
  8
AVAN-YAZI
100
AcDbText
 10
-3229.4417
 20
1526.4894
 30
0.0
 40
2.109
  1
=
  7
AVAN
 41
1.4092
 11
-3229.4417
 21
1526.4894
 31
0.0
100
AcDbText
  0
TEXT
  5
546
330
17
100
AcDbEntity
  8
AVAN-YAZI
100
AcDbText
 10
-3194.4417
 20
1526.4894
 30
0.0
 40
2.109
  1
—
  7
AVAN
 41
0.9822
 11
-3194.4417
 21
1526.4894
 31
0.0
100
AcDbText
  0
TEXT
  5
547
330
17
100
AcDbEntity
  8
AVAN-YAZI
100
AcDbText
 10
-3204.0438
 20
1526.3483
 30
0.0
 40
2.212
  1
1,25
  7
AVAN-KALIN
 41
1.2453
 11
-3204.0438
 21
1526.3483
 31
0.0
100
AcDbText
  0
TEXT
  5
548
330
17
100
AcDbEntity
  8
AVAN-YAZI
100
AcDbText
 10
-3326.4417
 20
1519.769
 30
0.0
 40
2.16
  1
T = E · a · b · d / η
  7
AVAN-KALIN
 41
1.2083
 11
-3326.4417
 21
1519.769
 31
0.0
100
AcDbText
  0
TEXT
  5
549
330
17
100
AcDbEntity
  8
AVAN-YAZI
100
AcDbText
 10
-3176.4416
 20
1515.3064
 30
0.0
 40
1.775
  1
gerekli toplam ışık
  7
AVAN
 41
0.9738
 11
-3176.4416
 21
1515.3064
 31
0.0
100
AcDbText
  0
TEXT
  5
54A
330
17
100
AcDbEntity
  8
AVAN-YAZI
100
AcDbText
 10
-3313.4417
 20
1513.7013
 30
0.0
 40
2.109
  1
= 50 · 32,85 · 1,80 · 1,25 / 0,41
  7
AVAN
 41
1.1372
 11
-3313.4417
 21
1513.7013
 31
0.0
100
AcDbText
  0
TEXT
  5
54B
330
17
100
AcDbEntity
  8
AVAN-YAZI
100
AcDbText
 10
-3194.4417
 20
1513.6483
 30
0.0
 40
2.109
  1
lm
  7
AVAN
 41
1.1655
 11
-3194.4417
 21
1513.6483
 31
0.0
100
AcDbText
  0
TEXT
  5
54C
330
17
100
AcDbEntity
  8
AVAN-YAZI
100
AcDbText
 10
-3211.5293
 20
1513.5072
 30
0.0
 40
2.212
  1
9.013,72
  7
AVAN-KALIN
 41
1.2453
 11
-3211.5293
 21
1513.5072
 31
0.0
100
AcDbText
  0
TEXT
  5
54D
330
17
100
AcDbEntity
  8
AVAN-YAZI
100
AcDbText
 10
-3176.4416
 20
1512.1314
 30
0.0
 40
1.775
  1
akısı
  7
AVAN
 41
0.7239
 11
-3176.4416
 21
1512.1314
 31
0.0
100
AcDbText
  0
TEXT
  5
54E
330
17
100
AcDbEntity
  8
AVAN-YAZI
100
AcDbText
 10
-3176.4416
 20
1506.3106
 30
0.0
 40
1.775
  1
SABİTLER B
  7
AVAN
 41
0.9093
 11
-3176.4416
 21
1506.3106
 31
0.0
100
AcDbText
  0
TEXT
  5
54F
330
17
100
AcDbEntity
  8
AVAN-YAZI
100
AcDbText
 10
-3326.4417
 20
1506.24
 30
0.0
 40
2.109
  1
ØL
  7
AVAN
 41
0.9897
 11
-3326.4417
 21
1506.24
 31
0.0
100
AcDbText
  0
TEXT
  5
550
330
17
100
AcDbEntity
  8
AVAN-YAZI
100
AcDbText
 10
-3313.4417
 20
1506.24
 30
0.0
 40
2.109
  1
Bir armatürün ışık akısı
  7
AVAN
 41
0.9109
 11
-3313.4417
 21
1506.24
 31
0.0
100
AcDbText
  0
TEXT
  5
551
330
17
100
AcDbEntity
  8
AVAN-YAZI
100
AcDbText
 10
-3229.4417
 20
1506.24
 30
0.0
 40
2.109
  1
=
  7
AVAN
 41
1.4092
 11
-3229.4417
 21
1506.24
 31
0.0
100
AcDbText
  0
TEXT
  5
552
330
17
100
AcDbEntity
  8
AVAN-YAZI
100
AcDbText
 10
-3194.4417
 20
1506.24
 30
0.0
 40
2.109
  1
lm
  7
AVAN
 41
1.1655
 11
-3194.4417
 21
1506.24
 31
0.0
100
AcDbText
  0
TEXT
  5
553
330
17
100
AcDbEntity
  8
AVAN-YAZI
100
AcDbText
 10
-3206.1548
 20
1506.0989
 30
0.0
 40
2.212
  1
2.600
  7
AVAN-KALIN
 41
1.2417
 11
-3206.1548
 21
1506.0989
 31
0.0
100
AcDbText
  0
TEXT
  5
554
330
17
100
AcDbEntity
  8
AVAN-YAZI
100
AcDbText
 10
-3326.4417
 20
1499.5196
 30
0.0
 40
2.16
  1
Z = T / ØL
  7
AVAN-KALIN
 41
1.1761
 11
-3326.4417
 21
1499.5196
 31
0.0
100
AcDbText
  0
TEXT
  5
555
330
17
100
AcDbEntity
  8
AVAN-YAZI
100
AcDbText
 10
-3176.4416
 20
1495.0569
 30
0.0
 40
1.775
  1
hesaplanan armatür
  7
AVAN
 41
1.1215
 11
-3176.4416
 21
1495.0569
 31
0.0
100
AcDbText
  0
TEXT
  5
556
330
17
100
AcDbEntity
  8
AVAN-YAZI
100
AcDbText
 10
-3313.4417
 20
1493.4518
 30
0.0
 40
2.109
  1
= 9.013,72 / 2.600
  7
AVAN
 41
1.1466
 11
-3313.4417
 21
1493.4518
 31
0.0
100
AcDbText
  0
TEXT
  5
557
330
17
100
AcDbEntity
  8
AVAN-YAZI
100
AcDbText
 10
-3194.4417
 20
1493.3989
 30
0.0
 40
2.109
  1
adet
  7
AVAN
 41
1.1381
 11
-3194.4417
 21
1493.3989
 31
0.0
100
AcDbText
  0
TEXT
  5
558
330
17
100
AcDbEntity
  8
AVAN-YAZI
100
AcDbText
 10
-3204.0438
 20
1493.2578
 30
0.0
 40
2.212
  1
3,47
  7
AVAN-KALIN
 41
1.2453
 11
-3204.0438
 21
1493.2578
 31
0.0
100
AcDbText
  0
TEXT
  5
559
330
17
100
AcDbEntity
  8
AVAN-YAZI
100
AcDbText
 10
-3176.4416
 20
1491.8819
 30
0.0
 40
1.775
  1
sayısı
  7
AVAN
 41
0.7692
 11
-3176.4416
 21
1491.8819
 31
0.0
100
AcDbText
  0
TEXT
  5
55A
330
17
100
AcDbEntity
  8
AVAN-YAZI
100
AcDbText
 10
-3176.4416
 20
1486.0611
 30
0.0
 40
1.775
  1
SABİTLER A
  7
AVAN
 41
0.909
 11
-3176.4416
 21
1486.0611
 31
0.0
100
AcDbText
  0
TEXT
  5
55B
330
17
100
AcDbEntity
  8
AVAN-YAZI
100
AcDbText
 10
-3326.4417
 20
1485.9906
 30
0.0
 40
2.109
  1
n1
  7
AVAN
 41
1.1217
 11
-3326.4417
 21
1485.9906
 31
0.0
100
AcDbText
  0
TEXT
  5
55C
330
17
100
AcDbEntity
  8
AVAN-YAZI
100
AcDbText
 10
-3313.4417
 20
1485.9906
 30
0.0
 40
2.109
  1
Işık akısından = ROUNDUP( Z ) + 2 ( kuyu dibi + üstü )
  7
AVAN
 41
1.0355
 11
-3313.4417
 21
1485.9906
 31
0.0
100
AcDbText
  0
TEXT
  5
55D
330
17
100
AcDbEntity
  8
AVAN-YAZI
100
AcDbText
 10
-3229.4417
 20
1485.9906
 30
0.0
 40
2.109
  1
=
  7
AVAN
 41
1.4092
 11
-3229.4417
 21
1485.9906
 31
0.0
100
AcDbText
  0
TEXT
  5
55E
330
17
100
AcDbEntity
  8
AVAN-YAZI
100
AcDbText
 10
-3194.4417
 20
1485.9906
 30
0.0
 40
2.109
  1
adet
  7
AVAN
 41
1.1381
 11
-3194.4417
 21
1485.9906
 31
0.0
100
AcDbText
  0
TEXT
  5
55F
330
17
100
AcDbEntity
  8
AVAN-YAZI
100
AcDbText
 10
-3198.6693
 20
1485.8494
 30
0.0
 40
2.212
  1
6
  7
AVAN-KALIN
 41
1.2291
 11
-3198.6693
 21
1485.8494
 31
0.0
100
AcDbText
  0
TEXT
  5
560
330
17
100
AcDbEntity
  8
AVAN-YAZI
100
AcDbText
 10
-3176.4416
 20
1480.4167
 30
0.0
 40
1.775
  1
SABİTLER B
  7
AVAN
 41
0.9093
 11
-3176.4416
 21
1480.4167
 31
0.0
100
AcDbText
  0
TEXT
  5
561
330
17
100
AcDbEntity
  8
AVAN-YAZI
100
AcDbText
 10
-3326.4417
 20
1480.3461
 30
0.0
 40
2.109
  1
Dmax
  7
AVAN
 41
1.1092
 11
-3326.4417
 21
1480.3461
 31
0.0
100
AcDbText
  0
TEXT
  5
562
330
17
100
AcDbEntity
  8
AVAN-YAZI
100
AcDbText
 10
-3313.4417
 20
1480.3461
 30
0.0
 40
2.109
  1
Armatürler arası azami aralık
  7
AVAN
 41
1.038
 11
-3313.4417
 21
1480.3461
 31
0.0
100
AcDbText
  0
TEXT
  5
563
330
17
100
AcDbEntity
  8
AVAN-YAZI
100
AcDbText
 10
-3229.4417
 20
1480.3461
 30
0.0
 40
2.109
  1
=
  7
AVAN
 41
1.4092
 11
-3229.4417
 21
1480.3461
 31
0.0
100
AcDbText
  0
TEXT
  5
564
330
17
100
AcDbEntity
  8
AVAN-YAZI
100
AcDbText
 10
-3194.4417
 20
1480.3461
 30
0.0
 40
2.109
  1
m
  7
AVAN
 41
1.1486
 11
-3194.4417
 21
1480.3461
 31
0.0
100
AcDbText
  0
TEXT
  5
565
330
17
100
AcDbEntity
  8
AVAN-YAZI
100
AcDbText
 10
-3198.6693
 20
1480.205
 30
0.0
 40
2.212
  1
7
  7
AVAN-KALIN
 41
1.2291
 11
-3198.6693
 21
1480.205
 31
0.0
100
AcDbText
  0
TEXT
  5
566
330
17
100
AcDbEntity
  8
AVAN-YAZI
100
AcDbText
 10
-3326.4417
 20
1473.6257
 30
0.0
 40
2.16
  1
n2 = ROUNDUP( ( Hk − 1 ) / Dmax ) + 1
  7
AVAN-KALIN
 41
1.2018
 11
-3326.4417
 21
1473.6257
 31
0.0
100
AcDbText
  0
TEXT
  5
567
330
17
100
AcDbEntity
  8
AVAN-YAZI
100
AcDbText
 10
-3176.4416
 20
1468.6339
 30
0.0
 40
1.775
  1
geometrik asgari adet
  7
AVAN
 41
1.131
 11
-3176.4416
 21
1468.6339
 31
0.0
100
AcDbText
  0
TEXT
  5
568
330
17
100
AcDbEntity
  8
AVAN-YAZI
100
AcDbText
 10
-3313.4417
 20
1468.6163
 30
0.0
 40
2.109
  1
= ROUNDUP( ( 32,85 − 1 ) / 7,00 ) + 1
  7
AVAN
 41
1.1172
 11
-3313.4417
 21
1468.6163
 31
0.0
100
AcDbText
  0
TEXT
  5
569
330
17
100
AcDbEntity
  8
AVAN-YAZI
100
AcDbText
 10
-3194.4417
 20
1468.5633
 30
0.0
 40
2.109
  1
adet
  7
AVAN
 41
1.1381
 11
-3194.4417
 21
1468.5633
 31
0.0
100
AcDbText
  0
TEXT
  5
56A
330
17
100
AcDbEntity
  8
AVAN-YAZI
100
AcDbText
 10
-3198.6693
 20
1468.4222
 30
0.0
 40
2.212
  1
6
  7
AVAN-KALIN
 41
1.2291
 11
-3198.6693
 21
1468.4222
 31
0.0
100
AcDbText
  0
TEXT
  5
56B
330
17
100
AcDbEntity
  8
AVAN-YAZI
100
AcDbText
 10
-3326.4417
 20
1462.2133
 30
0.0
 40
2.109
  1
n
  7
AVAN
 41
1.1196
 11
-3326.4417
 21
1462.2133
 31
0.0
100
AcDbText
  0
TEXT
  5
56C
330
17
100
AcDbEntity
  8
AVAN-YAZI
100
AcDbText
 10
-3313.4417
 20
1462.2133
 30
0.0
 40
2.109
  1
SEÇİLEN armatür sayısı = MAX ( n1 ; n2 )
  7
AVAN
 41
1.003
 11
-3313.4417
 21
1462.2133
 31
0.0
100
AcDbText
  0
TEXT
  5
56D
330
17
100
AcDbEntity
  8
AVAN-YAZI
100
AcDbText
 10
-3229.4417
 20
1462.2133
 30
0.0
 40
2.109
  1
=
  7
AVAN
 41
1.4092
 11
-3229.4417
 21
1462.2133
 31
0.0
100
AcDbText
  0
TEXT
  5
56E
330
17
100
AcDbEntity
  8
AVAN-YAZI
100
AcDbText
 10
-3194.4417
 20
1462.2133
 30
0.0
 40
2.109
  1
adet
  7
AVAN
 41
1.1381
 11
-3194.4417
 21
1462.2133
 31
0.0
100
AcDbText
  0
TEXT
  5
56F
330
17
100
AcDbEntity
  8
AVAN-YAZI
100
AcDbText
 10
-3198.6693
 20
1462.0722
 30
0.0
 40
2.212
  1
6
  7
AVAN-KALIN
 41
1.2291
 11
-3198.6693
 21
1462.0722
 31
0.0
100
AcDbText
  0
TEXT
  5
570
330
17
100
AcDbEntity
  8
AVAN-YAZI
100
AcDbText
 10
-3326.7944
 20
1454.2222
 30
0.0
 40
2.315
  1
SONUÇ
  7
AVAN-KALIN
 41
1.0752
 11
-3326.7944
 21
1454.2222
 31
0.0
100
AcDbText
  0
TEXT
  5
571
330
17
100
AcDbEntity
  8
AVAN-YAZI
100
AcDbText
 10
-3274.7944
 20
1454.2222
 30
0.0
 40
2.315
  1
6 adet 40 W armatür kullanılacaktır.
  7
AVAN-KALIN
 41
1.1369
 11
-3274.7944
 21
1454.2222
 31
0.0
100
AcDbText
  0
TEXT
  5
572
330
17
100
AcDbEntity
  8
AVAN-YAZI
100
AcDbText
 10
-3169.2108
 20
1443.949
 30
0.0
 40
1.903
  1
tablo adı : TAS1
  7
AVAN
 41
1.0152
 11
-3169.2108
 21
1443.949
 31
0.0
100
AcDbText
  0
TEXT
  5
573
330
17
100
AcDbEntity
  8
AVAN-YAZI
100
AcDbText
 10
-3326.4417
 20
1443.8256
 30
0.0
 40
2.443
  1
5 - KURULU GÜÇ CETVELİ
  7
AVAN-KALIN
 41
1.0497
 11
-3326.4417
 21
1443.8256
 31
0.0
100
AcDbText
  0
TEXT
  5
574
330
17
100
AcDbEntity
  8
AVAN-YAZI
100
AcDbText
 10
-3326.4417
 20
1437.5814
 30
0.0
 40
2.109
  1
Lin
  7
AVAN
 41
1.0814
 11
-3326.4417
 21
1437.5814
 31
0.0
100
AcDbText
  0
TEXT
  5
575
330
17
100
AcDbEntity
  8
AVAN-YAZI
100
AcDbText
 10
-3313.4417
 20
1437.5814
 30
0.0
 40
2.109
  1
Sorti
  7
AVAN
 41
1.1119
 11
-3313.4417
 21
1437.5814
 31
0.0
100
AcDbText
  0
TEXT
  5
576
330
17
100
AcDbEntity
  8
AVAN-YAZI
100
AcDbText
 10
-3224.4417
 20
1437.5814
 30
0.0
 40
2.109
  1
Gücü
  7
AVAN
 41
1.0653
 11
-3224.4417
 21
1437.5814
 31
0.0
100
AcDbText
  0
TEXT
  5
577
330
17
100
AcDbEntity
  8
AVAN-YAZI
100
AcDbText
 10
-3194.4417
 20
1437.5814
 30
0.0
 40
2.109
  1
Birim
  7
AVAN
 41
1.1331
 11
-3194.4417
 21
1437.5814
 31
0.0
100
AcDbText
  0
TEXT
  5
578
330
17
100
AcDbEntity
  8
AVAN-YAZI
100
AcDbText
 10
-3176.4416
 20
1437.5814
 30
0.0
 40
2.109
  1
Sigorta A
  7
AVAN
 41
1.093
 11
-3176.4416
 21
1437.5814
 31
0.0
100
AcDbText
  0
TEXT
  5
579
330
17
100
AcDbEntity
  8
AVAN-YAZI
100
AcDbText
 10
-3326.4417
 20
1431.5136
 30
0.0
 40
2.109
  1
1
  7
AVAN
 41
1.1239
 11
-3326.4417
 21
1431.5136
 31
0.0
100
AcDbText
  0
TEXT
  5
57A
330
17
100
AcDbEntity
  8
AVAN-YAZI
100
AcDbText
 10
-3313.4417
 20
1431.5136
 30
0.0
 40
2.109
  1
MOTOR
  7
AVAN
 41
0.9876
 11
-3313.4417
 21
1431.5136
 31
0.0
100
AcDbText
  0
TEXT
  5
57B
330
17
100
AcDbEntity
  8
AVAN-YAZI
100
AcDbText
 10
-3229.4417
 20
1431.5136
 30
0.0
 40
2.109
  1
=
  7
AVAN
 41
1.4092
 11
-3229.4417
 21
1431.5136
 31
0.0
100
AcDbText
  0
TEXT
  5
57C
330
17
100
AcDbEntity
  8
AVAN-YAZI
100
AcDbText
 10
-3194.4417
 20
1431.5136
 30
0.0
 40
2.109
  1
W
  7
AVAN
 41
1.0287
 11
-3194.4417
 21
1431.5136
 31
0.0
100
AcDbText
  0
TEXT
  5
57D
330
17
100
AcDbEntity
  8
AVAN-YAZI
100
AcDbText
 10
-3176.4416
 20
1431.5136
 30
0.0
 40
2.109
  1
4 x 25
  7
AVAN
 41
1.1308
 11
-3176.4416
 21
1431.5136
 31
0.0
100
AcDbText
  0
TEXT
  5
57E
330
17
100
AcDbEntity
  8
AVAN-YAZI
100
AcDbText
 10
-3208.2658
 20
1431.3725
 30
0.0
 40
2.212
  1
11.000
  7
AVAN-KALIN
 41
1.2394
 11
-3208.2658
 21
1431.3725
 31
0.0
100
AcDbText
  0
TEXT
  5
57F
330
17
100
AcDbEntity
  8
AVAN-YAZI
100
AcDbText
 10
-3326.4417
 20
1425.4459
 30
0.0
 40
2.109
  1
2
  7
AVAN
 41
1.1239
 11
-3326.4417
 21
1425.4459
 31
0.0
100
AcDbText
  0
TEXT
  5
580
330
17
100
AcDbEntity
  8
AVAN-YAZI
100
AcDbText
 10
-3313.4417
 20
1425.4459
 30
0.0
 40
2.109
  1
KUYU AYDINLATMASI ( 6 X 40 W )
  7
AVAN
 41
1.0282
 11
-3313.4417
 21
1425.4459
 31
0.0
100
AcDbText
  0
TEXT
  5
581
330
17
100
AcDbEntity
  8
AVAN-YAZI
100
AcDbText
 10
-3229.4417
 20
1425.4459
 30
0.0
 40
2.109
  1
=
  7
AVAN
 41
1.4092
 11
-3229.4417
 21
1425.4459
 31
0.0
100
AcDbText
  0
TEXT
  5
582
330
17
100
AcDbEntity
  8
AVAN-YAZI
100
AcDbText
 10
-3194.4417
 20
1425.4459
 30
0.0
 40
2.109
  1
W
  7
AVAN
 41
1.0287
 11
-3194.4417
 21
1425.4459
 31
0.0
100
AcDbText
  0
TEXT
  5
583
330
17
100
AcDbEntity
  8
AVAN-YAZI
100
AcDbText
 10
-3176.4416
 20
1425.4459
 30
0.0
 40
2.109
  1
10
  7
AVAN
 41
1.1239
 11
-3176.4416
 21
1425.4459
 31
0.0
100
AcDbText
  0
TEXT
  5
584
330
17
100
AcDbEntity
  8
AVAN-YAZI
100
AcDbText
 10
-3202.8913
 20
1425.3047
 30
0.0
 40
2.212
  1
240
  7
AVAN-KALIN
 41
1.2291
 11
-3202.8913
 21
1425.3047
 31
0.0
100
AcDbText
  0
TEXT
  5
585
330
17
100
AcDbEntity
  8
AVAN-YAZI
100
AcDbText
 10
-3326.4417
 20
1419.3781
 30
0.0
 40
2.109
  1
3
  7
AVAN
 41
1.1239
 11
-3326.4417
 21
1419.3781
 31
0.0
100
AcDbText
  0
TEXT
  5
586
330
17
100
AcDbEntity
  8
AVAN-YAZI
100
AcDbText
 10
-3313.4417
 20
1419.3781
 30
0.0
 40
2.109
  1
KABİN + KABİN ÜSTÜ AYD. ( 4 X 5 W + 1 X 5 W )
  7
AVAN
 41
1.0187
 11
-3313.4417
 21
1419.3781
 31
0.0
100
AcDbText
  0
TEXT
  5
587
330
17
100
AcDbEntity
  8
AVAN-YAZI
100
AcDbText
 10
-3229.4417
 20
1419.3781
 30
0.0
 40
2.109
  1
=
  7
AVAN
 41
1.4092
 11
-3229.4417
 21
1419.3781
 31
0.0
100
AcDbText
  0
TEXT
  5
588
330
17
100
AcDbEntity
  8
AVAN-YAZI
100
AcDbText
 10
-3194.4417
 20
1419.3781
 30
0.0
 40
2.109
  1
W
  7
AVAN
 41
1.0287
 11
-3194.4417
 21
1419.3781
 31
0.0
100
AcDbText
  0
TEXT
  5
589
330
17
100
AcDbEntity
  8
AVAN-YAZI
100
AcDbText
 10
-3176.4416
 20
1419.3781
 30
0.0
 40
2.109
  1
10
  7
AVAN
 41
1.1239
 11
-3176.4416
 21
1419.3781
 31
0.0
100
AcDbText
  0
TEXT
  5
58A
330
17
100
AcDbEntity
  8
AVAN-YAZI
100
AcDbText
 10
-3200.7803
 20
1419.237
 30
0.0
 40
2.212
  1
25
  7
AVAN-KALIN
 41
1.2291
 11
-3200.7803
 21
1419.237
 31
0.0
100
AcDbText
  0
TEXT
  5
58B
330
17
100
AcDbEntity
  8
AVAN-YAZI
100
AcDbText
 10
-3326.4417
 20
1413.3103
 30
0.0
 40
2.109
  1
4
  7
AVAN
 41
1.1239
 11
-3326.4417
 21
1413.3103
 31
0.0
100
AcDbText
  0
TEXT
  5
58C
330
17
100
AcDbEntity
  8
AVAN-YAZI
100
AcDbText
 10
-3313.4417
 20
1413.3103
 30
0.0
 40
2.109
  1
TOPLAM PRİZ ( 3 X 300 W )
  7
AVAN
 41
1.0033
 11
-3313.4417
 21
1413.3103
 31
0.0
100
AcDbText
  0
TEXT
  5
58D
330
17
100
AcDbEntity
  8
AVAN-YAZI
100
AcDbText
 10
-3229.4417
 20
1413.3103
 30
0.0
 40
2.109
  1
=
  7
AVAN
 41
1.4092
 11
-3229.4417
 21
1413.3103
 31
0.0
100
AcDbText
  0
TEXT
  5
58E
330
17
100
AcDbEntity
  8
AVAN-YAZI
100
AcDbText
 10
-3194.4417
 20
1413.3103
 30
0.0
 40
2.109
  1
W
  7
AVAN
 41
1.0287
 11
-3194.4417
 21
1413.3103
 31
0.0
100
AcDbText
  0
TEXT
  5
58F
330
17
100
AcDbEntity
  8
AVAN-YAZI
100
AcDbText
 10
-3176.4416
 20
1413.3103
 30
0.0
 40
2.109
  1
16
  7
AVAN
 41
1.1239
 11
-3176.4416
 21
1413.3103
 31
0.0
100
AcDbText
  0
TEXT
  5
590
330
17
100
AcDbEntity
  8
AVAN-YAZI
100
AcDbText
 10
-3202.8913
 20
1413.1692
 30
0.0
 40
2.212
  1
900
  7
AVAN-KALIN
 41
1.2291
 11
-3202.8913
 21
1413.1692
 31
0.0
100
AcDbText
  0
TEXT
  5
591
330
17
100
AcDbEntity
  8
AVAN-YAZI
100
AcDbText
 10
-3313.4417
 20
1407.1014
 30
0.0
 40
2.109
  1
ASANSÖRÜN KURULU GÜCÜ
  7
AVAN
 41
0.9877
 11
-3313.4417
 21
1407.1014
 31
0.0
100
AcDbText
  0
TEXT
  5
592
330
17
100
AcDbEntity
  8
AVAN-YAZI
100
AcDbText
 10
-3229.4417
 20
1407.1014
 30
0.0
 40
2.109
  1
=
  7
AVAN
 41
1.4092
 11
-3229.4417
 21
1407.1014
 31
0.0
100
AcDbText
  0
TEXT
  5
593
330
17
100
AcDbEntity
  8
AVAN-YAZI
100
AcDbText
 10
-3194.4417
 20
1407.1014
 30
0.0
 40
2.109
  1
W
  7
AVAN
 41
1.0287
 11
-3194.4417
 21
1407.1014
 31
0.0
100
AcDbText
  0
TEXT
  5
594
330
17
100
AcDbEntity
  8
AVAN-YAZI
100
AcDbText
 10
-3208.2658
 20
1406.9603
 30
0.0
 40
2.212
  1
12.165
  7
AVAN-KALIN
 41
1.2394
 11
-3208.2658
 21
1406.9603
 31
0.0
100
AcDbText
  0
TEXT
  5
595
330
17
100
AcDbEntity
  8
AVAN-YAZI
100
AcDbText
 10
-3326.7944
 20
1398.7575
 30
0.0
 40
2.315
  1
ASANSÖRÜN KURULU
  7
AVAN-KALIN
 41
1.0825
 11
-3326.7944
 21
1398.7575
 31
0.0
100
AcDbText
  0
TEXT
  5
596
330
17
100
AcDbEntity
  8
AVAN-YAZI
100
AcDbText
 10
-3274.7944
 20
1396.5526
 30
0.0
 40
2.315
  1
12.165 W
  7
AVAN-KALIN
 41
1.2185
 11
-3274.7944
 21
1396.5526
 31
0.0
100
AcDbText
  0
TEXT
  5
597
330
17
100
AcDbEntity
  8
AVAN-YAZI
100
AcDbText
 10
-3326.7944
 20
1394.3478
 30
0.0
 40
2.315
  1
GÜCÜ
  7
AVAN-KALIN
 41
1.0605
 11
-3326.7944
 21
1394.3478
 31
0.0
100
AcDbText
  0
TEXT
  5
598
330
17
100
AcDbEntity
  8
AVAN-YAZI
100
AcDbText
 10
-3325.3833
 20
1387.9619
 30
0.0
 40
1.852
  1
▪ Motor koruma cihazı anma akımı, motor anma akımının kalkış katsayısı ( ofis standardı, varsayılan 1,25 ) katından büyük ilk standart
  7
AVAN
 41
1.0099
 11
-3325.3833
 21
1387.9619
 31
0.0
100
AcDbText
  0
TEXT
  5
599
330
17
100
AcDbEntity
  8
AVAN-YAZI
100
AcDbText
 10
-3325.3833
 20
1384.5753
 30
0.0
 40
1.852
  1
kademedir ( IEC 60269 gG ). AVAN değeridir: kesin seçim kalkış yöntemine, sürücü tipine ve kablo koordinasyonuna göre uygulama
  7
AVAN
 41
1.0928
 11
-3325.3833
 21
1384.5753
 31
0.0
100
AcDbText
  0
TEXT
  5
59A
330
17
100
AcDbEntity
  8
AVAN-YAZI
100
AcDbText
 10
-3325.3833
 20
1381.1886
 30
0.0
 40
1.852
  1
projesinde yapılır.
  7
AVAN
 41
0.9927
 11
-3325.3833
 21
1381.1886
 31
0.0
100
AcDbText
  0
TEXT
  5
59B
330
17
100
AcDbEntity
  8
AVAN-YAZI
100
AcDbText
 10
-3189.3139
 20
1372.7146
 30
0.0
 40
1.903
  1
Elektrik İç Tesisleri Yönetmeliği
  7
AVAN
 41
1.0557
 11
-3189.3139
 21
1372.7146
 31
0.0
100
AcDbText
  0
TEXT
  5
59C
330
17
100
AcDbEntity
  8
AVAN-YAZI
100
AcDbText
 10
-3326.4417
 20
1372.5911
 30
0.0
 40
2.443
  1
6 - GERİLİM DÜŞÜMÜ VE KESİT KONTROLÜ
  7
AVAN-KALIN
 41
1.0315
 11
-3326.4417
 21
1372.5911
 31
0.0
100
AcDbText
  0
TEXT
  5
59D
330
17
100
AcDbEntity
  8
AVAN-YAZI
100
AcDbText
 10
-3176.4416
 20
1366.6292
 30
0.0
 40
1.775
  1
GİRİŞ
  7
AVAN
 41
0.6995
 11
-3176.4416
 21
1366.6292
 31
0.0
100
AcDbText
  0
TEXT
  5
59E
330
17
100
AcDbEntity
  8
AVAN-YAZI
100
AcDbText
 10
-3326.4417
 20
1366.5586
 30
0.0
 40
2.109
  1
U
  7
AVAN
 41
0.9957
 11
-3326.4417
 21
1366.5586
 31
0.0
100
AcDbText
  0
TEXT
  5
59F
330
17
100
AcDbEntity
  8
AVAN-YAZI
100
AcDbText
 10
-3313.4417
 20
1366.5586
 30
0.0
 40
2.109
  1
Şebeke gerilimi ( fazlar arası )
  7
AVAN
 41
1.0658
 11
-3313.4417
 21
1366.5586
 31
0.0
100
AcDbText
  0
TEXT
  5
5A0
330
17
100
AcDbEntity
  8
AVAN-YAZI
100
AcDbText
 10
-3229.4417
 20
1366.5586
 30
0.0
 40
2.109
  1
=
  7
AVAN
 41
1.4092
 11
-3229.4417
 21
1366.5586
 31
0.0
100
AcDbText
  0
TEXT
  5
5A1
330
17
100
AcDbEntity
  8
AVAN-YAZI
100
AcDbText
 10
-3194.4417
 20
1366.5586
 30
0.0
 40
2.109
  1
V
  7
AVAN
 41
1.0073
 11
-3194.4417
 21
1366.5586
 31
0.0
100
AcDbText
  0
TEXT
  5
5A2
330
17
100
AcDbEntity
  8
AVAN-YAZI
100
AcDbText
 10
-3202.8913
 20
1366.4175
 30
0.0
 40
2.212
  1
380
  7
AVAN-KALIN
 41
1.2291
 11
-3202.8913
 21
1366.4175
 31
0.0
100
AcDbText
  0
TEXT
  5
5A3
330
17
100
AcDbEntity
  8
AVAN-YAZI
100
AcDbText
 10
-3176.4416
 20
1360.9847
 30
0.0
 40
1.775
  1
SABİTLER B
  7
AVAN
 41
0.9093
 11
-3176.4416
 21
1360.9847
 31
0.0
100
AcDbText
  0
TEXT
  5
5A4
330
17
100
AcDbEntity
  8
AVAN-YAZI
100
AcDbText
 10
-3326.4417
 20
1360.9142
 30
0.0
 40
2.109
  1
cosφ
  7
AVAN
 41
1.1076
 11
-3326.4417
 21
1360.9142
 31
0.0
100
AcDbText
  0
TEXT
  5
5A5
330
17
100
AcDbEntity
  8
AVAN-YAZI
100
AcDbText
 10
-3313.4417
 20
1360.9142
 30
0.0
 40
2.109
  1
Güç katsayısı
  7
AVAN
 41
0.9316
 11
-3313.4417
 21
1360.9142
 31
0.0
100
AcDbText
  0
TEXT
  5
5A6
330
17
100
AcDbEntity
  8
AVAN-YAZI
100
AcDbText
 10
-3229.4417
 20
1360.9142
 30
0.0
 40
2.109
  1
=
  7
AVAN
 41
1.4092
 11
-3229.4417
 21
1360.9142
 31
0.0
100
AcDbText
  0
TEXT
  5
5A7
330
17
100
AcDbEntity
  8
AVAN-YAZI
100
AcDbText
 10
-3194.4417
 20
1360.9142
 30
0.0
 40
2.109
  1
—
  7
AVAN
 41
0.9822
 11
-3194.4417
 21
1360.9142
 31
0.0
100
AcDbText
  0
TEXT
  5
5A8
330
17
100
AcDbEntity
  8
AVAN-YAZI
100
AcDbText
 10
-3204.0438
 20
1360.7731
 30
0.0
 40
2.212
  1
0,90
  7
AVAN-KALIN
 41
1.2453
 11
-3204.0438
 21
1360.7731
 31
0.0
100
AcDbText
  0
TEXT
  5
5A9
330
17
100
AcDbEntity
  8
AVAN-YAZI
100
AcDbText
 10
-3176.4416
 20
1355.3403
 30
0.0
 40
1.775
  1
GİRİŞ
  7
AVAN
 41
0.6995
 11
-3176.4416
 21
1355.3403
 31
0.0
100
AcDbText
  0
TEXT
  5
5AA
330
17
100
AcDbEntity
  8
AVAN-YAZI
100
AcDbText
 10
-3326.4417
 20
1355.2697
 30
0.0
 40
2.109
  1
κ
  7
AVAN
 41
1.0544
 11
-3326.4417
 21
1355.2697
 31
0.0
100
AcDbText
  0
TEXT
  5
5AB
330
17
100
AcDbEntity
  8
AVAN-YAZI
100
AcDbText
 10
-3313.4417
 20
1355.2697
 30
0.0
 40
2.109
  1
İletken iletkenliği
  7
AVAN
 41
1.0509
 11
-3313.4417
 21
1355.2697
 31
0.0
100
AcDbText
  0
TEXT
  5
5AC
330
17
100
AcDbEntity
  8
AVAN-YAZI
100
AcDbText
 10
-3229.4417
 20
1355.2697
 30
0.0
 40
2.109
  1
=
  7
AVAN
 41
1.4092
 11
-3229.4417
 21
1355.2697
 31
0.0
100
AcDbText
  0
TEXT
  5
5AD
330
17
100
AcDbEntity
  8
AVAN-YAZI
100
AcDbText
 10
-3194.4417
 20
1355.2697
 30
0.0
 40
2.109
  1
m/Ω·mm²
  7
AVAN
 41
1.1207
 11
-3194.4417
 21
1355.2697
 31
0.0
100
AcDbText
  0
TEXT
  5
5AE
330
17
100
AcDbEntity
  8
AVAN-YAZI
100
AcDbText
 10
-3200.7803
 20
1355.1286
 30
0.0
 40
2.212
  1
56
  7
AVAN-KALIN
 41
1.2291
 11
-3200.7803
 21
1355.1286
 31
0.0
100
AcDbText
  0
TEXT
  5
5AF
330
17
100
AcDbEntity
  8
AVAN-YAZI
100
AcDbText
 10
-3176.4416
 20
1349.6958
 30
0.0
 40
1.775
  1
yukarıdan
  7
AVAN
 41
1.0051
 11
-3176.4416
 21
1349.6958
 31
0.0
100
AcDbText
  0
TEXT
  5
5B0
330
17
100
AcDbEntity
  8
AVAN-YAZI
100
AcDbText
 10
-3326.4417
 20
1349.6253
 30
0.0
 40
2.109
  1
P1
  7
AVAN
 41
0.9952
 11
-3326.4417
 21
1349.6253
 31
0.0
100
AcDbText
  0
TEXT
  5
5B1
330
17
100
AcDbEntity
  8
AVAN-YAZI
100
AcDbText
 10
-3313.4417
 20
1349.6253
 30
0.0
 40
2.109
  1
Asansörün toplam kurulu gücü
  7
AVAN
 41
1.1157
 11
-3313.4417
 21
1349.6253
 31
0.0
100
AcDbText
  0
TEXT
  5
5B2
330
17
100
AcDbEntity
  8
AVAN-YAZI
100
AcDbText
 10
-3229.4417
 20
1349.6253
 30
0.0
 40
2.109
  1
=
  7
AVAN
 41
1.4092
 11
-3229.4417
 21
1349.6253
 31
0.0
100
AcDbText
  0
TEXT
  5
5B3
330
17
100
AcDbEntity
  8
AVAN-YAZI
100
AcDbText
 10
-3194.4417
 20
1349.6253
 30
0.0
 40
2.109
  1
W
  7
AVAN
 41
1.0287
 11
-3194.4417
 21
1349.6253
 31
0.0
100
AcDbText
  0
TEXT
  5
5B4
330
17
100
AcDbEntity
  8
AVAN-YAZI
100
AcDbText
 10
-3208.2658
 20
1349.4842
 30
0.0
 40
2.212
  1
12.165
  7
AVAN-KALIN
 41
1.2394
 11
-3208.2658
 21
1349.4842
 31
0.0
100
AcDbText
  0
TEXT
  5
5B5
330
17
100
AcDbEntity
  8
AVAN-YAZI
100
AcDbText
 10
-3176.4416
 20
1344.0514
 30
0.0
 40
1.775
  1
GİRİŞ
  7
AVAN
 41
0.6995
 11
-3176.4416
 21
1344.0514
 31
0.0
100
AcDbText
  0
TEXT
  5
5B6
330
17
100
AcDbEntity
  8
AVAN-YAZI
100
AcDbText
 10
-3326.4417
 20
1343.9808
 30
0.0
 40
2.109
  1
L1
  7
AVAN
 41
1.054
 11
-3326.4417
 21
1343.9808
 31
0.0
100
AcDbText
  0
TEXT
  5
5B7
330
17
100
AcDbEntity
  8
AVAN-YAZI
100
AcDbText
 10
-3313.4417
 20
1343.9808
 30
0.0
 40
2.109
  1
Kolon hattı uzunluğu
  7
AVAN
 41
1.0359
 11
-3313.4417
 21
1343.9808
 31
0.0
100
AcDbText
  0
TEXT
  5
5B8
330
17
100
AcDbEntity
  8
AVAN-YAZI
100
AcDbText
 10
-3229.4417
 20
1343.9808
 30
0.0
 40
2.109
  1
=
  7
AVAN
 41
1.4092
 11
-3229.4417
 21
1343.9808
 31
0.0
100
AcDbText
  0
TEXT
  5
5B9
330
17
100
AcDbEntity
  8
AVAN-YAZI
100
AcDbText
 10
-3194.4417
 20
1343.9808
 30
0.0
 40
2.109
  1
m
  7
AVAN
 41
1.1486
 11
-3194.4417
 21
1343.9808
 31
0.0
100
AcDbText
  0
TEXT
  5
5BA
330
17
100
AcDbEntity
  8
AVAN-YAZI
100
AcDbText
 10
-3206.1548
 20
1343.8397
 30
0.0
 40
2.212
  1
32,85
  7
AVAN-KALIN
 41
1.2417
 11
-3206.1548
 21
1343.8397
 31
0.0
100
AcDbText
  0
TEXT
  5
5BB
330
17
100
AcDbEntity
  8
AVAN-YAZI
100
AcDbText
 10
-3155.9854
 20
1325.3
 30
0.0
 40
1.646
  1
Sayfa 3
  7
AVAN
 41
1.0886
 11
-3155.9854
 21
1325.3
 31
0.0
100
AcDbText
  0
LWPOLYLINE
  5
5BC
330
17
100
AcDbEntity
  8
AVAN-A4
100
AcDbPolyline
 90
4
 70
1
 10
-3122.5
 20
1310.9
 10
-2912.4999966666664
 20
1310.9
 10
-2912.4999966666664
 20
1607.9000127777779
 10
-3122.5
 20
1607.9000127777779
  0
LINE
  5
5BD
330
17
100
AcDbEntity
  8
AVAN-CIZGI
100
AcDbLine
 10
-3110.5
 20
1322.9
 30
0.0
 11
-2924.5
 21
1322.9
 31
0.0
  0
LINE
  5
5BE
330
17
100
AcDbEntity
  8
AVAN-CIZGI
100
AcDbLine
 10
-2924.5
 20
1322.9
 30
0.0
 11
-2924.5
 21
1595.9
 31
0.0
  0
LINE
  5
5BF
330
17
100
AcDbEntity
  8
AVAN-CIZGI
100
AcDbLine
 10
-2924.5
 20
1595.9
 30
0.0
 11
-3110.5
 21
1595.9
 31
0.0
  0
LINE
  5
5C0
330
17
100
AcDbEntity
  8
AVAN-CIZGI
100
AcDbLine
 10
-3110.5
 20
1595.9
 30
0.0
 11
-3110.5
 21
1322.9
 31
0.0
  0
LINE
  5
5C1
330
17
100
AcDbEntity
  8
AVAN-CIZGI
100
AcDbLine
 10
-3110.5
 20
1584.5
 30
0.0
 11
-2924.5
 21
1584.5
 31
0.0
  0
LINE
  5
5C2
330
17
100
AcDbEntity
  8
AVAN-CIZGI
100
AcDbLine
 10
-3110.5
 20
1329.9
 30
0.0
 11
-2924.5
 21
1329.9
 31
0.0
  0
LINE
  5
5C3
330
17
100
AcDbEntity
  8
AVAN-CIZGI
100
AcDbLine
 10
-3107.5
 20
1492.4111
 30
0.0
 11
-3107.5
 21
1577.7833
 31
0.0
  0
LINE
  5
5C4
330
17
100
AcDbEntity
  8
AVAN-CIZGI
100
AcDbLine
 10
-2927.5
 20
1492.4111
 30
0.0
 11
-2927.5
 21
1577.7833
 31
0.0
  0
LINE
  5
5C5
330
17
100
AcDbEntity
  8
AVAN-CIZGI
100
AcDbLine
 10
-3107.5
 20
1492.4111
 30
0.0
 11
-2927.5
 21
1492.4111
 31
0.0
  0
LINE
  5
5C6
330
17
100
AcDbEntity
  8
AVAN-CIZGI
100
AcDbLine
 10
-3005.5
 20
1492.4111
 30
0.0
 11
-3005.5
 21
1577.7833
 31
0.0
  0
LINE
  5
5C7
330
17
100
AcDbEntity
  8
AVAN-CIZGI
100
AcDbLine
 10
-2957.5
 20
1492.4111
 30
0.0
 11
-2957.5
 21
1577.7833
 31
0.0
  0
LINE
  5
5C8
330
17
100
AcDbEntity
  8
AVAN-CIZGI
100
AcDbLine
 10
-3107.5
 20
1577.7833
 30
0.0
 11
-2927.5
 21
1577.7833
 31
0.0
  0
LINE
  5
5C9
330
17
100
AcDbEntity
  8
AVAN-CIZGI
100
AcDbLine
 10
-3107.5
 20
1569.74
 30
0.0
 11
-2927.5
 21
1569.74
 31
0.0
  0
LINE
  5
5CA
330
17
100
AcDbEntity
  8
AVAN-CIZGI
100
AcDbLine
 10
-3107.5
 20
1557.2517
 30
0.0
 11
-2927.5
 21
1557.2517
 31
0.0
  0
LINE
  5
5CB
330
17
100
AcDbEntity
  8
AVAN-CIZGI
100
AcDbLine
 10
-3107.5
 20
1551.6072
 30
0.0
 11
-2927.5
 21
1551.6072
 31
0.0
  0
LINE
  5
5CC
330
17
100
AcDbEntity
  8
AVAN-CIZGI
100
AcDbLine
 10
-3107.5
 20
1543.5639
 30
0.0
 11
-2927.5
 21
1543.5639
 31
0.0
  0
LINE
  5
5CD
330
17
100
AcDbEntity
  8
AVAN-CIZGI
100
AcDbLine
 10
-3107.5
 20
1535.5206
 30
0.0
 11
-2927.5
 21
1535.5206
 31
0.0
  0
LINE
  5
5CE
330
17
100
AcDbEntity
  8
AVAN-CIZGI
100
AcDbLine
 10
-3107.5
 20
1523.0322
 30
0.0
 11
-2927.5
 21
1523.0322
 31
0.0
  0
LINE
  5
5CF
330
17
100
AcDbEntity
  8
AVAN-CIZGI
100
AcDbLine
 10
-3107.5
 20
1510.5439
 30
0.0
 11
-2927.5
 21
1510.5439
 31
0.0
  0
LINE
  5
5D0
330
17
100
AcDbEntity
  8
AVAN-CIZGI
100
AcDbLine
 10
-3107.5
 20
1504.8994
 30
0.0
 11
-2927.5
 21
1504.8994
 31
0.0
  0
LINE
  5
5D1
330
17
100
AcDbEntity
  8
AVAN-CIZGI
100
AcDbLine
 10
-3107.5
 20
1492.4111
 30
0.0
 11
-2927.5
 21
1492.4111
 31
0.0
  0
LINE
  5
5D2
330
17
100
AcDbEntity
  8
AVAN-CIZGI
100
AcDbLine
 10
-3107.5
 20
1492.4111
 30
0.0
 11
-2927.5
 21
1492.4111
 31
0.0
  0
LINE
  5
5D3
330
17
100
AcDbEntity
  8
AVAN-CIZGI
100
AcDbLine
 10
-3107.5
 20
1484.3678
 30
0.0
 11
-2927.5
 21
1484.3678
 31
0.0
  0
LINE
  5
5D4
330
17
100
AcDbEntity
  8
AVAN-CIZGI
100
AcDbLine
 10
-3107.5
 20
1484.3678
 30
0.0
 11
-3107.5
 21
1492.4111
 31
0.0
  0
LINE
  5
5D5
330
17
100
AcDbEntity
  8
AVAN-CIZGI
100
AcDbLine
 10
-2927.5
 20
1484.3678
 30
0.0
 11
-2927.5
 21
1492.4111
 31
0.0
  0
LINE
  5
5D6
330
17
100
AcDbEntity
  8
AVAN-CIZGI
100
AcDbLine
 10
-3005.5
 20
1484.3678
 30
0.0
 11
-3005.5
 21
1492.4111
 31
0.0
  0
LINE
  5
5D7
330
17
100
AcDbEntity
  8
AVAN-CIZGI
100
AcDbLine
 10
-2957.5
 20
1484.3678
 30
0.0
 11
-2957.5
 21
1492.4111
 31
0.0
  0
LINE
  5
5D8
330
17
100
AcDbEntity
  8
AVAN-CIZGI
100
AcDbLine
 10
-3107.5
 20
1484.3678
 30
0.0
 11
-2927.5
 21
1484.3678
 31
0.0
  0
LINE
  5
5D9
330
17
100
AcDbEntity
  8
AVAN-CIZGI
100
AcDbLine
 10
-3107.5
 20
1482.8678
 30
0.0
 11
-2927.5
 21
1482.8678
 31
0.0
  0
LINE
  5
5DA
330
17
100
AcDbEntity
  8
AVAN-CIZGI
100
AcDbLine
 10
-3107.5
 20
1471.2261
 30
0.0
 11
-2927.5
 21
1471.2261
 31
0.0
  0
LINE
  5
5DB
330
17
100
AcDbEntity
  8
AVAN-CIZGI
100
AcDbLine
 10
-3107.5
 20
1443.7061
 30
0.0
 11
-2927.5
 21
1443.7061
 31
0.0
  0
LINE
  5
5DC
330
17
100
AcDbEntity
  8
AVAN-CIZGI
100
AcDbLine
 10
-3107.5
 20
1436.8622
 30
0.0
 11
-2927.5
 21
1436.8622
 31
0.0
  0
LINE
  5
5DD
330
17
100
AcDbEntity
  8
AVAN-CIZGI
100
AcDbLine
 10
-3107.5
 20
1436.8622
 30
0.0
 11
-3107.5
 21
1443.7061
 31
0.0
  0
LINE
  5
5DE
330
17
100
AcDbEntity
  8
AVAN-CIZGI
100
AcDbLine
 10
-2927.5
 20
1436.8622
 30
0.0
 11
-2927.5
 21
1443.7061
 31
0.0
  0
LINE
  5
5DF
330
17
100
AcDbEntity
  8
AVAN-CIZGI
100
AcDbLine
 10
-3107.5
 20
1443.7061
 30
0.0
 11
-2927.5
 21
1443.7061
 31
0.0
  0
LINE
  5
5E0
330
17
100
AcDbEntity
  8
AVAN-CIZGI
100
AcDbLine
 10
-3107.5
 20
1436.8622
 30
0.0
 11
-2927.5
 21
1436.8622
 31
0.0
  0
LINE
  5
5E1
330
17
100
AcDbEntity
  8
AVAN-CIZGI
100
AcDbLine
 10
-3107.5
 20
1430.0183
 30
0.0
 11
-2927.5
 21
1430.0183
 31
0.0
  0
LINE
  5
5E2
330
17
100
AcDbEntity
  8
AVAN-CIZGI
100
AcDbLine
 10
-3107.5
 20
1430.0183
 30
0.0
 11
-3107.5
 21
1436.8622
 31
0.0
  0
LINE
  5
5E3
330
17
100
AcDbEntity
  8
AVAN-CIZGI
100
AcDbLine
 10
-2927.5
 20
1430.0183
 30
0.0
 11
-2927.5
 21
1436.8622
 31
0.0
  0
LINE
  5
5E4
330
17
100
AcDbEntity
  8
AVAN-CIZGI
100
AcDbLine
 10
-3107.5
 20
1436.8622
 30
0.0
 11
-2927.5
 21
1436.8622
 31
0.0
  0
LINE
  5
5E5
330
17
100
AcDbEntity
  8
AVAN-CIZGI
100
AcDbLine
 10
-3107.5
 20
1430.0183
 30
0.0
 11
-2927.5
 21
1430.0183
 31
0.0
  0
LINE
  5
5E6
330
17
100
AcDbEntity
  8
AVAN-CIZGI
100
AcDbLine
 10
-3107.5
 20
1424.3739
 30
0.0
 11
-2927.5
 21
1424.3739
 31
0.0
  0
LINE
  5
5E7
330
17
100
AcDbEntity
  8
AVAN-CIZGI
100
AcDbLine
 10
-3107.5
 20
1424.3739
 30
0.0
 11
-3107.5
 21
1430.0183
 31
0.0
  0
LINE
  5
5E8
330
17
100
AcDbEntity
  8
AVAN-CIZGI
100
AcDbLine
 10
-2927.5
 20
1424.3739
 30
0.0
 11
-2927.5
 21
1430.0183
 31
0.0
  0
LINE
  5
5E9
330
17
100
AcDbEntity
  8
AVAN-CIZGI
100
AcDbLine
 10
-3005.5
 20
1424.3739
 30
0.0
 11
-3005.5
 21
1430.0183
 31
0.0
  0
LINE
  5
5EA
330
17
100
AcDbEntity
  8
AVAN-CIZGI
100
AcDbLine
 10
-2957.5
 20
1424.3739
 30
0.0
 11
-2957.5
 21
1430.0183
 31
0.0
  0
LINE
  5
5EB
330
17
100
AcDbEntity
  8
AVAN-CIZGI
100
AcDbLine
 10
-3107.5
 20
1424.3739
 30
0.0
 11
-2927.5
 21
1424.3739
 31
0.0
  0
LINE
  5
5EC
330
17
100
AcDbEntity
  8
AVAN-CIZGI
100
AcDbLine
 10
-3107.5
 20
1424.3739
 30
0.0
 11
-2927.5
 21
1424.3739
 31
0.0
  0
LINE
  5
5ED
330
17
100
AcDbEntity
  8
AVAN-CIZGI
100
AcDbLine
 10
-3107.5
 20
1375.62
 30
0.0
 11
-2927.5
 21
1375.62
 31
0.0
  0
LINE
  5
5EE
330
17
100
AcDbEntity
  8
AVAN-CIZGI
100
AcDbLine
 10
-3107.5
 20
1375.62
 30
0.0
 11
-3107.5
 21
1424.3739
 31
0.0
  0
LINE
  5
5EF
330
17
100
AcDbEntity
  8
AVAN-CIZGI
100
AcDbLine
 10
-2927.5
 20
1375.62
 30
0.0
 11
-2927.5
 21
1424.3739
 31
0.0
  0
LINE
  5
5F0
330
17
100
AcDbEntity
  8
AVAN-CIZGI
100
AcDbLine
 10
-3005.5
 20
1375.62
 30
0.0
 11
-3005.5
 21
1424.3739
 31
0.0
  0
LINE
  5
5F1
330
17
100
AcDbEntity
  8
AVAN-CIZGI
100
AcDbLine
 10
-2957.5
 20
1375.62
 30
0.0
 11
-2957.5
 21
1424.3739
 31
0.0
  0
LINE
  5
5F2
330
17
100
AcDbEntity
  8
AVAN-CIZGI
100
AcDbLine
 10
-3107.5
 20
1418.7295
 30
0.0
 11
-2927.5
 21
1418.7295
 31
0.0
  0
LINE
  5
5F3
330
17
100
AcDbEntity
  8
AVAN-CIZGI
100
AcDbLine
 10
-3107.5
 20
1413.085
 30
0.0
 11
-2927.5
 21
1413.085
 31
0.0
  0
LINE
  5
5F4
330
17
100
AcDbEntity
  8
AVAN-CIZGI
100
AcDbLine
 10
-3107.5
 20
1407.4406
 30
0.0
 11
-2927.5
 21
1407.4406
 31
0.0
  0
LINE
  5
5F5
330
17
100
AcDbEntity
  8
AVAN-CIZGI
100
AcDbLine
 10
-3107.5
 20
1401.7961
 30
0.0
 11
-2927.5
 21
1401.7961
 31
0.0
  0
LINE
  5
5F6
330
17
100
AcDbEntity
  8
AVAN-CIZGI
100
AcDbLine
 10
-3107.5
 20
1396.1517
 30
0.0
 11
-2927.5
 21
1396.1517
 31
0.0
  0
LINE
  5
5F7
330
17
100
AcDbEntity
  8
AVAN-CIZGI
100
AcDbLine
 10
-3107.5
 20
1388.1083
 30
0.0
 11
-2927.5
 21
1388.1083
 31
0.0
  0
LINE
  5
5F8
330
17
100
AcDbEntity
  8
AVAN-CIZGI
100
AcDbLine
 10
-3107.5
 20
1375.62
 30
0.0
 11
-2927.5
 21
1375.62
 31
0.0
  0
LINE
  5
5F9
330
17
100
AcDbEntity
  8
AVAN-CIZGI
100
AcDbLine
 10
-3107.5
 20
1375.62
 30
0.0
 11
-2927.5
 21
1375.62
 31
0.0
  0
LINE
  5
5FA
330
17
100
AcDbEntity
  8
AVAN-CIZGI
100
AcDbLine
 10
-3107.5
 20
1369.9756
 30
0.0
 11
-2927.5
 21
1369.9756
 31
0.0
  0
LINE
  5
5FB
330
17
100
AcDbEntity
  8
AVAN-CIZGI
100
AcDbLine
 10
-3107.5
 20
1369.9756
 30
0.0
 11
-3107.5
 21
1375.62
 31
0.0
  0
LINE
  5
5FC
330
17
100
AcDbEntity
  8
AVAN-CIZGI
100
AcDbLine
 10
-2927.5
 20
1369.9756
 30
0.0
 11
-2927.5
 21
1375.62
 31
0.0
  0
LINE
  5
5FD
330
17
100
AcDbEntity
  8
AVAN-CIZGI
100
AcDbLine
 10
-3005.5
 20
1369.9756
 30
0.0
 11
-3005.5
 21
1375.62
 31
0.0
  0
LINE
  5
5FE
330
17
100
AcDbEntity
  8
AVAN-CIZGI
100
AcDbLine
 10
-2957.5
 20
1369.9756
 30
0.0
 11
-2957.5
 21
1375.62
 31
0.0
  0
LINE
  5
5FF
330
17
100
AcDbEntity
  8
AVAN-CIZGI
100
AcDbLine
 10
-3107.5
 20
1369.9756
 30
0.0
 11
-2927.5
 21
1369.9756
 31
0.0
  0
LINE
  5
600
330
17
100
AcDbEntity
  8
AVAN-CIZGI
100
AcDbLine
 10
-3107.5
 20
1368.4756
 30
0.0
 11
-2927.5
 21
1368.4756
 31
0.0
  0
LINE
  5
601
330
17
100
AcDbEntity
  8
AVAN-CIZGI
100
AcDbLine
 10
-3107.5
 20
1361.2436
 30
0.0
 11
-2927.5
 21
1361.2436
 31
0.0
  0
TEXT
  5
602
330
17
100
AcDbEntity
  8
AVAN-YAZI
100
AcDbText
 10
-3058.4722
 20
1587.7
 30
0.0
 40
3.086
  1
ASANSÖR AVAN PROJE HESAPLARI
  7
AVAN-KALIN
 41
1.066
 11
-3058.4722
 21
1587.7
 31
0.0
100
AcDbText
  0
TEXT
  5
603
330
17
100
AcDbEntity
  8
AVAN-YAZI
100
AcDbText
 10
-2956.4416
 20
1574.5025
 30
0.0
 40
1.775
  1
GİRİŞ — asansör
  7
AVAN
 41
0.9113
 11
-2956.4416
 21
1574.5025
 31
0.0
100
AcDbText
  0
TEXT
  5
604
330
17
100
AcDbEntity
  8
AVAN-YAZI
100
AcDbText
 10
-3106.4417
 20
1572.8444
 30
0.0
 40
2.109
  1
S1
  7
AVAN
 41
1.0207
 11
-3106.4417
 21
1572.8444
 31
0.0
100
AcDbText
  0
TEXT
  5
605
330
17
100
AcDbEntity
  8
AVAN-YAZI
100
AcDbText
 10
-3093.4417
 20
1572.8444
 30
0.0
 40
2.109
  1
Kolon hattı kesiti
  7
AVAN
 41
1.0548
 11
-3093.4417
 21
1572.8444
 31
0.0
100
AcDbText
  0
TEXT
  5
606
330
17
100
AcDbEntity
  8
AVAN-YAZI
100
AcDbText
 10
-3009.4417
 20
1572.8444
 30
0.0
 40
2.109
  1
=
  7
AVAN
 41
1.4092
 11
-3009.4417
 21
1572.8444
 31
0.0
100
AcDbText
  0
TEXT
  5
607
330
17
100
AcDbEntity
  8
AVAN-YAZI
100
AcDbText
 10
-2974.4417
 20
1572.8444
 30
0.0
 40
2.109
  1
mm²
  7
AVAN
 41
1.1542
 11
-2974.4417
 21
1572.8444
 31
0.0
100
AcDbText
  0
TEXT
  5
608
330
17
100
AcDbEntity
  8
AVAN-YAZI
100
AcDbText
 10
-2978.6693
 20
1572.7033
 30
0.0
 40
2.212
  1
6
  7
AVAN-KALIN
 41
1.2291
 11
-2978.6693
 21
1572.7033
 31
0.0
100
AcDbText
  0
TEXT
  5
609
330
17
100
AcDbEntity
  8
AVAN-YAZI
100
AcDbText
 10
-2956.4416
 20
1571.3275
 30
0.0
 40
1.775
  1
bazında
  7
AVAN
 41
0.9556
 11
-2956.4416
 21
1571.3275
 31
0.0
100
AcDbText
  0
TEXT
  5
60A
330
17
100
AcDbEntity
  8
AVAN-YAZI
100
AcDbText
 10
-3106.4417
 20
1564.9246
 30
0.0
 40
2.16
  1
ε1 = 100 · P1 · L1 / ( κ · S1 · U² )
  7
AVAN-KALIN
 41
1.2259
 11
-3106.4417
 21
1564.9246
 31
0.0
100
AcDbText
  0
TEXT
  5
60B
330
17
100
AcDbEntity
  8
AVAN-YAZI
100
AcDbText
 10
-2956.4416
 20
1559.9328
 30
0.0
 40
1.775
  1
kolon hattı
  7
AVAN
 41
1.0292
 11
-2956.4416
 21
1559.9328
 31
0.0
100
AcDbText
  0
TEXT
  5
60C
330
17
100
AcDbEntity
  8
AVAN-YAZI
100
AcDbText
 10
-3093.4417
 20
1559.9151
 30
0.0
 40
2.109
  1
= 100 · 12.165 · 32,85 / ( 56 · 6,00 · 380² )
  7
AVAN
 41
1.1356
 11
-3093.4417
 21
1559.9151
 31
0.0
100
AcDbText
  0
TEXT
  5
60D
330
17
100
AcDbEntity
  8
AVAN-YAZI
100
AcDbText
 10
-2974.4417
 20
1559.8622
 30
0.0
 40
2.109
  1
%
  7
AVAN
 41
1.0498
 11
-2974.4417
 21
1559.8622
 31
0.0
100
AcDbText
  0
TEXT
  5
60E
330
17
100
AcDbEntity
  8
AVAN-YAZI
100
AcDbText
 10
-2986.1548
 20
1559.7211
 30
0.0
 40
2.212
  1
0,824
  7
AVAN-KALIN
 41
1.2417
 11
-2986.1548
 21
1559.7211
 31
0.0
100
AcDbText
  0
TEXT
  5
60F
330
17
100
AcDbEntity
  8
AVAN-YAZI
100
AcDbText
 10
-2956.4416
 20
1553.5828
 30
0.0
 40
1.775
  1
GİRİŞ
  7
AVAN
 41
0.6995
 11
-2956.4416
 21
1553.5828
 31
0.0
100
AcDbText
  0
TEXT
  5
610
330
17
100
AcDbEntity
  8
AVAN-YAZI
100
AcDbText
 10
-3106.4417
 20
1553.5122
 30
0.0
 40
2.109
  1
P2
  7
AVAN
 41
0.9952
 11
-3106.4417
 21
1553.5122
 31
0.0
100
AcDbText
  0
TEXT
  5
611
330
17
100
AcDbEntity
  8
AVAN-YAZI
100
AcDbText
 10
-3093.4417
 20
1553.5122
 30
0.0
 40
2.109
  1
Makine ( motor ) gücü
  7
AVAN
 41
1.1197
 11
-3093.4417
 21
1553.5122
 31
0.0
100
AcDbText
  0
TEXT
  5
612
330
17
100
AcDbEntity
  8
AVAN-YAZI
100
AcDbText
 10
-3009.4417
 20
1553.5122
 30
0.0
 40
2.109
  1
=
  7
AVAN
 41
1.4092
 11
-3009.4417
 21
1553.5122
 31
0.0
100
AcDbText
  0
TEXT
  5
613
330
17
100
AcDbEntity
  8
AVAN-YAZI
100
AcDbText
 10
-2974.4417
 20
1553.5122
 30
0.0
 40
2.109
  1
W
  7
AVAN
 41
1.0287
 11
-2974.4417
 21
1553.5122
 31
0.0
100
AcDbText
  0
TEXT
  5
614
330
17
100
AcDbEntity
  8
AVAN-YAZI
100
AcDbText
 10
-2988.2658
 20
1553.3711
 30
0.0
 40
2.212
  1
11.000
  7
AVAN-KALIN
 41
1.2394
 11
-2988.2658
 21
1553.3711
 31
0.0
100
AcDbText
  0
TEXT
  5
615
330
17
100
AcDbEntity
  8
AVAN-YAZI
100
AcDbText
 10
-2956.4416
 20
1548.3264
 30
0.0
 40
1.775
  1
GİRİŞ — asansör
  7
AVAN
 41
0.9113
 11
-2956.4416
 21
1548.3264
 31
0.0
100
AcDbText
  0
TEXT
  5
616
330
17
100
AcDbEntity
  8
AVAN-YAZI
100
AcDbText
 10
-3106.4417
 20
1546.6683
 30
0.0
 40
2.109
  1
L2
  7
AVAN
 41
1.054
 11
-3106.4417
 21
1546.6683
 31
0.0
100
AcDbText
  0
TEXT
  5
617
330
17
100
AcDbEntity
  8
AVAN-YAZI
100
AcDbText
 10
-3093.4417
 20
1546.6683
 30
0.0
 40
2.109
  1
Makine besleme uzunluğu
  7
AVAN
 41
1.0865
 11
-3093.4417
 21
1546.6683
 31
0.0
100
AcDbText
  0
TEXT
  5
618
330
17
100
AcDbEntity
  8
AVAN-YAZI
100
AcDbText
 10
-3009.4417
 20
1546.6683
 30
0.0
 40
2.109
  1
=
  7
AVAN
 41
1.4092
 11
-3009.4417
 21
1546.6683
 31
0.0
100
AcDbText
  0
TEXT
  5
619
330
17
100
AcDbEntity
  8
AVAN-YAZI
100
AcDbText
 10
-2974.4417
 20
1546.6683
 30
0.0
 40
2.109
  1
m
  7
AVAN
 41
1.1486
 11
-2974.4417
 21
1546.6683
 31
0.0
100
AcDbText
  0
TEXT
  5
61A
330
17
100
AcDbEntity
  8
AVAN-YAZI
100
AcDbText
 10
-2978.6693
 20
1546.5272
 30
0.0
 40
2.212
  1
3
  7
AVAN-KALIN
 41
1.2291
 11
-2978.6693
 21
1546.5272
 31
0.0
100
AcDbText
  0
TEXT
  5
61B
330
17
100
AcDbEntity
  8
AVAN-YAZI
100
AcDbText
 10
-2956.4416
 20
1545.1514
 30
0.0
 40
1.775
  1
bazında
  7
AVAN
 41
0.9556
 11
-2956.4416
 21
1545.1514
 31
0.0
100
AcDbText
  0
TEXT
  5
61C
330
17
100
AcDbEntity
  8
AVAN-YAZI
100
AcDbText
 10
-2956.4416
 20
1540.2831
 30
0.0
 40
1.775
  1
GİRİŞ — asansör
  7
AVAN
 41
0.9113
 11
-2956.4416
 21
1540.2831
 31
0.0
100
AcDbText
  0
TEXT
  5
61D
330
17
100
AcDbEntity
  8
AVAN-YAZI
100
AcDbText
 10
-3106.4417
 20
1538.625
 30
0.0
 40
2.109
  1
S2
  7
AVAN
 41
1.0207
 11
-3106.4417
 21
1538.625
 31
0.0
100
AcDbText
  0
TEXT
  5
61E
330
17
100
AcDbEntity
  8
AVAN-YAZI
100
AcDbText
 10
-3093.4417
 20
1538.625
 30
0.0
 40
2.109
  1
Makine besleme kesiti
  7
AVAN
 41
1.1118
 11
-3093.4417
 21
1538.625
 31
0.0
100
AcDbText
  0
TEXT
  5
61F
330
17
100
AcDbEntity
  8
AVAN-YAZI
100
AcDbText
 10
-3009.4417
 20
1538.625
 30
0.0
 40
2.109
  1
=
  7
AVAN
 41
1.4092
 11
-3009.4417
 21
1538.625
 31
0.0
100
AcDbText
  0
TEXT
  5
620
330
17
100
AcDbEntity
  8
AVAN-YAZI
100
AcDbText
 10
-2974.4417
 20
1538.625
 30
0.0
 40
2.109
  1
mm²
  7
AVAN
 41
1.1542
 11
-2974.4417
 21
1538.625
 31
0.0
100
AcDbText
  0
TEXT
  5
621
330
17
100
AcDbEntity
  8
AVAN-YAZI
100
AcDbText
 10
-2978.6693
 20
1538.4839
 30
0.0
 40
2.212
  1
6
  7
AVAN-KALIN
 41
1.2291
 11
-2978.6693
 21
1538.4839
 31
0.0
100
AcDbText
  0
TEXT
  5
622
330
17
100
AcDbEntity
  8
AVAN-YAZI
100
AcDbText
 10
-2956.4416
 20
1537.1081
 30
0.0
 40
1.775
  1
bazında
  7
AVAN
 41
0.9556
 11
-2956.4416
 21
1537.1081
 31
0.0
100
AcDbText
  0
TEXT
  5
623
330
17
100
AcDbEntity
  8
AVAN-YAZI
100
AcDbText
 10
-3106.4417
 20
1530.7051
 30
0.0
 40
2.16
  1
ε2 = 100 · P2 · L2 / ( κ · S2 · U² )
  7
AVAN-KALIN
 41
1.2259
 11
-3106.4417
 21
1530.7051
 31
0.0
100
AcDbText
  0
TEXT
  5
624
330
17
100
AcDbEntity
  8
AVAN-YAZI
100
AcDbText
 10
-2956.4416
 20
1525.7133
 30
0.0
 40
1.775
  1
makine besleme
  7
AVAN
 41
1.1149
 11
-2956.4416
 21
1525.7133
 31
0.0
100
AcDbText
  0
TEXT
  5
625
330
17
100
AcDbEntity
  8
AVAN-YAZI
100
AcDbText
 10
-3093.4417
 20
1525.6957
 30
0.0
 40
2.109
  1
= 100 · 11.000 · 3,00 / ( 56 · 6,00 · 380² )
  7
AVAN
 41
1.136
 11
-3093.4417
 21
1525.6957
 31
0.0
100
AcDbText
  0
TEXT
  5
626
330
17
100
AcDbEntity
  8
AVAN-YAZI
100
AcDbText
 10
-2974.4417
 20
1525.6428
 30
0.0
 40
2.109
  1
%
  7
AVAN
 41
1.0498
 11
-2974.4417
 21
1525.6428
 31
0.0
100
AcDbText
  0
TEXT
  5
627
330
17
100
AcDbEntity
  8
AVAN-YAZI
100
AcDbText
 10
-2986.1548
 20
1525.5017
 30
0.0
 40
2.212
  1
0,068
  7
AVAN-KALIN
 41
1.2417
 11
-2986.1548
 21
1525.5017
 31
0.0
100
AcDbText
  0
TEXT
  5
628
330
17
100
AcDbEntity
  8
AVAN-YAZI
100
AcDbText
 10
-3106.4417
 20
1518.2168
 30
0.0
 40
2.16
  1
ε = ε1 + ε2
  7
AVAN-KALIN
 41
1.2785
 11
-3106.4417
 21
1518.2168
 31
0.0
100
AcDbText
  0
TEXT
  5
629
330
17
100
AcDbEntity
  8
AVAN-YAZI
100
AcDbText
 10
-2956.4416
 20
1513.225
 30
0.0
 40
1.775
  1
toplam
  7
AVAN
 41
1.1466
 11
-2956.4416
 21
1513.225
 31
0.0
100
AcDbText
  0
TEXT
  5
62A
330
17
100
AcDbEntity
  8
AVAN-YAZI
100
AcDbText
 10
-3093.4417
 20
1513.2074
 30
0.0
 40
2.109
  1
= 0,824 + 0,068
  7
AVAN
 41
1.1713
 11
-3093.4417
 21
1513.2074
 31
0.0
100
AcDbText
  0
TEXT
  5
62B
330
17
100
AcDbEntity
  8
AVAN-YAZI
100
AcDbText
 10
-2974.4417
 20
1513.1544
 30
0.0
 40
2.109
  1
%
  7
AVAN
 41
1.0498
 11
-2974.4417
 21
1513.1544
 31
0.0
100
AcDbText
  0
TEXT
  5
62C
330
17
100
AcDbEntity
  8
AVAN-YAZI
100
AcDbText
 10
-2986.1548
 20
1513.0133
 30
0.0
 40
2.212
  1
0,892
  7
AVAN-KALIN
 41
1.2417
 11
-2986.1548
 21
1513.0133
 31
0.0
100
AcDbText
  0
TEXT
  5
62D
330
17
100
AcDbEntity
  8
AVAN-YAZI
100
AcDbText
 10
-2956.4416
 20
1506.875
 30
0.0
 40
1.775
  1
GİRİŞ
  7
AVAN
 41
0.6995
 11
-2956.4416
 21
1506.875
 31
0.0
100
AcDbText
  0
TEXT
  5
62E
330
17
100
AcDbEntity
  8
AVAN-YAZI
100
AcDbText
 10
-3106.4417
 20
1506.8044
 30
0.0
 40
2.109
  1
εmax
  7
AVAN
 41
1.1472
 11
-3106.4417
 21
1506.8044
 31
0.0
100
AcDbText
  0
TEXT
  5
62F
330
17
100
AcDbEntity
  8
AVAN-YAZI
100
AcDbText
 10
-3093.4417
 20
1506.8044
 30
0.0
 40
2.109
  1
İzin verilen gerilim düşümü
  7
AVAN
 41
1.0624
 11
-3093.4417
 21
1506.8044
 31
0.0
100
AcDbText
  0
TEXT
  5
630
330
17
100
AcDbEntity
  8
AVAN-YAZI
100
AcDbText
 10
-3009.4417
 20
1506.8044
 30
0.0
 40
2.109
  1
=
  7
AVAN
 41
1.4092
 11
-3009.4417
 21
1506.8044
 31
0.0
100
AcDbText
  0
TEXT
  5
631
330
17
100
AcDbEntity
  8
AVAN-YAZI
100
AcDbText
 10
-2974.4417
 20
1506.8044
 30
0.0
 40
2.109
  1
%
  7
AVAN
 41
1.0498
 11
-2974.4417
 21
1506.8044
 31
0.0
100
AcDbText
  0
TEXT
  5
632
330
17
100
AcDbEntity
  8
AVAN-YAZI
100
AcDbText
 10
-2978.6693
 20
1506.6633
 30
0.0
 40
2.212
  1
3
  7
AVAN-KALIN
 41
1.2291
 11
-2978.6693
 21
1506.6633
 31
0.0
100
AcDbText
  0
TEXT
  5
633
330
17
100
AcDbEntity
  8
AVAN-YAZI
100
AcDbText
 10
-3106.4417
 20
1500.084
 30
0.0
 40
2.16
  1
I = P1 / ( √3 · U · cosφ )
  7
AVAN-KALIN
 41
1.2226
 11
-3106.4417
 21
1500.084
 31
0.0
100
AcDbText
  0
TEXT
  5
634
330
17
100
AcDbEntity
  8
AVAN-YAZI
100
AcDbText
 10
-2956.4416
 20
1495.0922
 30
0.0
 40
1.775
  1
hat akımı
  7
AVAN
 41
0.9047
 11
-2956.4416
 21
1495.0922
 31
0.0
100
AcDbText
  0
TEXT
  5
635
330
17
100
AcDbEntity
  8
AVAN-YAZI
100
AcDbText
 10
-3093.4417
 20
1495.0746
 30
0.0
 40
2.109
  1
= 12.165 / ( 1,73 · 380 · 0,90 )
  7
AVAN
 41
1.139
 11
-3093.4417
 21
1495.0746
 31
0.0
100
AcDbText
  0
TEXT
  5
636
330
17
100
AcDbEntity
  8
AVAN-YAZI
100
AcDbText
 10
-2974.4417
 20
1495.0217
 30
0.0
 40
2.109
  1
A
  7
AVAN
 41
1.0073
 11
-2974.4417
 21
1495.0217
 31
0.0
100
AcDbText
  0
TEXT
  5
637
330
17
100
AcDbEntity
  8
AVAN-YAZI
100
AcDbText
 10
-2986.1548
 20
1494.8806
 30
0.0
 40
2.212
  1
20,54
  7
AVAN-KALIN
 41
1.2417
 11
-2986.1548
 21
1494.8806
 31
0.0
100
AcDbText
  0
TEXT
  5
638
330
17
100
AcDbEntity
  8
AVAN-YAZI
100
AcDbText
 10
-2956.4416
 20
1489.1303
 30
0.0
 40
1.775
  1
TABLOLAR / IEC
  7
AVAN
 41
0.9992
 11
-2956.4416
 21
1489.1303
 31
0.0
100
AcDbText
  0
TEXT
  5
639
330
17
100
AcDbEntity
  8
AVAN-YAZI
100
AcDbText
 10
-3106.4417
 20
1487.4722
 30
0.0
 40
2.109
  1
Iz
  7
AVAN
 41
1.035
 11
-3106.4417
 21
1487.4722
 31
0.0
100
AcDbText
  0
TEXT
  5
63A
330
17
100
AcDbEntity
  8
AVAN-YAZI
100
AcDbText
 10
-3093.4417
 20
1487.4722
 30
0.0
 40
2.109
  1
Kablonun akım taşıma kapasitesi
  7
AVAN
 41
1.0209
 11
-3093.4417
 21
1487.4722
 31
0.0
100
AcDbText
  0
TEXT
  5
63B
330
17
100
AcDbEntity
  8
AVAN-YAZI
100
AcDbText
 10
-3009.4417
 20
1487.4722
 30
0.0
 40
2.109
  1
=
  7
AVAN
 41
1.4092
 11
-3009.4417
 21
1487.4722
 31
0.0
100
AcDbText
  0
TEXT
  5
63C
330
17
100
AcDbEntity
  8
AVAN-YAZI
100
AcDbText
 10
-2974.4417
 20
1487.4722
 30
0.0
 40
2.109
  1
A
  7
AVAN
 41
1.0073
 11
-2974.4417
 21
1487.4722
 31
0.0
100
AcDbText
  0
TEXT
  5
63D
330
17
100
AcDbEntity
  8
AVAN-YAZI
100
AcDbText
 10
-2980.7803
 20
1487.3311
 30
0.0
 40
2.212
  1
41
  7
AVAN-KALIN
 41
1.2291
 11
-2980.7803
 21
1487.3311
 31
0.0
100
AcDbText
  0
TEXT
  5
63E
330
17
100
AcDbEntity
  8
AVAN-YAZI
100
AcDbText
 10
-2956.4416
 20
1485.9553
 30
0.0
 40
1.775
  1
60364-5-52
  7
AVAN
 41
1.1161
 11
-2956.4416
 21
1485.9553
 31
0.0
100
AcDbText
  0
TEXT
  5
63F
330
17
100
AcDbEntity
  8
AVAN-YAZI
100
AcDbText
 10
-3106.7944
 20
1478.2817
 30
0.0
 40
2.315
  1
KONTROL ε ≤ εmax ve I ≤
  7
AVAN-KALIN
 41
1.176
 11
-3106.7944
 21
1478.2817
 31
0.0
100
AcDbText
  0
TEXT
  5
640
330
17
100
AcDbEntity
  8
AVAN-YAZI
100
AcDbText
 10
-3054.7944
 20
1476.0768
 30
0.0
 40
2.315
  1
Seçilen kablo : 6,00 mm² NHXMH FE180 — uygundur.
  7
AVAN-KALIN
 41
1.1625
 11
-3054.7944
 21
1476.0768
 31
0.0
100
AcDbText
  0
TEXT
  5
641
330
17
100
AcDbEntity
  8
AVAN-YAZI
100
AcDbText
 10
-3106.7944
 20
1473.8719
 30
0.0
 40
2.315
  1
Iz
  7
AVAN-KALIN
 41
1.2045
 11
-3106.7944
 21
1473.8719
 31
0.0
100
AcDbText
  0
TEXT
  5
642
330
17
100
AcDbEntity
  8
AVAN-YAZI
100
AcDbText
 10
-3105.3833
 20
1468.6861
 30
0.0
 40
1.852
  1
ε ≤ εmax : UYGUN
  7
AVAN
 41
1.0987
 11
-3105.3833
 21
1468.6861
 31
0.0
100
AcDbText
  0
TEXT
  5
643
330
17
100
AcDbEntity
  8
AVAN-YAZI
100
AcDbText
 10
-3105.3833
 20
1465.2994
 30
0.0
 40
1.852
  1
I ≤ Iz : UYGUN
  7
AVAN
 41
1.0643
 11
-3105.3833
 21
1465.2994
 31
0.0
100
AcDbText
  0
TEXT
  5
644
330
17
100
AcDbEntity
  8
AVAN-YAZI
100
AcDbText
 10
-3105.3833
 20
1460.7128
 30
0.0
 40
1.852
  1
▪ Aydınlatma ve priz devrelerinde izin verilen gerilim düşümü %1,5'tir; bu devrelerin uç noktalara kadar düşümü uygulama projesinde
  7
AVAN
 41
1.1058
 11
-3105.3833
 21
1460.7128
 31
0.0
100
AcDbText
  0
TEXT
  5
645
330
17
100
AcDbEntity
  8
AVAN-YAZI
100
AcDbText
 10
-3105.3833
 20
1457.3261
 30
0.0
 40
1.852
  1
kontrol edilecektir.
  7
AVAN
 41
1.1457
 11
-3105.3833
 21
1457.3261
 31
0.0
100
AcDbText
  0
TEXT
  5
646
330
17
100
AcDbEntity
  8
AVAN-YAZI
100
AcDbText
 10
-3105.3833
 20
1453.9394
 30
0.0
 40
1.852
  1
▪ ε % = 100 · P · L / ( κ · S · U² ) I = P / ( √3 · U · cosφ )
  7
AVAN
 41
1.0996
 11
-3105.3833
 21
1453.9394
 31
0.0
100
AcDbText
  0
TEXT
  5
647
330
17
100
AcDbEntity
  8
AVAN-YAZI
100
AcDbText
 10
-3105.3833
 20
1450.5528
 30
0.0
 40
1.852
  1
▪ Kolon hattı asansörün TOPLAM kurulu gücünü ( motor + aydınlatma + priz ) taşır; makine besleme hattı yalnız motoru besler.
  7
AVAN
 41
1.0641
 11
-3105.3833
 21
1450.5528
 31
0.0
100
AcDbText
  0
TEXT
  5
648
330
17
100
AcDbEntity
  8
AVAN-YAZI
100
AcDbText
 10
-2959.8442
 20
1439.2788
 30
0.0
 40
1.903
  1
AVAN PROJE HESAPLARI
  7
AVAN
 41
0.9628
 11
-2959.8442
 21
1439.2788
 31
0.0
100
AcDbText
  0
TEXT
  5
649
330
17
100
AcDbEntity
  8
AVAN-YAZI
100
AcDbText
 10
-3106.4417
 20
1439.1553
 30
0.0
 40
2.443
  1
2 NOLU ASANSÖR — Sedye + Yük
  7
AVAN-KALIN
 41
1.1214
 11
-3106.4417
 21
1439.1553
 31
0.0
100
AcDbText
  0
TEXT
  5
64A
330
17
100
AcDbEntity
  8
AVAN-YAZI
100
AcDbText
 10
-2952.4217
 20
1432.4349
 30
0.0
 40
1.903
  1
MMO / 697 — s.21
  7
AVAN
 41
1.0698
 11
-2952.4217
 21
1432.4349
 31
0.0
100
AcDbText
  0
TEXT
  5
64B
330
17
100
AcDbEntity
  8
AVAN-YAZI
100
AcDbText
 10
-3106.4417
 20
1432.3114
 30
0.0
 40
2.443
  1
1 - MOTOR GÜCÜ HESABI
  7
AVAN-KALIN
 41
1.1032
 11
-3106.4417
 21
1432.3114
 31
0.0
100
AcDbText
  0
TEXT
  5
64C
330
17
100
AcDbEntity
  8
AVAN-YAZI
100
AcDbText
 10
-2956.4416
 20
1426.3495
 30
0.0
 40
1.775
  1
GİRİŞ
  7
AVAN
 41
0.6995
 11
-2956.4416
 21
1426.3495
 31
0.0
100
AcDbText
  0
TEXT
  5
64D
330
17
100
AcDbEntity
  8
AVAN-YAZI
100
AcDbText
 10
-3106.4417
 20
1426.2789
 30
0.0
 40
2.109
  1
Q
  7
AVAN
 41
0.9937
 11
-3106.4417
 21
1426.2789
 31
0.0
100
AcDbText
  0
TEXT
  5
64E
330
17
100
AcDbEntity
  8
AVAN-YAZI
100
AcDbText
 10
-3093.4417
 20
1426.2789
 30
0.0
 40
2.109
  1
Anma yükü
  7
AVAN
 41
1.1116
 11
-3093.4417
 21
1426.2789
 31
0.0
100
AcDbText
  0
TEXT
  5
64F
330
17
100
AcDbEntity
  8
AVAN-YAZI
100
AcDbText
 10
-3009.4417
 20
1426.2789
 30
0.0
 40
2.109
  1
=
  7
AVAN
 41
1.4092
 11
-3009.4417
 21
1426.2789
 31
0.0
100
AcDbText
  0
TEXT
  5
650
330
17
100
AcDbEntity
  8
AVAN-YAZI
100
AcDbText
 10
-2974.4417
 20
1426.2789
 30
0.0
 40
2.109
  1
kg
  7
AVAN
 41
1.129
 11
-2974.4417
 21
1426.2789
 31
0.0
100
AcDbText
  0
TEXT
  5
651
330
17
100
AcDbEntity
  8
AVAN-YAZI
100
AcDbText
 10
-2986.1548
 20
1426.1378
 30
0.0
 40
2.212
  1
1.275
  7
AVAN-KALIN
 41
1.2417
 11
-2986.1548
 21
1426.1378
 31
0.0
100
AcDbText
  0
TEXT
  5
652
330
17
100
AcDbEntity
  8
AVAN-YAZI
100
AcDbText
 10
-2956.4416
 20
1420.705
 30
0.0
 40
1.775
  1
GİRİŞ
  7
AVAN
 41
0.6995
 11
-2956.4416
 21
1420.705
 31
0.0
100
AcDbText
  0
TEXT
  5
653
330
17
100
AcDbEntity
  8
AVAN-YAZI
100
AcDbText
 10
-3106.4417
 20
1420.6345
 30
0.0
 40
2.109
  1
V
  7
AVAN
 41
1.0073
 11
-3106.4417
 21
1420.6345
 31
0.0
100
AcDbText
  0
TEXT
  5
654
330
17
100
AcDbEntity
  8
AVAN-YAZI
100
AcDbText
 10
-3093.4417
 20
1420.6345
 30
0.0
 40
2.109
  1
Kabin hızı
  7
AVAN
 41
0.8795
 11
-3093.4417
 21
1420.6345
 31
0.0
100
AcDbText
  0
TEXT
  5
655
330
17
100
AcDbEntity
  8
AVAN-YAZI
100
AcDbText
 10
-3009.4417
 20
1420.6345
 30
0.0
 40
2.109
  1
=
  7
AVAN
 41
1.4092
 11
-3009.4417
 21
1420.6345
 31
0.0
100
AcDbText
  0
TEXT
  5
656
330
17
100
AcDbEntity
  8
AVAN-YAZI
100
AcDbText
 10
-2974.4417
 20
1420.6345
 30
0.0
 40
2.109
  1
m/s
  7
AVAN
 41
1.1169
 11
-2974.4417
 21
1420.6345
 31
0.0
100
AcDbText
  0
TEXT
  5
657
330
17
100
AcDbEntity
  8
AVAN-YAZI
100
AcDbText
 10
-2978.6693
 20
1420.4933
 30
0.0
 40
2.212
  1
1
  7
AVAN-KALIN
 41
1.2291
 11
-2978.6693
 21
1420.4933
 31
0.0
100
AcDbText
  0
TEXT
  5
658
330
17
100
AcDbEntity
  8
AVAN-YAZI
100
AcDbText
 10
-2956.4416
 20
1415.0606
 30
0.0
 40
1.775
  1
SABİTLER B
  7
AVAN
 41
0.9093
 11
-2956.4416
 21
1415.0606
 31
0.0
100
AcDbText
  0
TEXT
  5
659
330
17
100
AcDbEntity
  8
AVAN-YAZI
100
AcDbText
 10
-3106.4417
 20
1414.99
 30
0.0
 40
2.109
  1
q
  7
AVAN
 41
1.1213
 11
-3106.4417
 21
1414.99
 31
0.0
100
AcDbText
  0
TEXT
  5
65A
330
17
100
AcDbEntity
  8
AVAN-YAZI
100
AcDbText
 10
-3093.4417
 20
1414.99
 30
0.0
 40
2.109
  1
Denge faktörü ( karşı ağırlığın dengelediği oran )
  7
AVAN
 41
0.9867
 11
-3093.4417
 21
1414.99
 31
0.0
100
AcDbText
  0
TEXT
  5
65B
330
17
100
AcDbEntity
  8
AVAN-YAZI
100
AcDbText
 10
-3009.4417
 20
1414.99
 30
0.0
 40
2.109
  1
=
  7
AVAN
 41
1.4092
 11
-3009.4417
 21
1414.99
 31
0.0
100
AcDbText
  0
TEXT
  5
65C
330
17
100
AcDbEntity
  8
AVAN-YAZI
100
AcDbText
 10
-2974.4417
 20
1414.99
 30
0.0
 40
2.109
  1
—
  7
AVAN
 41
0.9822
 11
-2974.4417
 21
1414.99
 31
0.0
100
AcDbText
  0
TEXT
  5
65D
330
17
100
AcDbEntity
  8
AVAN-YAZI
100
AcDbText
 10
-2984.0438
 20
1414.8489
 30
0.0
 40
2.212
  1
0,50
  7
AVAN-KALIN
 41
1.2453
 11
-2984.0438
 21
1414.8489
 31
0.0
100
AcDbText
  0
TEXT
  5
65E
330
17
100
AcDbEntity
  8
AVAN-YAZI
100
AcDbText
 10
-2956.4416
 20
1409.4161
 30
0.0
 40
1.775
  1
belirtilmedi
  7
AVAN
 41
1.1648
 11
-2956.4416
 21
1409.4161
 31
0.0
100
AcDbText
  0
TEXT
  5
65F
330
17
100
AcDbEntity
  8
AVAN-YAZI
100
AcDbText
 10
-3093.4417
 20
1409.3456
 30
0.0
 40
2.109
  1
Makine tipi
  7
AVAN
 41
1.1266
 11
-3093.4417
 21
1409.3456
 31
0.0
100
AcDbText
  0
TEXT
  5
660
330
17
100
AcDbEntity
  8
AVAN-YAZI
100
AcDbText
 10
-3009.4417
 20
1409.3456
 30
0.0
 40
2.109
  1
=
  7
AVAN
 41
1.4092
 11
-3009.4417
 21
1409.3456
 31
0.0
100
AcDbText
  0
TEXT
  5
661
330
17
100
AcDbEntity
  8
AVAN-YAZI
100
AcDbText
 10
-2979.5922
 20
1409.2045
 30
0.0
 40
2.212
  1
—
  7
AVAN-KALIN
 41
0.9822
 11
-2979.5922
 21
1409.2045
 31
0.0
100
AcDbText
  0
TEXT
  5
662
330
17
100
AcDbEntity
  8
AVAN-YAZI
100
AcDbText
 10
-2956.4416
 20
1403.7717
 30
0.0
 40
1.775
  1
SABİTLER B
  7
AVAN
 41
0.9093
 11
-2956.4416
 21
1403.7717
 31
0.0
100
AcDbText
  0
TEXT
  5
663
330
17
100
AcDbEntity
  8
AVAN-YAZI
100
AcDbText
 10
-3106.4417
 20
1403.7011
 30
0.0
 40
2.109
  1
i
  7
AVAN
 41
1.2292
 11
-3106.4417
 21
1403.7011
 31
0.0
100
AcDbText
  0
TEXT
  5
664
330
17
100
AcDbEntity
  8
AVAN-YAZI
100
AcDbText
 10
-3093.4417
 20
1403.7011
 30
0.0
 40
2.109
  1
Askı ( palanga ) oranı — 2:1
  7
AVAN
 41
1.0152
 11
-3093.4417
 21
1403.7011
 31
0.0
100
AcDbText
  0
TEXT
  5
665
330
17
100
AcDbEntity
  8
AVAN-YAZI
100
AcDbText
 10
-3009.4417
 20
1403.7011
 30
0.0
 40
2.109
  1
=
  7
AVAN
 41
1.4092
 11
-3009.4417
 21
1403.7011
 31
0.0
100
AcDbText
  0
TEXT
  5
666
330
17
100
AcDbEntity
  8
AVAN-YAZI
100
AcDbText
 10
-2974.4417
 20
1403.7011
 30
0.0
 40
2.109
  1
—
  7
AVAN
 41
0.9822
 11
-2974.4417
 21
1403.7011
 31
0.0
100
AcDbText
  0
TEXT
  5
667
330
17
100
AcDbEntity
  8
AVAN-YAZI
100
AcDbText
 10
-2978.6693
 20
1403.56
 30
0.0
 40
2.212
  1
2
  7
AVAN-KALIN
 41
1.2291
 11
-2978.6693
 21
1403.56
 31
0.0
100
AcDbText
  0
TEXT
  5
668
330
17
100
AcDbEntity
  8
AVAN-YAZI
100
AcDbText
 10
-2956.4416
 20
1398.1272
 30
0.0
 40
1.775
  1
GİRİŞ
  7
AVAN
 41
0.6995
 11
-2956.4416
 21
1398.1272
 31
0.0
100
AcDbText
  0
TEXT
  5
669
330
17
100
AcDbEntity
  8
AVAN-YAZI
100
AcDbText
 10
-3106.4417
 20
1398.0567
 30
0.0
 40
2.109
  1
η
  7
AVAN
 41
1.0323
 11
-3106.4417
 21
1398.0567
 31
0.0
100
AcDbText
  0
TEXT
  5
66A
330
17
100
AcDbEntity
  8
AVAN-YAZI
100
AcDbText
 10
-3093.4417
 20
1398.0567
 30
0.0
 40
2.109
  1
Makine verimi
  7
AVAN
 41
1.1224
 11
-3093.4417
 21
1398.0567
 31
0.0
100
AcDbText
  0
TEXT
  5
66B
330
17
100
AcDbEntity
  8
AVAN-YAZI
100
AcDbText
 10
-3009.4417
 20
1398.0567
 30
0.0
 40
2.109
  1
=
  7
AVAN
 41
1.4092
 11
-3009.4417
 21
1398.0567
 31
0.0
100
AcDbText
  0
TEXT
  5
66C
330
17
100
AcDbEntity
  8
AVAN-YAZI
100
AcDbText
 10
-2974.4417
 20
1398.0567
 30
0.0
 40
2.109
  1
—
  7
AVAN
 41
0.9822
 11
-2974.4417
 21
1398.0567
 31
0.0
100
AcDbText
  0
TEXT
  5
66D
330
17
100
AcDbEntity
  8
AVAN-YAZI
100
AcDbText
 10
-2984.0438
 20
1397.9156
 30
0.0
 40
2.212
  1
0,85
  7
AVAN-KALIN
 41
1.2453
 11
-2984.0438
 21
1397.9156
 31
0.0
100
AcDbText
  0
TEXT
  5
66E
330
17
100
AcDbEntity
  8
AVAN-YAZI
100
AcDbText
 10
-2956.4416
 20
1392.8708
 30
0.0
 40
1.775
  1
SABİTLER A /
  7
AVAN
 41
0.9292
 11
-2956.4416
 21
1392.8708
 31
0.0
100
AcDbText
  0
TEXT
  5
66F
330
17
100
AcDbEntity
  8
AVAN-YAZI
100
AcDbText
 10
-3106.4417
 20
1391.2128
 30
0.0
 40
2.109
  1
η′
  7
AVAN
 41
0.9947
 11
-3106.4417
 21
1391.2128
 31
0.0
100
AcDbText
  0
TEXT
  5
670
330
17
100
AcDbEntity
  8
AVAN-YAZI
100
AcDbText
 10
-3093.4417
 20
1391.2128
 30
0.0
 40
2.109
  1
Palangalı sistemde verim ( i > 1 ise η − 0,10 )
  7
AVAN
 41
1.1038
 11
-3093.4417
 21
1391.2128
 31
0.0
100
AcDbText
  0
TEXT
  5
671
330
17
100
AcDbEntity
  8
AVAN-YAZI
100
AcDbText
 10
-3009.4417
 20
1391.2128
 30
0.0
 40
2.109
  1
=
  7
AVAN
 41
1.4092
 11
-3009.4417
 21
1391.2128
 31
0.0
100
AcDbText
  0
TEXT
  5
672
330
17
100
AcDbEntity
  8
AVAN-YAZI
100
AcDbText
 10
-2974.4417
 20
1391.2128
 30
0.0
 40
2.109
  1
—
  7
AVAN
 41
0.9822
 11
-2974.4417
 21
1391.2128
 31
0.0
100
AcDbText
  0
TEXT
  5
673
330
17
100
AcDbEntity
  8
AVAN-YAZI
100
AcDbText
 10
-2984.0438
 20
1391.0717
 30
0.0
 40
2.212
  1
0,75
  7
AVAN-KALIN
 41
1.2453
 11
-2984.0438
 21
1391.0717
 31
0.0
100
AcDbText
  0
TEXT
  5
674
330
17
100
AcDbEntity
  8
AVAN-YAZI
100
AcDbText
 10
-2956.4416
 20
1389.6958
 30
0.0
 40
1.775
  1
MMO/697 §2.4
  7
AVAN
 41
1.0642
 11
-2956.4416
 21
1389.6958
 31
0.0
100
AcDbText
  0
TEXT
  5
675
330
17
100
AcDbEntity
  8
AVAN-YAZI
100
AcDbText
 10
-3106.4417
 20
1383.2929
 30
0.0
 40
2.16
  1
N = ( 1 − q ) · Q · V / ( 102 · η′ )
  7
AVAN-KALIN
 41
1.2396
 11
-3106.4417
 21
1383.2929
 31
0.0
100
AcDbText
  0
TEXT
  5
676
330
17
100
AcDbEntity
  8
AVAN-YAZI
100
AcDbText
 10
-2956.4416
 20
1378.3011
 30
0.0
 40
1.775
  1
hesaplanan
  7
AVAN
 41
1.0997
 11
-2956.4416
 21
1378.3011
 31
0.0
100
AcDbText
  0
TEXT
  5
677
330
17
100
AcDbEntity
  8
AVAN-YAZI
100
AcDbText
 10
-3093.4417
 20
1378.2835
 30
0.0
 40
2.109
  1
= ( 1 − 0,50 ) · 1.275 · 1,00 / ( 102 · 0,75 )
  7
AVAN
 41
1.1469
 11
-3093.4417
 21
1378.2835
 31
0.0
100
AcDbText
  0
TEXT
  5
678
330
17
100
AcDbEntity
  8
AVAN-YAZI
100
AcDbText
 10
-2974.4417
 20
1378.2306
 30
0.0
 40
2.109
  1
kW
  7
AVAN
 41
1.0664
 11
-2974.4417
 21
1378.2306
 31
0.0
100
AcDbText
  0
TEXT
  5
679
330
17
100
AcDbEntity
  8
AVAN-YAZI
100
AcDbText
 10
-2984.0438
 20
1378.0895
 30
0.0
 40
2.212
  1
8,33
  7
AVAN-KALIN
 41
1.2453
 11
-2984.0438
 21
1378.0895
 31
0.0
100
AcDbText
  0
TEXT
  5
67A
330
17
100
AcDbEntity
  8
AVAN-YAZI
100
AcDbText
 10
-2956.4416
 20
1371.9511
 30
0.0
 40
1.775
  1
GİRİŞ — elle seçildi
  7
AVAN
 41
0.9464
 11
-2956.4416
 21
1371.9511
 31
0.0
100
AcDbText
  0
TEXT
  5
67B
330
17
100
AcDbEntity
  8
AVAN-YAZI
100
AcDbText
 10
-3106.4417
 20
1371.8806
 30
0.0
 40
2.109
  1
Nsç
  7
AVAN
 41
1.0374
 11
-3106.4417
 21
1371.8806
 31
0.0
100
AcDbText
  0
TEXT
  5
67C
330
17
100
AcDbEntity
  8
AVAN-YAZI
100
AcDbText
 10
-3093.4417
 20
1371.8806
 30
0.0
 40
2.109
  1
SEÇİLEN motor gücü
  7
AVAN
 41
1.006
 11
-3093.4417
 21
1371.8806
 31
0.0
100
AcDbText
  0
TEXT
  5
67D
330
17
100
AcDbEntity
  8
AVAN-YAZI
100
AcDbText
 10
-3009.4417
 20
1371.8806
 30
0.0
 40
2.109
  1
=
  7
AVAN
 41
1.4092
 11
-3009.4417
 21
1371.8806
 31
0.0
100
AcDbText
  0
TEXT
  5
67E
330
17
100
AcDbEntity
  8
AVAN-YAZI
100
AcDbText
 10
-2974.4417
 20
1371.8806
 30
0.0
 40
2.109
  1
kW
  7
AVAN
 41
1.0664
 11
-2974.4417
 21
1371.8806
 31
0.0
100
AcDbText
  0
TEXT
  5
67F
330
17
100
AcDbEntity
  8
AVAN-YAZI
100
AcDbText
 10
-2980.7803
 20
1371.7395
 30
0.0
 40
2.212
  1
11
  7
AVAN-KALIN
 41
1.2291
 11
-2980.7803
 21
1371.7395
 31
0.0
100
AcDbText
  0
TEXT
  5
680
330
17
100
AcDbEntity
  8
AVAN-YAZI
100
AcDbText
 10
-3106.7944
 20
1363.8894
 30
0.0
 40
2.315
  1
KONTROL Nsç ≥ N
  7
AVAN-KALIN
 41
1.1218
 11
-3106.7944
 21
1363.8894
 31
0.0
100
AcDbText
  0
TEXT
  5
681
330
17
100
AcDbEntity
  8
AVAN-YAZI
100
AcDbText
 10
-3054.7944
 20
1363.8894
 30
0.0
 40
2.315
  1
UYGUN
  7
AVAN-KALIN
 41
1.0896
 11
-3054.7944
 21
1363.8894
 31
0.0
100
AcDbText
  0
TEXT
  5
682
330
17
100
AcDbEntity
  8
AVAN-YAZI
100
AcDbText
 10
-3105.3833
 20
1357.5036
 30
0.0
 40
1.852
  1
▪ Motor gücü denkleminde askı oranı yalnız VERİM üzerinden etkilidir: N = (1−q)·Q·V / (102·η′) bir GÜÇ bağıntısıdır ve güç, askı oranından
  7
AVAN
 41
1.0187
 11
-3105.3833
 21
1357.5036
 31
0.0
100
AcDbText
  0
TEXT
  5
683
330
17
100
AcDbEntity
  8
AVAN-YAZI
100
AcDbText
 10
-3105.3833
 20
1354.1169
 30
0.0
 40
1.852
  1
bağımsızdır — 2:1 askıda halat hızı yarıya iner, kuvvet iki katına çıkar, çarpımları değişmez. Askı oranının etkisi MMO/697 §2.4'teki Δη =
  7
AVAN
 41
0.9868
 11
-3105.3833
 21
1354.1169
 31
0.0
100
AcDbText
  0
TEXT
  5
684
330
17
100
AcDbEntity
  8
AVAN-YAZI
100
AcDbText
 10
-3105.3833
 20
1350.7303
 30
0.0
 40
1.852
  1
0,10 verim düşüşüdür.
  7
AVAN
 41
1.0664
 11
-3105.3833
 21
1350.7303
 31
0.0
100
AcDbText
  0
TEXT
  5
685
330
17
100
AcDbEntity
  8
AVAN-YAZI
100
AcDbText
 10
-2935.9854
 20
1325.3
 30
0.0
 40
1.646
  1
Sayfa 4
  7
AVAN
 41
1.0886
 11
-2935.9854
 21
1325.3
 31
0.0
100
AcDbText
  0
LWPOLYLINE
  5
686
330
17
100
AcDbEntity
  8
AVAN-A4
100
AcDbPolyline
 90
4
 70
1
 10
-2902.5
 20
1310.9
 10
-2692.4999966666664
 20
1310.9
 10
-2692.4999966666664
 20
1607.9000127777779
 10
-2902.5
 20
1607.9000127777779
  0
LINE
  5
687
330
17
100
AcDbEntity
  8
AVAN-CIZGI
100
AcDbLine
 10
-2890.5
 20
1322.9
 30
0.0
 11
-2704.5
 21
1322.9
 31
0.0
  0
LINE
  5
688
330
17
100
AcDbEntity
  8
AVAN-CIZGI
100
AcDbLine
 10
-2704.5
 20
1322.9
 30
0.0
 11
-2704.5
 21
1595.9
 31
0.0
  0
LINE
  5
689
330
17
100
AcDbEntity
  8
AVAN-CIZGI
100
AcDbLine
 10
-2704.5
 20
1595.9
 30
0.0
 11
-2890.5
 21
1595.9
 31
0.0
  0
LINE
  5
68A
330
17
100
AcDbEntity
  8
AVAN-CIZGI
100
AcDbLine
 10
-2890.5
 20
1595.9
 30
0.0
 11
-2890.5
 21
1322.9
 31
0.0
  0
LINE
  5
68B
330
17
100
AcDbEntity
  8
AVAN-CIZGI
100
AcDbLine
 10
-2890.5
 20
1584.5
 30
0.0
 11
-2704.5
 21
1584.5
 31
0.0
  0
LINE
  5
68C
330
17
100
AcDbEntity
  8
AVAN-CIZGI
100
AcDbLine
 10
-2890.5
 20
1329.9
 30
0.0
 11
-2704.5
 21
1329.9
 31
0.0
  0
LINE
  5
68D
330
17
100
AcDbEntity
  8
AVAN-CIZGI
100
AcDbLine
 10
-2887.5
 20
1577.7833
 30
0.0
 11
-2707.5
 21
1577.7833
 31
0.0
  0
LINE
  5
68E
330
17
100
AcDbEntity
  8
AVAN-CIZGI
100
AcDbLine
 10
-2887.5
 20
1570.9394
 30
0.0
 11
-2707.5
 21
1570.9394
 31
0.0
  0
LINE
  5
68F
330
17
100
AcDbEntity
  8
AVAN-CIZGI
100
AcDbLine
 10
-2887.5
 20
1570.9394
 30
0.0
 11
-2887.5
 21
1577.7833
 31
0.0
  0
LINE
  5
690
330
17
100
AcDbEntity
  8
AVAN-CIZGI
100
AcDbLine
 10
-2707.5
 20
1570.9394
 30
0.0
 11
-2707.5
 21
1577.7833
 31
0.0
  0
LINE
  5
691
330
17
100
AcDbEntity
  8
AVAN-CIZGI
100
AcDbLine
 10
-2887.5
 20
1577.7833
 30
0.0
 11
-2707.5
 21
1577.7833
 31
0.0
  0
LINE
  5
692
330
17
100
AcDbEntity
  8
AVAN-CIZGI
100
AcDbLine
 10
-2887.5
 20
1570.9394
 30
0.0
 11
-2707.5
 21
1570.9394
 31
0.0
  0
LINE
  5
693
330
17
100
AcDbEntity
  8
AVAN-CIZGI
100
AcDbLine
 10
-2887.5
 20
1558.5922
 30
0.0
 11
-2707.5
 21
1558.5922
 31
0.0
  0
LINE
  5
694
330
17
100
AcDbEntity
  8
AVAN-CIZGI
100
AcDbLine
 10
-2887.5
 20
1558.5922
 30
0.0
 11
-2887.5
 21
1570.9394
 31
0.0
  0
LINE
  5
695
330
17
100
AcDbEntity
  8
AVAN-CIZGI
100
AcDbLine
 10
-2707.5
 20
1558.5922
 30
0.0
 11
-2707.5
 21
1570.9394
 31
0.0
  0
LINE
  5
696
330
17
100
AcDbEntity
  8
AVAN-CIZGI
100
AcDbLine
 10
-2785.5
 20
1558.5922
 30
0.0
 11
-2785.5
 21
1570.9394
 31
0.0
  0
LINE
  5
697
330
17
100
AcDbEntity
  8
AVAN-CIZGI
100
AcDbLine
 10
-2737.5
 20
1558.5922
 30
0.0
 11
-2737.5
 21
1570.9394
 31
0.0
  0
LINE
  5
698
330
17
100
AcDbEntity
  8
AVAN-CIZGI
100
AcDbLine
 10
-2887.5
 20
1558.5922
 30
0.0
 11
-2707.5
 21
1558.5922
 31
0.0
  0
LINE
  5
699
330
17
100
AcDbEntity
  8
AVAN-CIZGI
100
AcDbLine
 10
-2887.5
 20
1558.5922
 30
0.0
 11
-2707.5
 21
1558.5922
 31
0.0
  0
LINE
  5
69A
330
17
100
AcDbEntity
  8
AVAN-CIZGI
100
AcDbLine
 10
-2887.5
 20
1376.1356
 30
0.0
 11
-2707.5
 21
1376.1356
 31
0.0
  0
LINE
  5
69B
330
17
100
AcDbEntity
  8
AVAN-CIZGI
100
AcDbLine
 10
-2887.5
 20
1376.1356
 30
0.0
 11
-2887.5
 21
1558.5922
 31
0.0
  0
LINE
  5
69C
330
17
100
AcDbEntity
  8
AVAN-CIZGI
100
AcDbLine
 10
-2707.5
 20
1376.1356
 30
0.0
 11
-2707.5
 21
1558.5922
 31
0.0
  0
LINE
  5
69D
330
17
100
AcDbEntity
  8
AVAN-CIZGI
100
AcDbLine
 10
-2785.5
 20
1376.1356
 30
0.0
 11
-2785.5
 21
1558.5922
 31
0.0
  0
LINE
  5
69E
330
17
100
AcDbEntity
  8
AVAN-CIZGI
100
AcDbLine
 10
-2737.5
 20
1376.1356
 30
0.0
 11
-2737.5
 21
1558.5922
 31
0.0
  0
LINE
  5
69F
330
17
100
AcDbEntity
  8
AVAN-CIZGI
100
AcDbLine
 10
-2887.5
 20
1552.9478
 30
0.0
 11
-2707.5
 21
1552.9478
 31
0.0
  0
LINE
  5
6A0
330
17
100
AcDbEntity
  8
AVAN-CIZGI
100
AcDbLine
 10
-2887.5
 20
1547.3033
 30
0.0
 11
-2707.5
 21
1547.3033
 31
0.0
  0
LINE
  5
6A1
330
17
100
AcDbEntity
  8
AVAN-CIZGI
100
AcDbLine
 10
-2887.5
 20
1534.815
 30
0.0
 11
-2707.5
 21
1534.815
 31
0.0
  0
LINE
  5
6A2
330
17
100
AcDbEntity
  8
AVAN-CIZGI
100
AcDbLine
 10
-2887.5
 20
1520.21
 30
0.0
 11
-2707.5
 21
1520.21
 31
0.0
  0
LINE
  5
6A3
330
17
100
AcDbEntity
  8
AVAN-CIZGI
100
AcDbLine
 10
-2887.5
 20
1514.5656
 30
0.0
 11
-2707.5
 21
1514.5656
 31
0.0
  0
LINE
  5
6A4
330
17
100
AcDbEntity
  8
AVAN-CIZGI
100
AcDbLine
 10
-2887.5
 20
1508.9211
 30
0.0
 11
-2707.5
 21
1508.9211
 31
0.0
  0
LINE
  5
6A5
330
17
100
AcDbEntity
  8
AVAN-CIZGI
100
AcDbLine
 10
-2887.5
 20
1496.4328
 30
0.0
 11
-2707.5
 21
1496.4328
 31
0.0
  0
LINE
  5
6A6
330
17
100
AcDbEntity
  8
AVAN-CIZGI
100
AcDbLine
 10
-2887.5
 20
1488.3894
 30
0.0
 11
-2707.5
 21
1488.3894
 31
0.0
  0
LINE
  5
6A7
330
17
100
AcDbEntity
  8
AVAN-CIZGI
100
AcDbLine
 10
-2887.5
 20
1482.745
 30
0.0
 11
-2707.5
 21
1482.745
 31
0.0
  0
LINE
  5
6A8
330
17
100
AcDbEntity
  8
AVAN-CIZGI
100
AcDbLine
 10
-2887.5
 20
1474.7017
 30
0.0
 11
-2707.5
 21
1474.7017
 31
0.0
  0
LINE
  5
6A9
330
17
100
AcDbEntity
  8
AVAN-CIZGI
100
AcDbLine
 10
-2887.5
 20
1469.0572
 30
0.0
 11
-2707.5
 21
1469.0572
 31
0.0
  0
LINE
  5
6AA
330
17
100
AcDbEntity
  8
AVAN-CIZGI
100
AcDbLine
 10
-2887.5
 20
1456.5689
 30
0.0
 11
-2707.5
 21
1456.5689
 31
0.0
  0
LINE
  5
6AB
330
17
100
AcDbEntity
  8
AVAN-CIZGI
100
AcDbLine
 10
-2887.5
 20
1433.7089
 30
0.0
 11
-2707.5
 21
1433.7089
 31
0.0
  0
LINE
  5
6AC
330
17
100
AcDbEntity
  8
AVAN-CIZGI
100
AcDbLine
 10
-2887.5
 20
1414.5178
 30
0.0
 11
-2707.5
 21
1414.5178
 31
0.0
  0
LINE
  5
6AD
330
17
100
AcDbEntity
  8
AVAN-CIZGI
100
AcDbLine
 10
-2887.5
 20
1395.3267
 30
0.0
 11
-2707.5
 21
1395.3267
 31
0.0
  0
LINE
  5
6AE
330
17
100
AcDbEntity
  8
AVAN-CIZGI
100
AcDbLine
 10
-2887.5
 20
1376.1356
 30
0.0
 11
-2707.5
 21
1376.1356
 31
0.0
  0
LINE
  5
6AF
330
17
100
AcDbEntity
  8
AVAN-CIZGI
100
AcDbLine
 10
-2887.5
 20
1376.1356
 30
0.0
 11
-2707.5
 21
1376.1356
 31
0.0
  0
LINE
  5
6B0
330
17
100
AcDbEntity
  8
AVAN-CIZGI
100
AcDbLine
 10
-2887.5
 20
1353.0639
 30
0.0
 11
-2707.5
 21
1353.0639
 31
0.0
  0
LINE
  5
6B1
330
17
100
AcDbEntity
  8
AVAN-CIZGI
100
AcDbLine
 10
-2887.5
 20
1353.0639
 30
0.0
 11
-2887.5
 21
1376.1356
 31
0.0
  0
LINE
  5
6B2
330
17
100
AcDbEntity
  8
AVAN-CIZGI
100
AcDbLine
 10
-2707.5
 20
1353.0639
 30
0.0
 11
-2707.5
 21
1376.1356
 31
0.0
  0
LINE
  5
6B3
330
17
100
AcDbEntity
  8
AVAN-CIZGI
100
AcDbLine
 10
-2785.5
 20
1353.0639
 30
0.0
 11
-2785.5
 21
1376.1356
 31
0.0
  0
LINE
  5
6B4
330
17
100
AcDbEntity
  8
AVAN-CIZGI
100
AcDbLine
 10
-2737.5
 20
1353.0639
 30
0.0
 11
-2737.5
 21
1376.1356
 31
0.0
  0
LINE
  5
6B5
330
17
100
AcDbEntity
  8
AVAN-CIZGI
100
AcDbLine
 10
-2887.5
 20
1353.0639
 30
0.0
 11
-2707.5
 21
1353.0639
 31
0.0
  0
TEXT
  5
6B6
330
17
100
AcDbEntity
  8
AVAN-YAZI
100
AcDbText
 10
-2838.4722
 20
1587.7
 30
0.0
 40
3.086
  1
ASANSÖR AVAN PROJE HESAPLARI
  7
AVAN-KALIN
 41
1.066
 11
-2838.4722
 21
1587.7
 31
0.0
100
AcDbText
  0
TEXT
  5
6B7
330
17
100
AcDbEntity
  8
AVAN-YAZI
100
AcDbText
 10
-2751.8836
 20
1573.356
 30
0.0
 40
1.903
  1
MMO / 697 s.18-20 / TS EN 81-20
  7
AVAN
 41
1.0743
 11
-2751.8836
 21
1573.356
 31
0.0
100
AcDbText
  0
TEXT
  5
6B8
330
17
100
AcDbEntity
  8
AVAN-YAZI
100
AcDbText
 10
-2886.4417
 20
1573.2325
 30
0.0
 40
2.443
  1
2 - KUVVET HESAPLARI
  7
AVAN-KALIN
 41
1.101
 11
-2886.4417
 21
1573.2325
 31
0.0
100
AcDbText
  0
TEXT
  5
6B9
330
17
100
AcDbEntity
  8
AVAN-YAZI
100
AcDbText
 10
-2886.4417
 20
1566.4944
 30
0.0
 40
2.109
  1
ORTAK BÜYÜKLÜKLER
  7
AVAN
 41
0.9766
 11
-2886.4417
 21
1566.4944
 31
0.0
100
AcDbText
  0
TEXT
  5
6BA
330
17
100
AcDbEntity
  8
AVAN-YAZI
100
AcDbText
 10
-2736.4416
 20
1560.5678
 30
0.0
 40
1.775
  1
SABİTLER A
  7
AVAN
 41
0.909
 11
-2736.4416
 21
1560.5678
 31
0.0
100
AcDbText
  0
TEXT
  5
6BB
330
17
100
AcDbEntity
  8
AVAN-YAZI
100
AcDbText
 10
-2886.4417
 20
1560.4972
 30
0.0
 40
2.109
  1
gn
  7
AVAN
 41
1.1204
 11
-2886.4417
 21
1560.4972
 31
0.0
100
AcDbText
  0
TEXT
  5
6BC
330
17
100
AcDbEntity
  8
AVAN-YAZI
100
AcDbText
 10
-2873.4417
 20
1560.4972
 30
0.0
 40
2.109
  1
Yerçekimi ivmesi
  7
AVAN
 41
1.1114
 11
-2873.4417
 21
1560.4972
 31
0.0
100
AcDbText
  0
TEXT
  5
6BD
330
17
100
AcDbEntity
  8
AVAN-YAZI
100
AcDbText
 10
-2789.4417
 20
1560.4972
 30
0.0
 40
2.109
  1
=
  7
AVAN
 41
1.4092
 11
-2789.4417
 21
1560.4972
 31
0.0
100
AcDbText
  0
TEXT
  5
6BE
330
17
100
AcDbEntity
  8
AVAN-YAZI
100
AcDbText
 10
-2754.4417
 20
1560.4972
 30
0.0
 40
2.109
  1
m/s²
  7
AVAN
 41
1.1281
 11
-2754.4417
 21
1560.4972
 31
0.0
100
AcDbText
  0
TEXT
  5
6BF
330
17
100
AcDbEntity
  8
AVAN-YAZI
100
AcDbText
 10
-2764.0438
 20
1560.3561
 30
0.0
 40
2.212
  1
9,81
  7
AVAN-KALIN
 41
1.2453
 11
-2764.0438
 21
1560.3561
 31
0.0
100
AcDbText
  0
TEXT
  5
6C0
330
17
100
AcDbEntity
  8
AVAN-YAZI
100
AcDbText
 10
-2736.4416
 20
1554.9233
 30
0.0
 40
1.775
  1
Tablo-11
  7
AVAN
 41
1.0905
 11
-2736.4416
 21
1554.9233
 31
0.0
100
AcDbText
  0
TEXT
  5
6C1
330
17
100
AcDbEntity
  8
AVAN-YAZI
100
AcDbText
 10
-2886.4417
 20
1554.8528
 30
0.0
 40
2.109
  1
Gk
  7
AVAN
 41
1.0406
 11
-2886.4417
 21
1554.8528
 31
0.0
100
AcDbText
  0
TEXT
  5
6C2
330
17
100
AcDbEntity
  8
AVAN-YAZI
100
AcDbText
 10
-2873.4417
 20
1554.8528
 30
0.0
 40
2.109
  1
Boş kabin kütlesi
  7
AVAN
 41
1.074
 11
-2873.4417
 21
1554.8528
 31
0.0
100
AcDbText
  0
TEXT
  5
6C3
330
17
100
AcDbEntity
  8
AVAN-YAZI
100
AcDbText
 10
-2789.4417
 20
1554.8528
 30
0.0
 40
2.109
  1
=
  7
AVAN
 41
1.4092
 11
-2789.4417
 21
1554.8528
 31
0.0
100
AcDbText
  0
TEXT
  5
6C4
330
17
100
AcDbEntity
  8
AVAN-YAZI
100
AcDbText
 10
-2754.4417
 20
1554.8528
 30
0.0
 40
2.109
  1
kg
  7
AVAN
 41
1.129
 11
-2754.4417
 21
1554.8528
 31
0.0
100
AcDbText
  0
TEXT
  5
6C5
330
17
100
AcDbEntity
  8
AVAN-YAZI
100
AcDbText
 10
-2766.1548
 20
1554.7117
 30
0.0
 40
2.212
  1
1.100
  7
AVAN-KALIN
 41
1.2417
 11
-2766.1548
 21
1554.7117
 31
0.0
100
AcDbText
  0
TEXT
  5
6C6
330
17
100
AcDbEntity
  8
AVAN-YAZI
100
AcDbText
 10
-2736.4416
 20
1549.2789
 30
0.0
 40
1.775
  1
SABİTLER B
  7
AVAN
 41
0.9093
 11
-2736.4416
 21
1549.2789
 31
0.0
100
AcDbText
  0
TEXT
  5
6C7
330
17
100
AcDbEntity
  8
AVAN-YAZI
100
AcDbText
 10
-2886.4417
 20
1549.2083
 30
0.0
 40
2.109
  1
gf
  7
AVAN
 41
1.1621
 11
-2886.4417
 21
1549.2083
 31
0.0
100
AcDbText
  0
TEXT
  5
6C8
330
17
100
AcDbEntity
  8
AVAN-YAZI
100
AcDbText
 10
-2873.4417
 20
1549.2083
 30
0.0
 40
2.109
  1
Gezici kablo ( flexbil ) birim kütlesi
  7
AVAN
 41
1.13
 11
-2873.4417
 21
1549.2083
 31
0.0
100
AcDbText
  0
TEXT
  5
6C9
330
17
100
AcDbEntity
  8
AVAN-YAZI
100
AcDbText
 10
-2789.4417
 20
1549.2083
 30
0.0
 40
2.109
  1
=
  7
AVAN
 41
1.4092
 11
-2789.4417
 21
1549.2083
 31
0.0
100
AcDbText
  0
TEXT
  5
6CA
330
17
100
AcDbEntity
  8
AVAN-YAZI
100
AcDbText
 10
-2754.4417
 20
1549.2083
 30
0.0
 40
2.109
  1
kg/m
  7
AVAN
 41
1.1444
 11
-2754.4417
 21
1549.2083
 31
0.0
100
AcDbText
  0
TEXT
  5
6CB
330
17
100
AcDbEntity
  8
AVAN-YAZI
100
AcDbText
 10
-2764.0438
 20
1549.0672
 30
0.0
 40
2.212
  1
1,50
  7
AVAN-KALIN
 41
1.2453
 11
-2764.0438
 21
1549.0672
 31
0.0
100
AcDbText
  0
TEXT
  5
6CC
330
17
100
AcDbEntity
  8
AVAN-YAZI
100
AcDbText
 10
-2886.4417
 20
1542.4879
 30
0.0
 40
2.16
  1
Gf = gf · ( Hk / 2 + 3 )
  7
AVAN-KALIN
 41
1.2377
 11
-2886.4417
 21
1542.4879
 31
0.0
100
AcDbText
  0
TEXT
  5
6CD
330
17
100
AcDbEntity
  8
AVAN-YAZI
100
AcDbText
 10
-2736.4416
 20
1537.4961
 30
0.0
 40
1.775
  1
gezici kablo kütlesi
  7
AVAN
 41
1.1228
 11
-2736.4416
 21
1537.4961
 31
0.0
100
AcDbText
  0
TEXT
  5
6CE
330
17
100
AcDbEntity
  8
AVAN-YAZI
100
AcDbText
 10
-2873.4417
 20
1537.4785
 30
0.0
 40
2.109
  1
= 1,50 · ( 32,85 / 2 + 3 )
  7
AVAN
 41
1.159
 11
-2873.4417
 21
1537.4785
 31
0.0
100
AcDbText
  0
TEXT
  5
6CF
330
17
100
AcDbEntity
  8
AVAN-YAZI
100
AcDbText
 10
-2754.4417
 20
1537.4256
 30
0.0
 40
2.109
  1
kg
  7
AVAN
 41
1.129
 11
-2754.4417
 21
1537.4256
 31
0.0
100
AcDbText
  0
TEXT
  5
6D0
330
17
100
AcDbEntity
  8
AVAN-YAZI
100
AcDbText
 10
-2766.1548
 20
1537.2844
 30
0.0
 40
2.212
  1
29,14
  7
AVAN-KALIN
 41
1.2417
 11
-2766.1548
 21
1537.2844
 31
0.0
100
AcDbText
  0
TEXT
  5
6D1
330
17
100
AcDbEntity
  8
AVAN-YAZI
100
AcDbText
 10
-2886.4417
 20
1529.9996
 30
0.0
 40
2.16
  1
P = Gk + Gf
  7
AVAN-KALIN
 41
1.1918
 11
-2886.4417
 21
1529.9996
 31
0.0
100
AcDbText
  0
TEXT
  5
6D2
330
17
100
AcDbEntity
  8
AVAN-YAZI
100
AcDbText
 10
-2736.4416
 20
1525.5369
 30
0.0
 40
1.775
  1
kabin tarafı toplam
  7
AVAN
 41
1.0754
 11
-2736.4416
 21
1525.5369
 31
0.0
100
AcDbText
  0
TEXT
  5
6D3
330
17
100
AcDbEntity
  8
AVAN-YAZI
100
AcDbText
 10
-2873.4417
 20
1523.9318
 30
0.0
 40
2.109
  1
= 1.100 + 29,14
  7
AVAN
 41
1.1713
 11
-2873.4417
 21
1523.9318
 31
0.0
100
AcDbText
  0
TEXT
  5
6D4
330
17
100
AcDbEntity
  8
AVAN-YAZI
100
AcDbText
 10
-2754.4417
 20
1523.8789
 30
0.0
 40
2.109
  1
kg
  7
AVAN
 41
1.129
 11
-2754.4417
 21
1523.8789
 31
0.0
100
AcDbText
  0
TEXT
  5
6D5
330
17
100
AcDbEntity
  8
AVAN-YAZI
100
AcDbText
 10
-2771.5293
 20
1523.7378
 30
0.0
 40
2.212
  1
1.129,14
  7
AVAN-KALIN
 41
1.2453
 11
-2771.5293
 21
1523.7378
 31
0.0
100
AcDbText
  0
TEXT
  5
6D6
330
17
100
AcDbEntity
  8
AVAN-YAZI
100
AcDbText
 10
-2736.4416
 20
1522.3619
 30
0.0
 40
1.775
  1
kütle
  7
AVAN
 41
1.1617
 11
-2736.4416
 21
1522.3619
 31
0.0
100
AcDbText
  0
TEXT
  5
6D7
330
17
100
AcDbEntity
  8
AVAN-YAZI
100
AcDbText
 10
-2736.4416
 20
1516.5411
 30
0.0
 40
1.775
  1
GİRİŞ
  7
AVAN
 41
0.6995
 11
-2736.4416
 21
1516.5411
 31
0.0
100
AcDbText
  0
TEXT
  5
6D8
330
17
100
AcDbEntity
  8
AVAN-YAZI
100
AcDbText
 10
-2886.4417
 20
1516.4706
 30
0.0
 40
2.109
  1
Q
  7
AVAN
 41
0.9937
 11
-2886.4417
 21
1516.4706
 31
0.0
100
AcDbText
  0
TEXT
  5
6D9
330
17
100
AcDbEntity
  8
AVAN-YAZI
100
AcDbText
 10
-2873.4417
 20
1516.4706
 30
0.0
 40
2.109
  1
Anma yükü
  7
AVAN
 41
1.1116
 11
-2873.4417
 21
1516.4706
 31
0.0
100
AcDbText
  0
TEXT
  5
6DA
330
17
100
AcDbEntity
  8
AVAN-YAZI
100
AcDbText
 10
-2789.4417
 20
1516.4706
 30
0.0
 40
2.109
  1
=
  7
AVAN
 41
1.4092
 11
-2789.4417
 21
1516.4706
 31
0.0
100
AcDbText
  0
TEXT
  5
6DB
330
17
100
AcDbEntity
  8
AVAN-YAZI
100
AcDbText
 10
-2754.4417
 20
1516.4706
 30
0.0
 40
2.109
  1
kg
  7
AVAN
 41
1.129
 11
-2754.4417
 21
1516.4706
 31
0.0
100
AcDbText
  0
TEXT
  5
6DC
330
17
100
AcDbEntity
  8
AVAN-YAZI
100
AcDbText
 10
-2766.1548
 20
1516.3294
 30
0.0
 40
2.212
  1
1.275
  7
AVAN-KALIN
 41
1.2417
 11
-2766.1548
 21
1516.3294
 31
0.0
100
AcDbText
  0
TEXT
  5
6DD
330
17
100
AcDbEntity
  8
AVAN-YAZI
100
AcDbText
 10
-2736.4416
 20
1510.8967
 30
0.0
 40
1.775
  1
SABİTLER B
  7
AVAN
 41
0.9093
 11
-2736.4416
 21
1510.8967
 31
0.0
100
AcDbText
  0
TEXT
  5
6DE
330
17
100
AcDbEntity
  8
AVAN-YAZI
100
AcDbText
 10
-2886.4417
 20
1510.8261
 30
0.0
 40
2.109
  1
q
  7
AVAN
 41
1.1213
 11
-2886.4417
 21
1510.8261
 31
0.0
100
AcDbText
  0
TEXT
  5
6DF
330
17
100
AcDbEntity
  8
AVAN-YAZI
100
AcDbText
 10
-2873.4417
 20
1510.8261
 30
0.0
 40
2.109
  1
Denge faktörü
  7
AVAN
 41
1.1227
 11
-2873.4417
 21
1510.8261
 31
0.0
100
AcDbText
  0
TEXT
  5
6E0
330
17
100
AcDbEntity
  8
AVAN-YAZI
100
AcDbText
 10
-2789.4417
 20
1510.8261
 30
0.0
 40
2.109
  1
=
  7
AVAN
 41
1.4092
 11
-2789.4417
 21
1510.8261
 31
0.0
100
AcDbText
  0
TEXT
  5
6E1
330
17
100
AcDbEntity
  8
AVAN-YAZI
100
AcDbText
 10
-2754.4417
 20
1510.8261
 30
0.0
 40
2.109
  1
—
  7
AVAN
 41
0.9822
 11
-2754.4417
 21
1510.8261
 31
0.0
100
AcDbText
  0
TEXT
  5
6E2
330
17
100
AcDbEntity
  8
AVAN-YAZI
100
AcDbText
 10
-2764.0438
 20
1510.685
 30
0.0
 40
2.212
  1
0,50
  7
AVAN-KALIN
 41
1.2453
 11
-2764.0438
 21
1510.685
 31
0.0
100
AcDbText
  0
TEXT
  5
6E3
330
17
100
AcDbEntity
  8
AVAN-YAZI
100
AcDbText
 10
-2886.4417
 20
1504.1057
 30
0.0
 40
2.16
  1
Ga = P + q · Q
  7
AVAN-KALIN
 41
1.1989
 11
-2886.4417
 21
1504.1057
 31
0.0
100
AcDbText
  0
TEXT
  5
6E4
330
17
100
AcDbEntity
  8
AVAN-YAZI
100
AcDbText
 10
-2736.4416
 20
1499.1139
 30
0.0
 40
1.775
  1
karşı ağırlık kütlesi
  7
AVAN
 41
0.9061
 11
-2736.4416
 21
1499.1139
 31
0.0
100
AcDbText
  0
TEXT
  5
6E5
330
17
100
AcDbEntity
  8
AVAN-YAZI
100
AcDbText
 10
-2873.4417
 20
1499.0963
 30
0.0
 40
2.109
  1
= 1.129,14 + 0,50 · 1.275
  7
AVAN
 41
1.1535
 11
-2873.4417
 21
1499.0963
 31
0.0
100
AcDbText
  0
TEXT
  5
6E6
330
17
100
AcDbEntity
  8
AVAN-YAZI
100
AcDbText
 10
-2754.4417
 20
1499.0433
 30
0.0
 40
2.109
  1
kg
  7
AVAN
 41
1.129
 11
-2754.4417
 21
1499.0433
 31
0.0
100
AcDbText
  0
TEXT
  5
6E7
330
17
100
AcDbEntity
  8
AVAN-YAZI
100
AcDbText
 10
-2771.5293
 20
1498.9022
 30
0.0
 40
2.212
  1
1.766,64
  7
AVAN-KALIN
 41
1.2453
 11
-2771.5293
 21
1498.9022
 31
0.0
100
AcDbText
  0
TEXT
  5
6E8
330
17
100
AcDbEntity
  8
AVAN-YAZI
100
AcDbText
 10
-2736.4416
 20
1493.1519
 30
0.0
 40
1.775
  1
SABİTLER A /
  7
AVAN
 41
0.9292
 11
-2736.4416
 21
1493.1519
 31
0.0
100
AcDbText
  0
TEXT
  5
6E9
330
17
100
AcDbEntity
  8
AVAN-YAZI
100
AcDbText
 10
-2886.4417
 20
1491.4939
 30
0.0
 40
2.109
  1
k1
  7
AVAN
 41
1.1304
 11
-2886.4417
 21
1491.4939
 31
0.0
100
AcDbText
  0
TEXT
  5
6EA
330
17
100
AcDbEntity
  8
AVAN-YAZI
100
AcDbText
 10
-2873.4417
 20
1491.4939
 30
0.0
 40
2.109
  1
Darbe faktörü ( V > 1 → 2 / V > 0,63 → 3 / V ≤ 0,63 → 5 )
  7
AVAN
 41
1.0964
 11
-2873.4417
 21
1491.4939
 31
0.0
100
AcDbText
  0
TEXT
  5
6EB
330
17
100
AcDbEntity
  8
AVAN-YAZI
100
AcDbText
 10
-2789.4417
 20
1491.4939
 30
0.0
 40
2.109
  1
=
  7
AVAN
 41
1.4092
 11
-2789.4417
 21
1491.4939
 31
0.0
100
AcDbText
  0
TEXT
  5
6EC
330
17
100
AcDbEntity
  8
AVAN-YAZI
100
AcDbText
 10
-2754.4417
 20
1491.4939
 30
0.0
 40
2.109
  1
—
  7
AVAN
 41
0.9822
 11
-2754.4417
 21
1491.4939
 31
0.0
100
AcDbText
  0
TEXT
  5
6ED
330
17
100
AcDbEntity
  8
AVAN-YAZI
100
AcDbText
 10
-2758.6693
 20
1491.3528
 30
0.0
 40
2.212
  1
3
  7
AVAN-KALIN
 41
1.2291
 11
-2758.6693
 21
1491.3528
 31
0.0
100
AcDbText
  0
TEXT
  5
6EE
330
17
100
AcDbEntity
  8
AVAN-YAZI
100
AcDbText
 10
-2736.4416
 20
1489.9769
 30
0.0
 40
1.775
  1
MMO/697 Çiz-1
  7
AVAN
 41
1.0626
 11
-2736.4416
 21
1489.9769
 31
0.0
100
AcDbText
  0
TEXT
  5
6EF
330
17
100
AcDbEntity
  8
AVAN-YAZI
100
AcDbText
 10
-2736.4416
 20
1484.7206
 30
0.0
 40
1.775
  1
SABİTLER B
  7
AVAN
 41
0.9093
 11
-2736.4416
 21
1484.7206
 31
0.0
100
AcDbText
  0
TEXT
  5
6F0
330
17
100
AcDbEntity
  8
AVAN-YAZI
100
AcDbText
 10
-2886.4417
 20
1484.65
 30
0.0
 40
2.109
  1
n
  7
AVAN
 41
1.1196
 11
-2886.4417
 21
1484.65
 31
0.0
100
AcDbText
  0
TEXT
  5
6F1
330
17
100
AcDbEntity
  8
AVAN-YAZI
100
AcDbText
 10
-2873.4417
 20
1484.65
 30
0.0
 40
2.109
  1
Kabin kılavuz ray sayısı
  7
AVAN
 41
0.9601
 11
-2873.4417
 21
1484.65
 31
0.0
100
AcDbText
  0
TEXT
  5
6F2
330
17
100
AcDbEntity
  8
AVAN-YAZI
100
AcDbText
 10
-2789.4417
 20
1484.65
 30
0.0
 40
2.109
  1
=
  7
AVAN
 41
1.4092
 11
-2789.4417
 21
1484.65
 31
0.0
100
AcDbText
  0
TEXT
  5
6F3
330
17
100
AcDbEntity
  8
AVAN-YAZI
100
AcDbText
 10
-2754.4417
 20
1484.65
 30
0.0
 40
2.109
  1
adet
  7
AVAN
 41
1.1381
 11
-2754.4417
 21
1484.65
 31
0.0
100
AcDbText
  0
TEXT
  5
6F4
330
17
100
AcDbEntity
  8
AVAN-YAZI
100
AcDbText
 10
-2758.6693
 20
1484.5089
 30
0.0
 40
2.212
  1
2
  7
AVAN-KALIN
 41
1.2291
 11
-2758.6693
 21
1484.5089
 31
0.0
100
AcDbText
  0
TEXT
  5
6F5
330
17
100
AcDbEntity
  8
AVAN-YAZI
100
AcDbText
 10
-2736.4416
 20
1479.4642
 30
0.0
 40
1.775
  1
GİRİŞ — asansör
  7
AVAN
 41
0.9113
 11
-2736.4416
 21
1479.4642
 31
0.0
100
AcDbText
  0
TEXT
  5
6F6
330
17
100
AcDbEntity
  8
AVAN-YAZI
100
AcDbText
 10
-2886.4417
 20
1477.8061
 30
0.0
 40
2.109
  1
gr
  7
AVAN
 41
1.1555
 11
-2886.4417
 21
1477.8061
 31
0.0
100
AcDbText
  0
TEXT
  5
6F7
330
17
100
AcDbEntity
  8
AVAN-YAZI
100
AcDbText
 10
-2873.4417
 20
1477.8061
 30
0.0
 40
2.109
  1
1 m kılavuz rayın kütlesi
  7
AVAN
 41
1.0301
 11
-2873.4417
 21
1477.8061
 31
0.0
100
AcDbText
  0
TEXT
  5
6F8
330
17
100
AcDbEntity
  8
AVAN-YAZI
100
AcDbText
 10
-2789.4417
 20
1477.8061
 30
0.0
 40
2.109
  1
=
  7
AVAN
 41
1.4092
 11
-2789.4417
 21
1477.8061
 31
0.0
100
AcDbText
  0
TEXT
  5
6F9
330
17
100
AcDbEntity
  8
AVAN-YAZI
100
AcDbText
 10
-2754.4417
 20
1477.8061
 30
0.0
 40
2.109
  1
kg/m
  7
AVAN
 41
1.1444
 11
-2754.4417
 21
1477.8061
 31
0.0
100
AcDbText
  0
TEXT
  5
6FA
330
17
100
AcDbEntity
  8
AVAN-YAZI
100
AcDbText
 10
-2766.1548
 20
1477.665
 30
0.0
 40
2.212
  1
17,91
  7
AVAN-KALIN
 41
1.2417
 11
-2766.1548
 21
1477.665
 31
0.0
100
AcDbText
  0
TEXT
  5
6FB
330
17
100
AcDbEntity
  8
AVAN-YAZI
100
AcDbText
 10
-2736.4416
 20
1476.2892
 30
0.0
 40
1.775
  1
bazında
  7
AVAN
 41
0.9556
 11
-2736.4416
 21
1476.2892
 31
0.0
100
AcDbText
  0
TEXT
  5
6FC
330
17
100
AcDbEntity
  8
AVAN-YAZI
100
AcDbText
 10
-2736.4416
 20
1471.0328
 30
0.0
 40
1.775
  1
SABİTLER A
  7
AVAN
 41
0.909
 11
-2736.4416
 21
1471.0328
 31
0.0
100
AcDbText
  0
TEXT
  5
6FD
330
17
100
AcDbEntity
  8
AVAN-YAZI
100
AcDbText
 10
-2886.4417
 20
1470.9622
 30
0.0
 40
2.109
  1
Lr
  7
AVAN
 41
1.0697
 11
-2886.4417
 21
1470.9622
 31
0.0
100
AcDbText
  0
TEXT
  5
6FE
330
17
100
AcDbEntity
  8
AVAN-YAZI
100
AcDbText
 10
-2873.4417
 20
1470.9622
 30
0.0
 40
2.109
  1
Kılavuz ray uzunluğu ( Hk − 0,20 )
  7
AVAN
 41
1.0729
 11
-2873.4417
 21
1470.9622
 31
0.0
100
AcDbText
  0
TEXT
  5
6FF
330
17
100
AcDbEntity
  8
AVAN-YAZI
100
AcDbText
 10
-2789.4417
 20
1470.9622
 30
0.0
 40
2.109
  1
=
  7
AVAN
 41
1.4092
 11
-2789.4417
 21
1470.9622
 31
0.0
100
AcDbText
  0
TEXT
  5
700
330
17
100
AcDbEntity
  8
AVAN-YAZI
100
AcDbText
 10
-2754.4417
 20
1470.9622
 30
0.0
 40
2.109
  1
m
  7
AVAN
 41
1.1486
 11
-2754.4417
 21
1470.9622
 31
0.0
100
AcDbText
  0
TEXT
  5
701
330
17
100
AcDbEntity
  8
AVAN-YAZI
100
AcDbText
 10
-2766.1548
 20
1470.8211
 30
0.0
 40
2.212
  1
32,65
  7
AVAN-KALIN
 41
1.2417
 11
-2766.1548
 21
1470.8211
 31
0.0
100
AcDbText
  0
TEXT
  5
702
330
17
100
AcDbEntity
  8
AVAN-YAZI
100
AcDbText
 10
-2886.4417
 20
1464.2418
 30
0.0
 40
2.16
  1
Mg = Lr · gr
  7
AVAN-KALIN
 41
1.2074
 11
-2886.4417
 21
1464.2418
 31
0.0
100
AcDbText
  0
TEXT
  5
703
330
17
100
AcDbEntity
  8
AVAN-YAZI
100
AcDbText
 10
-2736.4416
 20
1459.25
 30
0.0
 40
1.775
  1
bir ray hattının kütlesi
  7
AVAN
 41
1.036
 11
-2736.4416
 21
1459.25
 31
0.0
100
AcDbText
  0
TEXT
  5
704
330
17
100
AcDbEntity
  8
AVAN-YAZI
100
AcDbText
 10
-2873.4417
 20
1459.2324
 30
0.0
 40
2.109
  1
= 32,65 · 17,91
  7
AVAN
 41
1.1485
 11
-2873.4417
 21
1459.2324
 31
0.0
100
AcDbText
  0
TEXT
  5
705
330
17
100
AcDbEntity
  8
AVAN-YAZI
100
AcDbText
 10
-2754.4417
 20
1459.1794
 30
0.0
 40
2.109
  1
kg
  7
AVAN
 41
1.129
 11
-2754.4417
 21
1459.1794
 31
0.0
100
AcDbText
  0
TEXT
  5
706
330
17
100
AcDbEntity
  8
AVAN-YAZI
100
AcDbText
 10
-2768.2658
 20
1459.0383
 30
0.0
 40
2.212
  1
584,76
  7
AVAN-KALIN
 41
1.2394
 11
-2768.2658
 21
1459.0383
 31
0.0
100
AcDbText
  0
TEXT
  5
707
330
17
100
AcDbEntity
  8
AVAN-YAZI
100
AcDbText
 10
-2886.4417
 20
1452.265
 30
0.0
 40
2.109
  1
A - KUYU ALT BOŞLUĞU TABANINA GELEN KUVVET ( kabin tamponu
  7
AVAN
 41
1.0261
 11
-2886.4417
 21
1452.265
 31
0.0
100
AcDbText
  0
TEXT
  5
708
330
17
100
AcDbEntity
  8
AVAN-YAZI
100
AcDbText
 10
-2886.4417
 20
1448.3139
 30
0.0
 40
2.109
  1
altı )
  7
AVAN
 41
0.9177
 11
-2886.4417
 21
1448.3139
 31
0.0
100
AcDbText
  0
TEXT
  5
709
330
17
100
AcDbEntity
  8
AVAN-YAZI
100
AcDbText
 10
-2886.4417
 20
1441.3818
 30
0.0
 40
2.16
  1
P1 = 4 · gn · ( P + Q )
  7
AVAN-KALIN
 41
1.2222
 11
-2886.4417
 21
1441.3818
 31
0.0
100
AcDbText
  0
TEXT
  5
70A
330
17
100
AcDbEntity
  8
AVAN-YAZI
100
AcDbText
 10
-2873.4417
 20
1436.3724
 30
0.0
 40
2.109
  1
= 4 · 9,81 · ( 1.129,14 + 1.275 )
  7
AVAN
 41
1.1491
 11
-2873.4417
 21
1436.3724
 31
0.0
100
AcDbText
  0
TEXT
  5
70B
330
17
100
AcDbEntity
  8
AVAN-YAZI
100
AcDbText
 10
-2754.4417
 20
1436.3194
 30
0.0
 40
2.109
  1
N
  7
AVAN
 41
1.0176
 11
-2754.4417
 21
1436.3194
 31
0.0
100
AcDbText
  0
TEXT
  5
70C
330
17
100
AcDbEntity
  8
AVAN-YAZI
100
AcDbText
 10
-2768.2658
 20
1436.1783
 30
0.0
 40
2.212
  1
94.340
  7
AVAN-KALIN
 41
1.2394
 11
-2768.2658
 21
1436.1783
 31
0.0
100
AcDbText
  0
TEXT
  5
70D
330
17
100
AcDbEntity
  8
AVAN-YAZI
100
AcDbText
 10
-2886.4417
 20
1429.2639
 30
0.0
 40
2.109
  1
B - KARŞI AĞIRLIK TAMPONU ALTINDAKİ ZEMİNE GELEN KUVVET
  7
AVAN
 41
0.9666
 11
-2886.4417
 21
1429.2639
 31
0.0
100
AcDbText
  0
TEXT
  5
70E
330
17
100
AcDbEntity
  8
AVAN-YAZI
100
AcDbText
 10
-2886.4417
 20
1422.1907
 30
0.0
 40
2.16
  1
P2 = 4 · gn · ( P + q · Q ) = 4 · gn · Ga
  7
AVAN-KALIN
 41
1.2183
 11
-2886.4417
 21
1422.1907
 31
0.0
100
AcDbText
  0
TEXT
  5
70F
330
17
100
AcDbEntity
  8
AVAN-YAZI
100
AcDbText
 10
-2873.4417
 20
1417.1813
 30
0.0
 40
2.109
  1
= 4 · 9,81 · 1.766,64
  7
AVAN
 41
1.1423
 11
-2873.4417
 21
1417.1813
 31
0.0
100
AcDbText
  0
TEXT
  5
710
330
17
100
AcDbEntity
  8
AVAN-YAZI
100
AcDbText
 10
-2754.4417
 20
1417.1283
 30
0.0
 40
2.109
  1
N
  7
AVAN
 41
1.0176
 11
-2754.4417
 21
1417.1283
 31
0.0
100
AcDbText
  0
TEXT
  5
711
330
17
100
AcDbEntity
  8
AVAN-YAZI
100
AcDbText
 10
-2768.2658
 20
1416.9872
 30
0.0
 40
2.212
  1
69.330
  7
AVAN-KALIN
 41
1.2394
 11
-2768.2658
 21
1416.9872
 31
0.0
100
AcDbText
  0
TEXT
  5
712
330
17
100
AcDbEntity
  8
AVAN-YAZI
100
AcDbText
 10
-2886.4417
 20
1410.0728
 30
0.0
 40
2.109
  1
C - KABİN KILAVUZ RAYLARINA GELEN DÜŞEY KUVVET
  7
AVAN
 41
0.9739
 11
-2886.4417
 21
1410.0728
 31
0.0
100
AcDbText
  0
TEXT
  5
713
330
17
100
AcDbEntity
  8
AVAN-YAZI
100
AcDbText
 10
-2886.4417
 20
1402.9996
 30
0.0
 40
2.16
  1
PR = k1 · gn · ( P + Q ) / n + Mg · gn
  7
AVAN-KALIN
 41
1.2097
 11
-2886.4417
 21
1402.9996
 31
0.0
100
AcDbText
  0
TEXT
  5
714
330
17
100
AcDbEntity
  8
AVAN-YAZI
100
AcDbText
 10
-2873.4417
 20
1397.9901
 30
0.0
 40
2.109
  1
= 3 · 9,81 · ( 1.129,14 + 1.275 ) / 2 + 584,76 · 9,81
  7
AVAN
 41
1.1478
 11
-2873.4417
 21
1397.9901
 31
0.0
100
AcDbText
  0
TEXT
  5
715
330
17
100
AcDbEntity
  8
AVAN-YAZI
100
AcDbText
 10
-2754.4417
 20
1397.9372
 30
0.0
 40
2.109
  1
N
  7
AVAN
 41
1.0176
 11
-2754.4417
 21
1397.9372
 31
0.0
100
AcDbText
  0
TEXT
  5
716
330
17
100
AcDbEntity
  8
AVAN-YAZI
100
AcDbText
 10
-2768.2658
 20
1397.7961
 30
0.0
 40
2.212
  1
41.120
  7
AVAN-KALIN
 41
1.2394
 11
-2768.2658
 21
1397.7961
 31
0.0
100
AcDbText
  0
TEXT
  5
717
330
17
100
AcDbEntity
  8
AVAN-YAZI
100
AcDbText
 10
-2886.4417
 20
1390.8817
 30
0.0
 40
2.109
  1
D - KARŞI AĞIRLIK KILAVUZ RAYLARINA GELEN DÜŞEY KUVVET
  7
AVAN
 41
0.9883
 11
-2886.4417
 21
1390.8817
 31
0.0
100
AcDbText
  0
TEXT
  5
718
330
17
100
AcDbEntity
  8
AVAN-YAZI
100
AcDbText
 10
-2886.4417
 20
1383.8085
 30
0.0
 40
2.16
  1
PK = k1 · gn · Ga / n + Mg · gn
  7
AVAN-KALIN
 41
1.197
 11
-2886.4417
 21
1383.8085
 31
0.0
100
AcDbText
  0
TEXT
  5
719
330
17
100
AcDbEntity
  8
AVAN-YAZI
100
AcDbText
 10
-2873.4417
 20
1378.799
 30
0.0
 40
2.109
  1
= 3 · 9,81 · 1.766,64 / 2 + 584,76 · 9,81
  7
AVAN
 41
1.144
 11
-2873.4417
 21
1378.799
 31
0.0
100
AcDbText
  0
TEXT
  5
71A
330
17
100
AcDbEntity
  8
AVAN-YAZI
100
AcDbText
 10
-2754.4417
 20
1378.7461
 30
0.0
 40
2.109
  1
N
  7
AVAN
 41
1.0176
 11
-2754.4417
 21
1378.7461
 31
0.0
100
AcDbText
  0
TEXT
  5
71B
330
17
100
AcDbEntity
  8
AVAN-YAZI
100
AcDbText
 10
-2768.2658
 20
1378.605
 30
0.0
 40
2.212
  1
31.740
  7
AVAN-KALIN
 41
1.2394
 11
-2768.2658
 21
1378.605
 31
0.0
100
AcDbText
  0
TEXT
  5
71C
330
17
100
AcDbEntity
  8
AVAN-YAZI
100
AcDbText
 10
-2886.4417
 20
1371.6906
 30
0.0
 40
2.109
  1
E - KUYU ÜSTÜ BETONUNA ETKİ EDEN KUVVET
  7
AVAN
 41
0.9726
 11
-2886.4417
 21
1371.6906
 31
0.0
100
AcDbText
  0
TEXT
  5
71D
330
17
100
AcDbEntity
  8
AVAN-YAZI
100
AcDbText
 10
-2886.4417
 20
1364.6174
 30
0.0
 40
2.16
  1
Fs = gn · ( Fmk + Fsh + Fmt + P + Q + Ga )
  7
AVAN-KALIN
 41
1.2076
 11
-2886.4417
 21
1364.6174
 31
0.0
100
AcDbText
  0
TEXT
  5
71E
330
17
100
AcDbEntity
  8
AVAN-YAZI
100
AcDbText
 10
-2873.4417
 20
1359.6961
 30
0.0
 40
2.109
  1
= 9,81 · ( 350 + 100 + 150 + 1.129,14 + 1.275 + 1.766,64
  7
AVAN
 41
1.1636
 11
-2873.4417
 21
1359.6961
 31
0.0
100
AcDbText
  0
TEXT
  5
71F
330
17
100
AcDbEntity
  8
AVAN-YAZI
100
AcDbText
 10
-2754.4417
 20
1357.6147
 30
0.0
 40
2.109
  1
N
  7
AVAN
 41
1.0176
 11
-2754.4417
 21
1357.6147
 31
0.0
100
AcDbText
  0
TEXT
  5
720
330
17
100
AcDbEntity
  8
AVAN-YAZI
100
AcDbText
 10
-2768.2658
 20
1357.4736
 30
0.0
 40
2.212
  1
46.810
  7
AVAN-KALIN
 41
1.2394
 11
-2768.2658
 21
1357.4736
 31
0.0
100
AcDbText
  0
TEXT
  5
721
330
17
100
AcDbEntity
  8
AVAN-YAZI
100
AcDbText
 10
-2873.4417
 20
1355.6392
 30
0.0
 40
2.109
  1
)
  7
AVAN
 41
1.1507
 11
-2873.4417
 21
1355.6392
 31
0.0
100
AcDbText
  0
TEXT
  5
722
330
17
100
AcDbEntity
  8
AVAN-YAZI
100
AcDbText
 10
-2885.3833
 20
1349.3239
 30
0.0
 40
1.852
  1
▪ PR ve PK, MMO/697 §2.3.3 formülündeki Mg · gn ray kütlesi terimini içerir ( kitabın §4.3 örnek hesabı bu terimi ihmal etmiştir ).
  7
AVAN
 41
1.088
 11
-2885.3833
 21
1349.3239
 31
0.0
100
AcDbText
  0
TEXT
  5
723
330
17
100
AcDbEntity
  8
AVAN-YAZI
100
AcDbText
 10
-2885.3833
 20
1345.9372
 30
0.0
 40
1.852
  1
▪ Karşı ağırlıkta paraşüt ( fren ) bulunması hâlinde PK dikkate alınır.
  7
AVAN
 41
0.9846
 11
-2885.3833
 21
1345.9372
 31
0.0
100
AcDbText
  0
TEXT
  5
724
330
17
100
AcDbEntity
  8
AVAN-YAZI
100
AcDbText
 10
-2885.3833
 20
1342.5506
 30
0.0
 40
1.852
  1
▪ Kılavuz ray uzunluğu 40 m'yi aşarsa halat / kompanzasyon kuvveti Fp uygulama projesinde ayrıca hesaplanır ( MMO/697 s.20 ).
  7
AVAN
 41
1.0712
 11
-2885.3833
 21
1342.5506
 31
0.0
100
AcDbText
  0
TEXT
  5
725
330
17
100
AcDbEntity
  8
AVAN-YAZI
100
AcDbText
 10
-2715.9854
 20
1325.3
 30
0.0
 40
1.646
  1
Sayfa 5
  7
AVAN
 41
1.0886
 11
-2715.9854
 21
1325.3
 31
0.0
100
AcDbText
  0
LWPOLYLINE
  5
726
330
17
100
AcDbEntity
  8
AVAN-A4
100
AcDbPolyline
 90
4
 70
1
 10
-2682.5
 20
1310.9
 10
-2472.4999966666664
 20
1310.9
 10
-2472.4999966666664
 20
1607.9000127777779
 10
-2682.5
 20
1607.9000127777779
  0
LINE
  5
727
330
17
100
AcDbEntity
  8
AVAN-CIZGI
100
AcDbLine
 10
-2670.5
 20
1322.9
 30
0.0
 11
-2484.5
 21
1322.9
 31
0.0
  0
LINE
  5
728
330
17
100
AcDbEntity
  8
AVAN-CIZGI
100
AcDbLine
 10
-2484.5
 20
1322.9
 30
0.0
 11
-2484.5
 21
1595.9
 31
0.0
  0
LINE
  5
729
330
17
100
AcDbEntity
  8
AVAN-CIZGI
100
AcDbLine
 10
-2484.5
 20
1595.9
 30
0.0
 11
-2670.5
 21
1595.9
 31
0.0
  0
LINE
  5
72A
330
17
100
AcDbEntity
  8
AVAN-CIZGI
100
AcDbLine
 10
-2670.5
 20
1595.9
 30
0.0
 11
-2670.5
 21
1322.9
 31
0.0
  0
LINE
  5
72B
330
17
100
AcDbEntity
  8
AVAN-CIZGI
100
AcDbLine
 10
-2670.5
 20
1584.5
 30
0.0
 11
-2484.5
 21
1584.5
 31
0.0
  0
LINE
  5
72C
330
17
100
AcDbEntity
  8
AVAN-CIZGI
100
AcDbLine
 10
-2670.5
 20
1329.9
 30
0.0
 11
-2484.5
 21
1329.9
 31
0.0
  0
LINE
  5
72D
330
17
100
AcDbEntity
  8
AVAN-CIZGI
100
AcDbLine
 10
-2667.5
 20
1577.7833
 30
0.0
 11
-2487.5
 21
1577.7833
 31
0.0
  0
LINE
  5
72E
330
17
100
AcDbEntity
  8
AVAN-CIZGI
100
AcDbLine
 10
-2667.5
 20
1570.9394
 30
0.0
 11
-2487.5
 21
1570.9394
 31
0.0
  0
LINE
  5
72F
330
17
100
AcDbEntity
  8
AVAN-CIZGI
100
AcDbLine
 10
-2667.5
 20
1570.9394
 30
0.0
 11
-2667.5
 21
1577.7833
 31
0.0
  0
LINE
  5
730
330
17
100
AcDbEntity
  8
AVAN-CIZGI
100
AcDbLine
 10
-2487.5
 20
1570.9394
 30
0.0
 11
-2487.5
 21
1577.7833
 31
0.0
  0
LINE
  5
731
330
17
100
AcDbEntity
  8
AVAN-CIZGI
100
AcDbLine
 10
-2667.5
 20
1577.7833
 30
0.0
 11
-2487.5
 21
1577.7833
 31
0.0
  0
LINE
  5
732
330
17
100
AcDbEntity
  8
AVAN-CIZGI
100
AcDbLine
 10
-2667.5
 20
1570.9394
 30
0.0
 11
-2487.5
 21
1570.9394
 31
0.0
  0
LINE
  5
733
330
17
100
AcDbEntity
  8
AVAN-CIZGI
100
AcDbLine
 10
-2667.5
 20
1565.295
 30
0.0
 11
-2487.5
 21
1565.295
 31
0.0
  0
LINE
  5
734
330
17
100
AcDbEntity
  8
AVAN-CIZGI
100
AcDbLine
 10
-2667.5
 20
1565.295
 30
0.0
 11
-2667.5
 21
1570.9394
 31
0.0
  0
LINE
  5
735
330
17
100
AcDbEntity
  8
AVAN-CIZGI
100
AcDbLine
 10
-2487.5
 20
1565.295
 30
0.0
 11
-2487.5
 21
1570.9394
 31
0.0
  0
LINE
  5
736
330
17
100
AcDbEntity
  8
AVAN-CIZGI
100
AcDbLine
 10
-2565.5
 20
1565.295
 30
0.0
 11
-2565.5
 21
1570.9394
 31
0.0
  0
LINE
  5
737
330
17
100
AcDbEntity
  8
AVAN-CIZGI
100
AcDbLine
 10
-2517.5
 20
1565.295
 30
0.0
 11
-2517.5
 21
1570.9394
 31
0.0
  0
LINE
  5
738
330
17
100
AcDbEntity
  8
AVAN-CIZGI
100
AcDbLine
 10
-2667.5
 20
1565.295
 30
0.0
 11
-2487.5
 21
1565.295
 31
0.0
  0
LINE
  5
739
330
17
100
AcDbEntity
  8
AVAN-CIZGI
100
AcDbLine
 10
-2667.5
 20
1565.295
 30
0.0
 11
-2487.5
 21
1565.295
 31
0.0
  0
LINE
  5
73A
330
17
100
AcDbEntity
  8
AVAN-CIZGI
100
AcDbLine
 10
-2667.5
 20
1489.73
 30
0.0
 11
-2487.5
 21
1489.73
 31
0.0
  0
LINE
  5
73B
330
17
100
AcDbEntity
  8
AVAN-CIZGI
100
AcDbLine
 10
-2667.5
 20
1489.73
 30
0.0
 11
-2667.5
 21
1565.295
 31
0.0
  0
LINE
  5
73C
330
17
100
AcDbEntity
  8
AVAN-CIZGI
100
AcDbLine
 10
-2487.5
 20
1489.73
 30
0.0
 11
-2487.5
 21
1565.295
 31
0.0
  0
LINE
  5
73D
330
17
100
AcDbEntity
  8
AVAN-CIZGI
100
AcDbLine
 10
-2565.5
 20
1489.73
 30
0.0
 11
-2565.5
 21
1565.295
 31
0.0
  0
LINE
  5
73E
330
17
100
AcDbEntity
  8
AVAN-CIZGI
100
AcDbLine
 10
-2517.5
 20
1489.73
 30
0.0
 11
-2517.5
 21
1565.295
 31
0.0
  0
LINE
  5
73F
330
17
100
AcDbEntity
  8
AVAN-CIZGI
100
AcDbLine
 10
-2667.5
 20
1559.6506
 30
0.0
 11
-2487.5
 21
1559.6506
 31
0.0
  0
LINE
  5
740
330
17
100
AcDbEntity
  8
AVAN-CIZGI
100
AcDbLine
 10
-2667.5
 20
1554.0061
 30
0.0
 11
-2487.5
 21
1554.0061
 31
0.0
  0
LINE
  5
741
330
17
100
AcDbEntity
  8
AVAN-CIZGI
100
AcDbLine
 10
-2667.5
 20
1541.5178
 30
0.0
 11
-2487.5
 21
1541.5178
 31
0.0
  0
LINE
  5
742
330
17
100
AcDbEntity
  8
AVAN-CIZGI
100
AcDbLine
 10
-2667.5
 20
1535.8733
 30
0.0
 11
-2487.5
 21
1535.8733
 31
0.0
  0
LINE
  5
743
330
17
100
AcDbEntity
  8
AVAN-CIZGI
100
AcDbLine
 10
-2667.5
 20
1530.2289
 30
0.0
 11
-2487.5
 21
1530.2289
 31
0.0
  0
LINE
  5
744
330
17
100
AcDbEntity
  8
AVAN-CIZGI
100
AcDbLine
 10
-2667.5
 20
1524.5844
 30
0.0
 11
-2487.5
 21
1524.5844
 31
0.0
  0
LINE
  5
745
330
17
100
AcDbEntity
  8
AVAN-CIZGI
100
AcDbLine
 10
-2667.5
 20
1509.9794
 30
0.0
 11
-2487.5
 21
1509.9794
 31
0.0
  0
LINE
  5
746
330
17
100
AcDbEntity
  8
AVAN-CIZGI
100
AcDbLine
 10
-2667.5
 20
1504.335
 30
0.0
 11
-2487.5
 21
1504.335
 31
0.0
  0
LINE
  5
747
330
17
100
AcDbEntity
  8
AVAN-CIZGI
100
AcDbLine
 10
-2667.5
 20
1489.73
 30
0.0
 11
-2487.5
 21
1489.73
 31
0.0
  0
LINE
  5
748
330
17
100
AcDbEntity
  8
AVAN-CIZGI
100
AcDbLine
 10
-2667.5
 20
1489.73
 30
0.0
 11
-2487.5
 21
1489.73
 31
0.0
  0
LINE
  5
749
330
17
100
AcDbEntity
  8
AVAN-CIZGI
100
AcDbLine
 10
-2667.5
 20
1484.0856
 30
0.0
 11
-2487.5
 21
1484.0856
 31
0.0
  0
LINE
  5
74A
330
17
100
AcDbEntity
  8
AVAN-CIZGI
100
AcDbLine
 10
-2667.5
 20
1484.0856
 30
0.0
 11
-2667.5
 21
1489.73
 31
0.0
  0
LINE
  5
74B
330
17
100
AcDbEntity
  8
AVAN-CIZGI
100
AcDbLine
 10
-2487.5
 20
1484.0856
 30
0.0
 11
-2487.5
 21
1489.73
 31
0.0
  0
LINE
  5
74C
330
17
100
AcDbEntity
  8
AVAN-CIZGI
100
AcDbLine
 10
-2565.5
 20
1484.0856
 30
0.0
 11
-2565.5
 21
1489.73
 31
0.0
  0
LINE
  5
74D
330
17
100
AcDbEntity
  8
AVAN-CIZGI
100
AcDbLine
 10
-2517.5
 20
1484.0856
 30
0.0
 11
-2517.5
 21
1489.73
 31
0.0
  0
LINE
  5
74E
330
17
100
AcDbEntity
  8
AVAN-CIZGI
100
AcDbLine
 10
-2667.5
 20
1484.0856
 30
0.0
 11
-2487.5
 21
1484.0856
 31
0.0
  0
LINE
  5
74F
330
17
100
AcDbEntity
  8
AVAN-CIZGI
100
AcDbLine
 10
-2667.5
 20
1482.5855
 30
0.0
 11
-2487.5
 21
1482.5855
 31
0.0
  0
LINE
  5
750
330
17
100
AcDbEntity
  8
AVAN-CIZGI
100
AcDbLine
 10
-2667.5
 20
1475.3536
 30
0.0
 11
-2487.5
 21
1475.3536
 31
0.0
  0
LINE
  5
751
330
17
100
AcDbEntity
  8
AVAN-CIZGI
100
AcDbLine
 10
-2667.5
 20
1472.1536
 30
0.0
 11
-2487.5
 21
1472.1536
 31
0.0
  0
LINE
  5
752
330
17
100
AcDbEntity
  8
AVAN-CIZGI
100
AcDbLine
 10
-2667.5
 20
1465.3097
 30
0.0
 11
-2487.5
 21
1465.3097
 31
0.0
  0
LINE
  5
753
330
17
100
AcDbEntity
  8
AVAN-CIZGI
100
AcDbLine
 10
-2667.5
 20
1465.3097
 30
0.0
 11
-2667.5
 21
1472.1536
 31
0.0
  0
LINE
  5
754
330
17
100
AcDbEntity
  8
AVAN-CIZGI
100
AcDbLine
 10
-2487.5
 20
1465.3097
 30
0.0
 11
-2487.5
 21
1472.1536
 31
0.0
  0
LINE
  5
755
330
17
100
AcDbEntity
  8
AVAN-CIZGI
100
AcDbLine
 10
-2667.5
 20
1472.1536
 30
0.0
 11
-2487.5
 21
1472.1536
 31
0.0
  0
LINE
  5
756
330
17
100
AcDbEntity
  8
AVAN-CIZGI
100
AcDbLine
 10
-2667.5
 20
1465.3097
 30
0.0
 11
-2487.5
 21
1465.3097
 31
0.0
  0
LINE
  5
757
330
17
100
AcDbEntity
  8
AVAN-CIZGI
100
AcDbLine
 10
-2667.5
 20
1459.6653
 30
0.0
 11
-2487.5
 21
1459.6653
 31
0.0
  0
LINE
  5
758
330
17
100
AcDbEntity
  8
AVAN-CIZGI
100
AcDbLine
 10
-2667.5
 20
1459.6653
 30
0.0
 11
-2667.5
 21
1465.3097
 31
0.0
  0
LINE
  5
759
330
17
100
AcDbEntity
  8
AVAN-CIZGI
100
AcDbLine
 10
-2487.5
 20
1459.6653
 30
0.0
 11
-2487.5
 21
1465.3097
 31
0.0
  0
LINE
  5
75A
330
17
100
AcDbEntity
  8
AVAN-CIZGI
100
AcDbLine
 10
-2565.5
 20
1459.6653
 30
0.0
 11
-2565.5
 21
1465.3097
 31
0.0
  0
LINE
  5
75B
330
17
100
AcDbEntity
  8
AVAN-CIZGI
100
AcDbLine
 10
-2517.5
 20
1459.6653
 30
0.0
 11
-2517.5
 21
1465.3097
 31
0.0
  0
LINE
  5
75C
330
17
100
AcDbEntity
  8
AVAN-CIZGI
100
AcDbLine
 10
-2667.5
 20
1459.6653
 30
0.0
 11
-2487.5
 21
1459.6653
 31
0.0
  0
LINE
  5
75D
330
17
100
AcDbEntity
  8
AVAN-CIZGI
100
AcDbLine
 10
-2667.5
 20
1459.6653
 30
0.0
 11
-2487.5
 21
1459.6653
 31
0.0
  0
LINE
  5
75E
330
17
100
AcDbEntity
  8
AVAN-CIZGI
100
AcDbLine
 10
-2667.5
 20
1360.3231
 30
0.0
 11
-2487.5
 21
1360.3231
 31
0.0
  0
LINE
  5
75F
330
17
100
AcDbEntity
  8
AVAN-CIZGI
100
AcDbLine
 10
-2667.5
 20
1360.3231
 30
0.0
 11
-2667.5
 21
1459.6653
 31
0.0
  0
LINE
  5
760
330
17
100
AcDbEntity
  8
AVAN-CIZGI
100
AcDbLine
 10
-2487.5
 20
1360.3231
 30
0.0
 11
-2487.5
 21
1459.6653
 31
0.0
  0
LINE
  5
761
330
17
100
AcDbEntity
  8
AVAN-CIZGI
100
AcDbLine
 10
-2565.5
 20
1360.3231
 30
0.0
 11
-2565.5
 21
1459.6653
 31
0.0
  0
LINE
  5
762
330
17
100
AcDbEntity
  8
AVAN-CIZGI
100
AcDbLine
 10
-2517.5
 20
1360.3231
 30
0.0
 11
-2517.5
 21
1459.6653
 31
0.0
  0
LINE
  5
763
330
17
100
AcDbEntity
  8
AVAN-CIZGI
100
AcDbLine
 10
-2667.5
 20
1454.0209
 30
0.0
 11
-2487.5
 21
1454.0209
 31
0.0
  0
LINE
  5
764
330
17
100
AcDbEntity
  8
AVAN-CIZGI
100
AcDbLine
 10
-2667.5
 20
1448.3764
 30
0.0
 11
-2487.5
 21
1448.3764
 31
0.0
  0
LINE
  5
765
330
17
100
AcDbEntity
  8
AVAN-CIZGI
100
AcDbLine
 10
-2667.5
 20
1435.8881
 30
0.0
 11
-2487.5
 21
1435.8881
 31
0.0
  0
LINE
  5
766
330
17
100
AcDbEntity
  8
AVAN-CIZGI
100
AcDbLine
 10
-2667.5
 20
1430.2436
 30
0.0
 11
-2487.5
 21
1430.2436
 31
0.0
  0
LINE
  5
767
330
17
100
AcDbEntity
  8
AVAN-CIZGI
100
AcDbLine
 10
-2667.5
 20
1424.5992
 30
0.0
 11
-2487.5
 21
1424.5992
 31
0.0
  0
LINE
  5
768
330
17
100
AcDbEntity
  8
AVAN-CIZGI
100
AcDbLine
 10
-2667.5
 20
1418.9547
 30
0.0
 11
-2487.5
 21
1418.9547
 31
0.0
  0
LINE
  5
769
330
17
100
AcDbEntity
  8
AVAN-CIZGI
100
AcDbLine
 10
-2667.5
 20
1404.3497
 30
0.0
 11
-2487.5
 21
1404.3497
 31
0.0
  0
LINE
  5
76A
330
17
100
AcDbEntity
  8
AVAN-CIZGI
100
AcDbLine
 10
-2667.5
 20
1398.7053
 30
0.0
 11
-2487.5
 21
1398.7053
 31
0.0
  0
LINE
  5
76B
330
17
100
AcDbEntity
  8
AVAN-CIZGI
100
AcDbLine
 10
-2667.5
 20
1384.1003
 30
0.0
 11
-2487.5
 21
1384.1003
 31
0.0
  0
LINE
  5
76C
330
17
100
AcDbEntity
  8
AVAN-CIZGI
100
AcDbLine
 10
-2667.5
 20
1378.4559
 30
0.0
 11
-2487.5
 21
1378.4559
 31
0.0
  0
LINE
  5
76D
330
17
100
AcDbEntity
  8
AVAN-CIZGI
100
AcDbLine
 10
-2667.5
 20
1372.8114
 30
0.0
 11
-2487.5
 21
1372.8114
 31
0.0
  0
LINE
  5
76E
330
17
100
AcDbEntity
  8
AVAN-CIZGI
100
AcDbLine
 10
-2667.5
 20
1360.3231
 30
0.0
 11
-2487.5
 21
1360.3231
 31
0.0
  0
LINE
  5
76F
330
17
100
AcDbEntity
  8
AVAN-CIZGI
100
AcDbLine
 10
-2667.5
 20
1360.3231
 30
0.0
 11
-2487.5
 21
1360.3231
 31
0.0
  0
LINE
  5
770
330
17
100
AcDbEntity
  8
AVAN-CIZGI
100
AcDbLine
 10
-2667.5
 20
1354.6786
 30
0.0
 11
-2487.5
 21
1354.6786
 31
0.0
  0
LINE
  5
771
330
17
100
AcDbEntity
  8
AVAN-CIZGI
100
AcDbLine
 10
-2667.5
 20
1354.6786
 30
0.0
 11
-2667.5
 21
1360.3231
 31
0.0
  0
LINE
  5
772
330
17
100
AcDbEntity
  8
AVAN-CIZGI
100
AcDbLine
 10
-2487.5
 20
1354.6786
 30
0.0
 11
-2487.5
 21
1360.3231
 31
0.0
  0
LINE
  5
773
330
17
100
AcDbEntity
  8
AVAN-CIZGI
100
AcDbLine
 10
-2565.5
 20
1354.6786
 30
0.0
 11
-2565.5
 21
1360.3231
 31
0.0
  0
LINE
  5
774
330
17
100
AcDbEntity
  8
AVAN-CIZGI
100
AcDbLine
 10
-2517.5
 20
1354.6786
 30
0.0
 11
-2517.5
 21
1360.3231
 31
0.0
  0
LINE
  5
775
330
17
100
AcDbEntity
  8
AVAN-CIZGI
100
AcDbLine
 10
-2667.5
 20
1354.6786
 30
0.0
 11
-2487.5
 21
1354.6786
 31
0.0
  0
LINE
  5
776
330
17
100
AcDbEntity
  8
AVAN-CIZGI
100
AcDbLine
 10
-2667.5
 20
1353.1786
 30
0.0
 11
-2487.5
 21
1353.1786
 31
0.0
  0
LINE
  5
777
330
17
100
AcDbEntity
  8
AVAN-CIZGI
100
AcDbLine
 10
-2667.5
 20
1345.9467
 30
0.0
 11
-2487.5
 21
1345.9467
 31
0.0
  0
TEXT
  5
778
330
17
100
AcDbEntity
  8
AVAN-YAZI
100
AcDbText
 10
-2618.4722
 20
1587.7
 30
0.0
 40
3.086
  1
ASANSÖR AVAN PROJE HESAPLARI
  7
AVAN-KALIN
 41
1.066
 11
-2618.4722
 21
1587.7
 31
0.0
100
AcDbText
  0
TEXT
  5
779
330
17
100
AcDbEntity
  8
AVAN-YAZI
100
AcDbText
 10
-2504.6576
 20
1573.356
 30
0.0
 40
1.903
  1
TS EN 81-20
  7
AVAN
 41
1.0479
 11
-2504.6576
 21
1573.356
 31
0.0
100
AcDbText
  0
TEXT
  5
77A
330
17
100
AcDbEntity
  8
AVAN-YAZI
100
AcDbText
 10
-2666.4417
 20
1573.2325
 30
0.0
 40
2.443
  1
3 - KABİN AYDINLATMA HESABI
  7
AVAN-KALIN
 41
1.0761
 11
-2666.4417
 21
1573.2325
 31
0.0
100
AcDbText
  0
TEXT
  5
77B
330
17
100
AcDbEntity
  8
AVAN-YAZI
100
AcDbText
 10
-2516.4416
 20
1567.2706
 30
0.0
 40
1.775
  1
GİRİŞ
  7
AVAN
 41
0.6995
 11
-2516.4416
 21
1567.2706
 31
0.0
100
AcDbText
  0
TEXT
  5
77C
330
17
100
AcDbEntity
  8
AVAN-YAZI
100
AcDbText
 10
-2666.4417
 20
1567.2
 30
0.0
 40
2.109
  1
a
  7
AVAN
 41
1.0825
 11
-2666.4417
 21
1567.2
 31
0.0
100
AcDbText
  0
TEXT
  5
77D
330
17
100
AcDbEntity
  8
AVAN-YAZI
100
AcDbText
 10
-2653.4417
 20
1567.2
 30
0.0
 40
2.109
  1
Kabin boyu
  7
AVAN
 41
1.1003
 11
-2653.4417
 21
1567.2
 31
0.0
100
AcDbText
  0
TEXT
  5
77E
330
17
100
AcDbEntity
  8
AVAN-YAZI
100
AcDbText
 10
-2569.4417
 20
1567.2
 30
0.0
 40
2.109
  1
=
  7
AVAN
 41
1.4092
 11
-2569.4417
 21
1567.2
 31
0.0
100
AcDbText
  0
TEXT
  5
77F
330
17
100
AcDbEntity
  8
AVAN-YAZI
100
AcDbText
 10
-2534.4417
 20
1567.2
 30
0.0
 40
2.109
  1
m
  7
AVAN
 41
1.1486
 11
-2534.4417
 21
1567.2
 31
0.0
100
AcDbText
  0
TEXT
  5
780
330
17
100
AcDbEntity
  8
AVAN-YAZI
100
AcDbText
 10
-2544.0438
 20
1567.0589
 30
0.0
 40
2.212
  1
1,35
  7
AVAN-KALIN
 41
1.2453
 11
-2544.0438
 21
1567.0589
 31
0.0
100
AcDbText
  0
TEXT
  5
781
330
17
100
AcDbEntity
  8
AVAN-YAZI
100
AcDbText
 10
-2516.4416
 20
1561.6261
 30
0.0
 40
1.775
  1
GİRİŞ
  7
AVAN
 41
0.6995
 11
-2516.4416
 21
1561.6261
 31
0.0
100
AcDbText
  0
TEXT
  5
782
330
17
100
AcDbEntity
  8
AVAN-YAZI
100
AcDbText
 10
-2666.4417
 20
1561.5556
 30
0.0
 40
2.109
  1
b
  7
AVAN
 41
1.1213
 11
-2666.4417
 21
1561.5556
 31
0.0
100
AcDbText
  0
TEXT
  5
783
330
17
100
AcDbEntity
  8
AVAN-YAZI
100
AcDbText
 10
-2653.4417
 20
1561.5556
 30
0.0
 40
2.109
  1
Kabin genişliği
  7
AVAN
 41
1.0348
 11
-2653.4417
 21
1561.5556
 31
0.0
100
AcDbText
  0
TEXT
  5
784
330
17
100
AcDbEntity
  8
AVAN-YAZI
100
AcDbText
 10
-2569.4417
 20
1561.5556
 30
0.0
 40
2.109
  1
=
  7
AVAN
 41
1.4092
 11
-2569.4417
 21
1561.5556
 31
0.0
100
AcDbText
  0
TEXT
  5
785
330
17
100
AcDbEntity
  8
AVAN-YAZI
100
AcDbText
 10
-2534.4417
 20
1561.5556
 30
0.0
 40
2.109
  1
m
  7
AVAN
 41
1.1486
 11
-2534.4417
 21
1561.5556
 31
0.0
100
AcDbText
  0
TEXT
  5
786
330
17
100
AcDbEntity
  8
AVAN-YAZI
100
AcDbText
 10
-2544.0438
 20
1561.4144
 30
0.0
 40
2.212
  1
2,10
  7
AVAN-KALIN
 41
1.2453
 11
-2544.0438
 21
1561.4144
 31
0.0
100
AcDbText
  0
TEXT
  5
787
330
17
100
AcDbEntity
  8
AVAN-YAZI
100
AcDbText
 10
-2516.4416
 20
1555.9817
 30
0.0
 40
1.775
  1
SABİTLER A
  7
AVAN
 41
0.909
 11
-2516.4416
 21
1555.9817
 31
0.0
100
AcDbText
  0
TEXT
  5
788
330
17
100
AcDbEntity
  8
AVAN-YAZI
100
AcDbText
 10
-2666.4417
 20
1555.9111
 30
0.0
 40
2.109
  1
h
  7
AVAN
 41
1.1196
 11
-2666.4417
 21
1555.9111
 31
0.0
100
AcDbText
  0
TEXT
  5
789
330
17
100
AcDbEntity
  8
AVAN-YAZI
100
AcDbText
 10
-2653.4417
 20
1555.9111
 30
0.0
 40
2.109
  1
Armatür ile çalışma düzlemi arasındaki yükseklik
  7
AVAN
 41
1.0574
 11
-2653.4417
 21
1555.9111
 31
0.0
100
AcDbText
  0
TEXT
  5
78A
330
17
100
AcDbEntity
  8
AVAN-YAZI
100
AcDbText
 10
-2569.4417
 20
1555.9111
 30
0.0
 40
2.109
  1
=
  7
AVAN
 41
1.4092
 11
-2569.4417
 21
1555.9111
 31
0.0
100
AcDbText
  0
TEXT
  5
78B
330
17
100
AcDbEntity
  8
AVAN-YAZI
100
AcDbText
 10
-2534.4417
 20
1555.9111
 30
0.0
 40
2.109
  1
m
  7
AVAN
 41
1.1486
 11
-2534.4417
 21
1555.9111
 31
0.0
100
AcDbText
  0
TEXT
  5
78C
330
17
100
AcDbEntity
  8
AVAN-YAZI
100
AcDbText
 10
-2538.6693
 20
1555.77
 30
0.0
 40
2.212
  1
1
  7
AVAN-KALIN
 41
1.2291
 11
-2538.6693
 21
1555.77
 31
0.0
100
AcDbText
  0
TEXT
  5
78D
330
17
100
AcDbEntity
  8
AVAN-YAZI
100
AcDbText
 10
-2666.4417
 20
1549.1907
 30
0.0
 40
2.16
  1
k = a · b / ( h · ( a + b ) )
  7
AVAN-KALIN
 41
1.2508
 11
-2666.4417
 21
1549.1907
 31
0.0
100
AcDbText
  0
TEXT
  5
78E
330
17
100
AcDbEntity
  8
AVAN-YAZI
100
AcDbText
 10
-2516.4416
 20
1544.1989
 30
0.0
 40
1.775
  1
bölge indeksi
  7
AVAN
 41
1.1161
 11
-2516.4416
 21
1544.1989
 31
0.0
100
AcDbText
  0
TEXT
  5
78F
330
17
100
AcDbEntity
  8
AVAN-YAZI
100
AcDbText
 10
-2653.4417
 20
1544.1813
 30
0.0
 40
2.109
  1
= 1,35 · 2,10 / ( 1,00 · ( 1,35 + 2,10 ) )
  7
AVAN
 41
1.1468
 11
-2653.4417
 21
1544.1813
 31
0.0
100
AcDbText
  0
TEXT
  5
790
330
17
100
AcDbEntity
  8
AVAN-YAZI
100
AcDbText
 10
-2534.4417
 20
1544.1283
 30
0.0
 40
2.109
  1
—
  7
AVAN
 41
0.9822
 11
-2534.4417
 21
1544.1283
 31
0.0
100
AcDbText
  0
TEXT
  5
791
330
17
100
AcDbEntity
  8
AVAN-YAZI
100
AcDbText
 10
-2548.2658
 20
1543.9872
 30
0.0
 40
2.212
  1
0,8217
  7
AVAN-KALIN
 41
1.2394
 11
-2548.2658
 21
1543.9872
 31
0.0
100
AcDbText
  0
TEXT
  5
792
330
17
100
AcDbEntity
  8
AVAN-YAZI
100
AcDbText
 10
-2516.4416
 20
1537.8489
 30
0.0
 40
1.775
  1
TABLOLAR T2
  7
AVAN
 41
1.0053
 11
-2516.4416
 21
1537.8489
 31
0.0
100
AcDbText
  0
TEXT
  5
793
330
17
100
AcDbEntity
  8
AVAN-YAZI
100
AcDbText
 10
-2666.4417
 20
1537.7783
 30
0.0
 40
2.109
  1
η
  7
AVAN
 41
1.0323
 11
-2666.4417
 21
1537.7783
 31
0.0
100
AcDbText
  0
TEXT
  5
794
330
17
100
AcDbEntity
  8
AVAN-YAZI
100
AcDbText
 10
-2653.4417
 20
1537.7783
 30
0.0
 40
2.109
  1
Oda aydınlatma verimi
  7
AVAN
 41
1.0714
 11
-2653.4417
 21
1537.7783
 31
0.0
100
AcDbText
  0
TEXT
  5
795
330
17
100
AcDbEntity
  8
AVAN-YAZI
100
AcDbText
 10
-2569.4417
 20
1537.7783
 30
0.0
 40
2.109
  1
=
  7
AVAN
 41
1.4092
 11
-2569.4417
 21
1537.7783
 31
0.0
100
AcDbText
  0
TEXT
  5
796
330
17
100
AcDbEntity
  8
AVAN-YAZI
100
AcDbText
 10
-2534.4417
 20
1537.7783
 30
0.0
 40
2.109
  1
—
  7
AVAN
 41
0.9822
 11
-2534.4417
 21
1537.7783
 31
0.0
100
AcDbText
  0
TEXT
  5
797
330
17
100
AcDbEntity
  8
AVAN-YAZI
100
AcDbText
 10
-2544.0438
 20
1537.6372
 30
0.0
 40
2.212
  1
0,29
  7
AVAN-KALIN
 41
1.2453
 11
-2544.0438
 21
1537.6372
 31
0.0
100
AcDbText
  0
TEXT
  5
798
330
17
100
AcDbEntity
  8
AVAN-YAZI
100
AcDbText
 10
-2516.4416
 20
1532.2044
 30
0.0
 40
1.775
  1
SABİTLER A
  7
AVAN
 41
0.909
 11
-2516.4416
 21
1532.2044
 31
0.0
100
AcDbText
  0
TEXT
  5
799
330
17
100
AcDbEntity
  8
AVAN-YAZI
100
AcDbText
 10
-2666.4417
 20
1532.1339
 30
0.0
 40
2.109
  1
E
  7
AVAN
 41
0.9304
 11
-2666.4417
 21
1532.1339
 31
0.0
100
AcDbText
  0
TEXT
  5
79A
330
17
100
AcDbEntity
  8
AVAN-YAZI
100
AcDbText
 10
-2653.4417
 20
1532.1339
 30
0.0
 40
2.109
  1
Asgari aydınlatma şiddeti
  7
AVAN
 41
1.0511
 11
-2653.4417
 21
1532.1339
 31
0.0
100
AcDbText
  0
TEXT
  5
79B
330
17
100
AcDbEntity
  8
AVAN-YAZI
100
AcDbText
 10
-2569.4417
 20
1532.1339
 30
0.0
 40
2.109
  1
=
  7
AVAN
 41
1.4092
 11
-2569.4417
 21
1532.1339
 31
0.0
100
AcDbText
  0
TEXT
  5
79C
330
17
100
AcDbEntity
  8
AVAN-YAZI
100
AcDbText
 10
-2534.4417
 20
1532.1339
 30
0.0
 40
2.109
  1
lüx
  7
AVAN
 41
1.1554
 11
-2534.4417
 21
1532.1339
 31
0.0
100
AcDbText
  0
TEXT
  5
79D
330
17
100
AcDbEntity
  8
AVAN-YAZI
100
AcDbText
 10
-2542.8913
 20
1531.9928
 30
0.0
 40
2.212
  1
100
  7
AVAN-KALIN
 41
1.2291
 11
-2542.8913
 21
1531.9928
 31
0.0
100
AcDbText
  0
TEXT
  5
79E
330
17
100
AcDbEntity
  8
AVAN-YAZI
100
AcDbText
 10
-2516.4416
 20
1526.56
 30
0.0
 40
1.775
  1
SABİTLER A
  7
AVAN
 41
0.909
 11
-2516.4416
 21
1526.56
 31
0.0
100
AcDbText
  0
TEXT
  5
79F
330
17
100
AcDbEntity
  8
AVAN-YAZI
100
AcDbText
 10
-2666.4417
 20
1526.4894
 30
0.0
 40
2.109
  1
d
  7
AVAN
 41
1.1213
 11
-2666.4417
 21
1526.4894
 31
0.0
100
AcDbText
  0
TEXT
  5
7A0
330
17
100
AcDbEntity
  8
AVAN-YAZI
100
AcDbText
 10
-2653.4417
 20
1526.4894
 30
0.0
 40
2.109
  1
Kirlenme ( bakım ) faktörü
  7
AVAN
 41
1.0803
 11
-2653.4417
 21
1526.4894
 31
0.0
100
AcDbText
  0
TEXT
  5
7A1
330
17
100
AcDbEntity
  8
AVAN-YAZI
100
AcDbText
 10
-2569.4417
 20
1526.4894
 30
0.0
 40
2.109
  1
=
  7
AVAN
 41
1.4092
 11
-2569.4417
 21
1526.4894
 31
0.0
100
AcDbText
  0
TEXT
  5
7A2
330
17
100
AcDbEntity
  8
AVAN-YAZI
100
AcDbText
 10
-2534.4417
 20
1526.4894
 30
0.0
 40
2.109
  1
—
  7
AVAN
 41
0.9822
 11
-2534.4417
 21
1526.4894
 31
0.0
100
AcDbText
  0
TEXT
  5
7A3
330
17
100
AcDbEntity
  8
AVAN-YAZI
100
AcDbText
 10
-2544.0438
 20
1526.3483
 30
0.0
 40
2.212
  1
1,25
  7
AVAN-KALIN
 41
1.2453
 11
-2544.0438
 21
1526.3483
 31
0.0
100
AcDbText
  0
TEXT
  5
7A4
330
17
100
AcDbEntity
  8
AVAN-YAZI
100
AcDbText
 10
-2666.4417
 20
1519.769
 30
0.0
 40
2.16
  1
T = E · a · b · d / η
  7
AVAN-KALIN
 41
1.2083
 11
-2666.4417
 21
1519.769
 31
0.0
100
AcDbText
  0
TEXT
  5
7A5
330
17
100
AcDbEntity
  8
AVAN-YAZI
100
AcDbText
 10
-2516.4416
 20
1515.3064
 30
0.0
 40
1.775
  1
gerekli toplam ışık
  7
AVAN
 41
0.9738
 11
-2516.4416
 21
1515.3064
 31
0.0
100
AcDbText
  0
TEXT
  5
7A6
330
17
100
AcDbEntity
  8
AVAN-YAZI
100
AcDbText
 10
-2653.4417
 20
1513.7013
 30
0.0
 40
2.109
  1
= 100 · 1,35 · 2,10 · 1,25 / 0,29
  7
AVAN
 41
1.1372
 11
-2653.4417
 21
1513.7013
 31
0.0
100
AcDbText
  0
TEXT
  5
7A7
330
17
100
AcDbEntity
  8
AVAN-YAZI
100
AcDbText
 10
-2534.4417
 20
1513.6483
 30
0.0
 40
2.109
  1
lm
  7
AVAN
 41
1.1655
 11
-2534.4417
 21
1513.6483
 31
0.0
100
AcDbText
  0
TEXT
  5
7A8
330
17
100
AcDbEntity
  8
AVAN-YAZI
100
AcDbText
 10
-2551.5293
 20
1513.5072
 30
0.0
 40
2.212
  1
1.221,98
  7
AVAN-KALIN
 41
1.2453
 11
-2551.5293
 21
1513.5072
 31
0.0
100
AcDbText
  0
TEXT
  5
7A9
330
17
100
AcDbEntity
  8
AVAN-YAZI
100
AcDbText
 10
-2516.4416
 20
1512.1314
 30
0.0
 40
1.775
  1
akısı
  7
AVAN
 41
0.7239
 11
-2516.4416
 21
1512.1314
 31
0.0
100
AcDbText
  0
TEXT
  5
7AA
330
17
100
AcDbEntity
  8
AVAN-YAZI
100
AcDbText
 10
-2516.4416
 20
1506.3106
 30
0.0
 40
1.775
  1
SABİTLER B
  7
AVAN
 41
0.9093
 11
-2516.4416
 21
1506.3106
 31
0.0
100
AcDbText
  0
TEXT
  5
7AB
330
17
100
AcDbEntity
  8
AVAN-YAZI
100
AcDbText
 10
-2666.4417
 20
1506.24
 30
0.0
 40
2.109
  1
ØL
  7
AVAN
 41
0.9897
 11
-2666.4417
 21
1506.24
 31
0.0
100
AcDbText
  0
TEXT
  5
7AC
330
17
100
AcDbEntity
  8
AVAN-YAZI
100
AcDbText
 10
-2653.4417
 20
1506.24
 30
0.0
 40
2.109
  1
Bir armatürün ışık akısı
  7
AVAN
 41
0.9109
 11
-2653.4417
 21
1506.24
 31
0.0
100
AcDbText
  0
TEXT
  5
7AD
330
17
100
AcDbEntity
  8
AVAN-YAZI
100
AcDbText
 10
-2569.4417
 20
1506.24
 30
0.0
 40
2.109
  1
=
  7
AVAN
 41
1.4092
 11
-2569.4417
 21
1506.24
 31
0.0
100
AcDbText
  0
TEXT
  5
7AE
330
17
100
AcDbEntity
  8
AVAN-YAZI
100
AcDbText
 10
-2534.4417
 20
1506.24
 30
0.0
 40
2.109
  1
lm
  7
AVAN
 41
1.1655
 11
-2534.4417
 21
1506.24
 31
0.0
100
AcDbText
  0
TEXT
  5
7AF
330
17
100
AcDbEntity
  8
AVAN-YAZI
100
AcDbText
 10
-2542.8913
 20
1506.0989
 30
0.0
 40
2.212
  1
300
  7
AVAN-KALIN
 41
1.2291
 11
-2542.8913
 21
1506.0989
 31
0.0
100
AcDbText
  0
TEXT
  5
7B0
330
17
100
AcDbEntity
  8
AVAN-YAZI
100
AcDbText
 10
-2666.4417
 20
1499.5196
 30
0.0
 40
2.16
  1
Z = T / ØL
  7
AVAN-KALIN
 41
1.1761
 11
-2666.4417
 21
1499.5196
 31
0.0
100
AcDbText
  0
TEXT
  5
7B1
330
17
100
AcDbEntity
  8
AVAN-YAZI
100
AcDbText
 10
-2516.4416
 20
1495.0569
 30
0.0
 40
1.775
  1
hesaplanan armatür
  7
AVAN
 41
1.1215
 11
-2516.4416
 21
1495.0569
 31
0.0
100
AcDbText
  0
TEXT
  5
7B2
330
17
100
AcDbEntity
  8
AVAN-YAZI
100
AcDbText
 10
-2653.4417
 20
1493.4518
 30
0.0
 40
2.109
  1
= 1.221,98 / 300
  7
AVAN
 41
1.1492
 11
-2653.4417
 21
1493.4518
 31
0.0
100
AcDbText
  0
TEXT
  5
7B3
330
17
100
AcDbEntity
  8
AVAN-YAZI
100
AcDbText
 10
-2534.4417
 20
1493.3989
 30
0.0
 40
2.109
  1
adet
  7
AVAN
 41
1.1381
 11
-2534.4417
 21
1493.3989
 31
0.0
100
AcDbText
  0
TEXT
  5
7B4
330
17
100
AcDbEntity
  8
AVAN-YAZI
100
AcDbText
 10
-2544.0438
 20
1493.2578
 30
0.0
 40
2.212
  1
4,07
  7
AVAN-KALIN
 41
1.2453
 11
-2544.0438
 21
1493.2578
 31
0.0
100
AcDbText
  0
TEXT
  5
7B5
330
17
100
AcDbEntity
  8
AVAN-YAZI
100
AcDbText
 10
-2516.4416
 20
1491.8819
 30
0.0
 40
1.775
  1
sayısı
  7
AVAN
 41
0.7692
 11
-2516.4416
 21
1491.8819
 31
0.0
100
AcDbText
  0
TEXT
  5
7B6
330
17
100
AcDbEntity
  8
AVAN-YAZI
100
AcDbText
 10
-2666.4417
 20
1485.9906
 30
0.0
 40
2.109
  1
n
  7
AVAN
 41
1.1196
 11
-2666.4417
 21
1485.9906
 31
0.0
100
AcDbText
  0
TEXT
  5
7B7
330
17
100
AcDbEntity
  8
AVAN-YAZI
100
AcDbText
 10
-2653.4417
 20
1485.9906
 30
0.0
 40
2.109
  1
SEÇİLEN armatür sayısı ( Z yukarı yuvarlanır )
  7
AVAN
 41
0.9741
 11
-2653.4417
 21
1485.9906
 31
0.0
100
AcDbText
  0
TEXT
  5
7B8
330
17
100
AcDbEntity
  8
AVAN-YAZI
100
AcDbText
 10
-2569.4417
 20
1485.9906
 30
0.0
 40
2.109
  1
=
  7
AVAN
 41
1.4092
 11
-2569.4417
 21
1485.9906
 31
0.0
100
AcDbText
  0
TEXT
  5
7B9
330
17
100
AcDbEntity
  8
AVAN-YAZI
100
AcDbText
 10
-2534.4417
 20
1485.9906
 30
0.0
 40
2.109
  1
adet
  7
AVAN
 41
1.1381
 11
-2534.4417
 21
1485.9906
 31
0.0
100
AcDbText
  0
TEXT
  5
7BA
330
17
100
AcDbEntity
  8
AVAN-YAZI
100
AcDbText
 10
-2538.6693
 20
1485.8494
 30
0.0
 40
2.212
  1
5
  7
AVAN-KALIN
 41
1.2291
 11
-2538.6693
 21
1485.8494
 31
0.0
100
AcDbText
  0
TEXT
  5
7BB
330
17
100
AcDbEntity
  8
AVAN-YAZI
100
AcDbText
 10
-2666.7944
 20
1477.9994
 30
0.0
 40
2.315
  1
SONUÇ
  7
AVAN-KALIN
 41
1.0752
 11
-2666.7944
 21
1477.9994
 31
0.0
100
AcDbText
  0
TEXT
  5
7BC
330
17
100
AcDbEntity
  8
AVAN-YAZI
100
AcDbText
 10
-2614.7944
 20
1477.9994
 30
0.0
 40
2.315
  1
5 adet 5 W armatür kullanılacaktır.
  7
AVAN-KALIN
 41
1.1339
 11
-2614.7944
 21
1477.9994
 31
0.0
100
AcDbText
  0
TEXT
  5
7BD
330
17
100
AcDbEntity
  8
AVAN-YAZI
100
AcDbText
 10
-2504.6576
 20
1467.7263
 30
0.0
 40
1.903
  1
TS EN 81-20
  7
AVAN
 41
1.0479
 11
-2504.6576
 21
1467.7263
 31
0.0
100
AcDbText
  0
TEXT
  5
7BE
330
17
100
AcDbEntity
  8
AVAN-YAZI
100
AcDbText
 10
-2666.4417
 20
1467.6028
 30
0.0
 40
2.443
  1
4 - KUYU AYDINLATMA HESABI
  7
AVAN-KALIN
 41
1.1081
 11
-2666.4417
 21
1467.6028
 31
0.0
100
AcDbText
  0
TEXT
  5
7BF
330
17
100
AcDbEntity
  8
AVAN-YAZI
100
AcDbText
 10
-2516.4416
 20
1461.6409
 30
0.0
 40
1.775
  1
GİRİŞ
  7
AVAN
 41
0.6995
 11
-2516.4416
 21
1461.6409
 31
0.0
100
AcDbText
  0
TEXT
  5
7C0
330
17
100
AcDbEntity
  8
AVAN-YAZI
100
AcDbText
 10
-2666.4417
 20
1461.5703
 30
0.0
 40
2.109
  1
a
  7
AVAN
 41
1.0825
 11
-2666.4417
 21
1461.5703
 31
0.0
100
AcDbText
  0
TEXT
  5
7C1
330
17
100
AcDbEntity
  8
AVAN-YAZI
100
AcDbText
 10
-2653.4417
 20
1461.5703
 30
0.0
 40
2.109
  1
Kuyu yüksekliği ( kuyu boyu )
  7
AVAN
 41
1.1039
 11
-2653.4417
 21
1461.5703
 31
0.0
100
AcDbText
  0
TEXT
  5
7C2
330
17
100
AcDbEntity
  8
AVAN-YAZI
100
AcDbText
 10
-2569.4417
 20
1461.5703
 30
0.0
 40
2.109
  1
=
  7
AVAN
 41
1.4092
 11
-2569.4417
 21
1461.5703
 31
0.0
100
AcDbText
  0
TEXT
  5
7C3
330
17
100
AcDbEntity
  8
AVAN-YAZI
100
AcDbText
 10
-2534.4417
 20
1461.5703
 30
0.0
 40
2.109
  1
m
  7
AVAN
 41
1.1486
 11
-2534.4417
 21
1461.5703
 31
0.0
100
AcDbText
  0
TEXT
  5
7C4
330
17
100
AcDbEntity
  8
AVAN-YAZI
100
AcDbText
 10
-2546.1548
 20
1461.4292
 30
0.0
 40
2.212
  1
32,85
  7
AVAN-KALIN
 41
1.2417
 11
-2546.1548
 21
1461.4292
 31
0.0
100
AcDbText
  0
TEXT
  5
7C5
330
17
100
AcDbEntity
  8
AVAN-YAZI
100
AcDbText
 10
-2516.4416
 20
1455.9964
 30
0.0
 40
1.775
  1
GİRİŞ
  7
AVAN
 41
0.6995
 11
-2516.4416
 21
1455.9964
 31
0.0
100
AcDbText
  0
TEXT
  5
7C6
330
17
100
AcDbEntity
  8
AVAN-YAZI
100
AcDbText
 10
-2666.4417
 20
1455.9259
 30
0.0
 40
2.109
  1
b
  7
AVAN
 41
1.1213
 11
-2666.4417
 21
1455.9259
 31
0.0
100
AcDbText
  0
TEXT
  5
7C7
330
17
100
AcDbEntity
  8
AVAN-YAZI
100
AcDbText
 10
-2653.4417
 20
1455.9259
 30
0.0
 40
2.109
  1
Kuyu genişliği
  7
AVAN
 41
1.0338
 11
-2653.4417
 21
1455.9259
 31
0.0
100
AcDbText
  0
TEXT
  5
7C8
330
17
100
AcDbEntity
  8
AVAN-YAZI
100
AcDbText
 10
-2569.4417
 20
1455.9259
 30
0.0
 40
2.109
  1
=
  7
AVAN
 41
1.4092
 11
-2569.4417
 21
1455.9259
 31
0.0
100
AcDbText
  0
TEXT
  5
7C9
330
17
100
AcDbEntity
  8
AVAN-YAZI
100
AcDbText
 10
-2534.4417
 20
1455.9259
 30
0.0
 40
2.109
  1
m
  7
AVAN
 41
1.1486
 11
-2534.4417
 21
1455.9259
 31
0.0
100
AcDbText
  0
TEXT
  5
7CA
330
17
100
AcDbEntity
  8
AVAN-YAZI
100
AcDbText
 10
-2544.0438
 20
1455.7847
 30
0.0
 40
2.212
  1
2,65
  7
AVAN-KALIN
 41
1.2453
 11
-2544.0438
 21
1455.7847
 31
0.0
100
AcDbText
  0
TEXT
  5
7CB
330
17
100
AcDbEntity
  8
AVAN-YAZI
100
AcDbText
 10
-2516.4416
 20
1450.352
 30
0.0
 40
1.775
  1
SABİTLER A
  7
AVAN
 41
0.909
 11
-2516.4416
 21
1450.352
 31
0.0
100
AcDbText
  0
TEXT
  5
7CC
330
17
100
AcDbEntity
  8
AVAN-YAZI
100
AcDbText
 10
-2666.4417
 20
1450.2814
 30
0.0
 40
2.109
  1
h
  7
AVAN
 41
1.1196
 11
-2666.4417
 21
1450.2814
 31
0.0
100
AcDbText
  0
TEXT
  5
7CD
330
17
100
AcDbEntity
  8
AVAN-YAZI
100
AcDbText
 10
-2653.4417
 20
1450.2814
 30
0.0
 40
2.109
  1
Armatür ile çalışma düzlemi arasındaki yükseklik
  7
AVAN
 41
1.0574
 11
-2653.4417
 21
1450.2814
 31
0.0
100
AcDbText
  0
TEXT
  5
7CE
330
17
100
AcDbEntity
  8
AVAN-YAZI
100
AcDbText
 10
-2569.4417
 20
1450.2814
 30
0.0
 40
2.109
  1
=
  7
AVAN
 41
1.4092
 11
-2569.4417
 21
1450.2814
 31
0.0
100
AcDbText
  0
TEXT
  5
7CF
330
17
100
AcDbEntity
  8
AVAN-YAZI
100
AcDbText
 10
-2534.4417
 20
1450.2814
 30
0.0
 40
2.109
  1
m
  7
AVAN
 41
1.1486
 11
-2534.4417
 21
1450.2814
 31
0.0
100
AcDbText
  0
TEXT
  5
7D0
330
17
100
AcDbEntity
  8
AVAN-YAZI
100
AcDbText
 10
-2538.6693
 20
1450.1403
 30
0.0
 40
2.212
  1
1
  7
AVAN-KALIN
 41
1.2291
 11
-2538.6693
 21
1450.1403
 31
0.0
100
AcDbText
  0
TEXT
  5
7D1
330
17
100
AcDbEntity
  8
AVAN-YAZI
100
AcDbText
 10
-2666.4417
 20
1443.561
 30
0.0
 40
2.16
  1
k = a · b / ( h · ( a + b ) )
  7
AVAN-KALIN
 41
1.2508
 11
-2666.4417
 21
1443.561
 31
0.0
100
AcDbText
  0
TEXT
  5
7D2
330
17
100
AcDbEntity
  8
AVAN-YAZI
100
AcDbText
 10
-2516.4416
 20
1438.5692
 30
0.0
 40
1.775
  1
bölge indeksi
  7
AVAN
 41
1.1161
 11
-2516.4416
 21
1438.5692
 31
0.0
100
AcDbText
  0
TEXT
  5
7D3
330
17
100
AcDbEntity
  8
AVAN-YAZI
100
AcDbText
 10
-2653.4417
 20
1438.5515
 30
0.0
 40
2.109
  1
= 32,85 · 2,65 / ( 1,00 · ( 32,85 + 2,65 ) )
  7
AVAN
 41
1.1454
 11
-2653.4417
 21
1438.5515
 31
0.0
100
AcDbText
  0
TEXT
  5
7D4
330
17
100
AcDbEntity
  8
AVAN-YAZI
100
AcDbText
 10
-2534.4417
 20
1438.4986
 30
0.0
 40
2.109
  1
—
  7
AVAN
 41
0.9822
 11
-2534.4417
 21
1438.4986
 31
0.0
100
AcDbText
  0
TEXT
  5
7D5
330
17
100
AcDbEntity
  8
AVAN-YAZI
100
AcDbText
 10
-2548.2658
 20
1438.3575
 30
0.0
 40
2.212
  1
2,4522
  7
AVAN-KALIN
 41
1.2394
 11
-2548.2658
 21
1438.3575
 31
0.0
100
AcDbText
  0
TEXT
  5
7D6
330
17
100
AcDbEntity
  8
AVAN-YAZI
100
AcDbText
 10
-2516.4416
 20
1432.2192
 30
0.0
 40
1.775
  1
TABLOLAR T2
  7
AVAN
 41
1.0053
 11
-2516.4416
 21
1432.2192
 31
0.0
100
AcDbText
  0
TEXT
  5
7D7
330
17
100
AcDbEntity
  8
AVAN-YAZI
100
AcDbText
 10
-2666.4417
 20
1432.1486
 30
0.0
 40
2.109
  1
η
  7
AVAN
 41
1.0323
 11
-2666.4417
 21
1432.1486
 31
0.0
100
AcDbText
  0
TEXT
  5
7D8
330
17
100
AcDbEntity
  8
AVAN-YAZI
100
AcDbText
 10
-2653.4417
 20
1432.1486
 30
0.0
 40
2.109
  1
Oda aydınlatma verimi
  7
AVAN
 41
1.0714
 11
-2653.4417
 21
1432.1486
 31
0.0
100
AcDbText
  0
TEXT
  5
7D9
330
17
100
AcDbEntity
  8
AVAN-YAZI
100
AcDbText
 10
-2569.4417
 20
1432.1486
 30
0.0
 40
2.109
  1
=
  7
AVAN
 41
1.4092
 11
-2569.4417
 21
1432.1486
 31
0.0
100
AcDbText
  0
TEXT
  5
7DA
330
17
100
AcDbEntity
  8
AVAN-YAZI
100
AcDbText
 10
-2534.4417
 20
1432.1486
 30
0.0
 40
2.109
  1
—
  7
AVAN
 41
0.9822
 11
-2534.4417
 21
1432.1486
 31
0.0
100
AcDbText
  0
TEXT
  5
7DB
330
17
100
AcDbEntity
  8
AVAN-YAZI
100
AcDbText
 10
-2544.0438
 20
1432.0075
 30
0.0
 40
2.212
  1
0,46
  7
AVAN-KALIN
 41
1.2453
 11
-2544.0438
 21
1432.0075
 31
0.0
100
AcDbText
  0
TEXT
  5
7DC
330
17
100
AcDbEntity
  8
AVAN-YAZI
100
AcDbText
 10
-2516.4416
 20
1426.5747
 30
0.0
 40
1.775
  1
SABİTLER A
  7
AVAN
 41
0.909
 11
-2516.4416
 21
1426.5747
 31
0.0
100
AcDbText
  0
TEXT
  5
7DD
330
17
100
AcDbEntity
  8
AVAN-YAZI
100
AcDbText
 10
-2666.4417
 20
1426.5042
 30
0.0
 40
2.109
  1
E
  7
AVAN
 41
0.9304
 11
-2666.4417
 21
1426.5042
 31
0.0
100
AcDbText
  0
TEXT
  5
7DE
330
17
100
AcDbEntity
  8
AVAN-YAZI
100
AcDbText
 10
-2653.4417
 20
1426.5042
 30
0.0
 40
2.109
  1
Asgari aydınlatma şiddeti
  7
AVAN
 41
1.0511
 11
-2653.4417
 21
1426.5042
 31
0.0
100
AcDbText
  0
TEXT
  5
7DF
330
17
100
AcDbEntity
  8
AVAN-YAZI
100
AcDbText
 10
-2569.4417
 20
1426.5042
 30
0.0
 40
2.109
  1
=
  7
AVAN
 41
1.4092
 11
-2569.4417
 21
1426.5042
 31
0.0
100
AcDbText
  0
TEXT
  5
7E0
330
17
100
AcDbEntity
  8
AVAN-YAZI
100
AcDbText
 10
-2534.4417
 20
1426.5042
 30
0.0
 40
2.109
  1
lüx
  7
AVAN
 41
1.1554
 11
-2534.4417
 21
1426.5042
 31
0.0
100
AcDbText
  0
TEXT
  5
7E1
330
17
100
AcDbEntity
  8
AVAN-YAZI
100
AcDbText
 10
-2540.7803
 20
1426.3631
 30
0.0
 40
2.212
  1
50
  7
AVAN-KALIN
 41
1.2291
 11
-2540.7803
 21
1426.3631
 31
0.0
100
AcDbText
  0
TEXT
  5
7E2
330
17
100
AcDbEntity
  8
AVAN-YAZI
100
AcDbText
 10
-2516.4416
 20
1420.9303
 30
0.0
 40
1.775
  1
SABİTLER A
  7
AVAN
 41
0.909
 11
-2516.4416
 21
1420.9303
 31
0.0
100
AcDbText
  0
TEXT
  5
7E3
330
17
100
AcDbEntity
  8
AVAN-YAZI
100
AcDbText
 10
-2666.4417
 20
1420.8597
 30
0.0
 40
2.109
  1
d
  7
AVAN
 41
1.1213
 11
-2666.4417
 21
1420.8597
 31
0.0
100
AcDbText
  0
TEXT
  5
7E4
330
17
100
AcDbEntity
  8
AVAN-YAZI
100
AcDbText
 10
-2653.4417
 20
1420.8597
 30
0.0
 40
2.109
  1
Kirlenme ( bakım ) faktörü
  7
AVAN
 41
1.0803
 11
-2653.4417
 21
1420.8597
 31
0.0
100
AcDbText
  0
TEXT
  5
7E5
330
17
100
AcDbEntity
  8
AVAN-YAZI
100
AcDbText
 10
-2569.4417
 20
1420.8597
 30
0.0
 40
2.109
  1
=
  7
AVAN
 41
1.4092
 11
-2569.4417
 21
1420.8597
 31
0.0
100
AcDbText
  0
TEXT
  5
7E6
330
17
100
AcDbEntity
  8
AVAN-YAZI
100
AcDbText
 10
-2534.4417
 20
1420.8597
 30
0.0
 40
2.109
  1
—
  7
AVAN
 41
0.9822
 11
-2534.4417
 21
1420.8597
 31
0.0
100
AcDbText
  0
TEXT
  5
7E7
330
17
100
AcDbEntity
  8
AVAN-YAZI
100
AcDbText
 10
-2544.0438
 20
1420.7186
 30
0.0
 40
2.212
  1
1,25
  7
AVAN-KALIN
 41
1.2453
 11
-2544.0438
 21
1420.7186
 31
0.0
100
AcDbText
  0
TEXT
  5
7E8
330
17
100
AcDbEntity
  8
AVAN-YAZI
100
AcDbText
 10
-2666.4417
 20
1414.1393
 30
0.0
 40
2.16
  1
T = E · a · b · d / η
  7
AVAN-KALIN
 41
1.2083
 11
-2666.4417
 21
1414.1393
 31
0.0
100
AcDbText
  0
TEXT
  5
7E9
330
17
100
AcDbEntity
  8
AVAN-YAZI
100
AcDbText
 10
-2516.4416
 20
1409.6767
 30
0.0
 40
1.775
  1
gerekli toplam ışık
  7
AVAN
 41
0.9738
 11
-2516.4416
 21
1409.6767
 31
0.0
100
AcDbText
  0
TEXT
  5
7EA
330
17
100
AcDbEntity
  8
AVAN-YAZI
100
AcDbText
 10
-2653.4417
 20
1408.0715
 30
0.0
 40
2.109
  1
= 50 · 32,85 · 2,65 · 1,25 / 0,46
  7
AVAN
 41
1.1372
 11
-2653.4417
 21
1408.0715
 31
0.0
100
AcDbText
  0
TEXT
  5
7EB
330
17
100
AcDbEntity
  8
AVAN-YAZI
100
AcDbText
 10
-2534.4417
 20
1408.0186
 30
0.0
 40
2.109
  1
lm
  7
AVAN
 41
1.1655
 11
-2534.4417
 21
1408.0186
 31
0.0
100
AcDbText
  0
TEXT
  5
7EC
330
17
100
AcDbEntity
  8
AVAN-YAZI
100
AcDbText
 10
-2553.6402
 20
1407.8775
 30
0.0
 40
2.212
  1
11.827,79
  7
AVAN-KALIN
 41
1.2432
 11
-2553.6402
 21
1407.8775
 31
0.0
100
AcDbText
  0
TEXT
  5
7ED
330
17
100
AcDbEntity
  8
AVAN-YAZI
100
AcDbText
 10
-2516.4416
 20
1406.5017
 30
0.0
 40
1.775
  1
akısı
  7
AVAN
 41
0.7239
 11
-2516.4416
 21
1406.5017
 31
0.0
100
AcDbText
  0
TEXT
  5
7EE
330
17
100
AcDbEntity
  8
AVAN-YAZI
100
AcDbText
 10
-2516.4416
 20
1400.6809
 30
0.0
 40
1.775
  1
SABİTLER B
  7
AVAN
 41
0.9093
 11
-2516.4416
 21
1400.6809
 31
0.0
100
AcDbText
  0
TEXT
  5
7EF
330
17
100
AcDbEntity
  8
AVAN-YAZI
100
AcDbText
 10
-2666.4417
 20
1400.6103
 30
0.0
 40
2.109
  1
ØL
  7
AVAN
 41
0.9897
 11
-2666.4417
 21
1400.6103
 31
0.0
100
AcDbText
  0
TEXT
  5
7F0
330
17
100
AcDbEntity
  8
AVAN-YAZI
100
AcDbText
 10
-2653.4417
 20
1400.6103
 30
0.0
 40
2.109
  1
Bir armatürün ışık akısı
  7
AVAN
 41
0.9109
 11
-2653.4417
 21
1400.6103
 31
0.0
100
AcDbText
  0
TEXT
  5
7F1
330
17
100
AcDbEntity
  8
AVAN-YAZI
100
AcDbText
 10
-2569.4417
 20
1400.6103
 30
0.0
 40
2.109
  1
=
  7
AVAN
 41
1.4092
 11
-2569.4417
 21
1400.6103
 31
0.0
100
AcDbText
  0
TEXT
  5
7F2
330
17
100
AcDbEntity
  8
AVAN-YAZI
100
AcDbText
 10
-2534.4417
 20
1400.6103
 30
0.0
 40
2.109
  1
lm
  7
AVAN
 41
1.1655
 11
-2534.4417
 21
1400.6103
 31
0.0
100
AcDbText
  0
TEXT
  5
7F3
330
17
100
AcDbEntity
  8
AVAN-YAZI
100
AcDbText
 10
-2546.1548
 20
1400.4692
 30
0.0
 40
2.212
  1
2.600
  7
AVAN-KALIN
 41
1.2417
 11
-2546.1548
 21
1400.4692
 31
0.0
100
AcDbText
  0
TEXT
  5
7F4
330
17
100
AcDbEntity
  8
AVAN-YAZI
100
AcDbText
 10
-2666.4417
 20
1393.8899
 30
0.0
 40
2.16
  1
Z = T / ØL
  7
AVAN-KALIN
 41
1.1761
 11
-2666.4417
 21
1393.8899
 31
0.0
100
AcDbText
  0
TEXT
  5
7F5
330
17
100
AcDbEntity
  8
AVAN-YAZI
100
AcDbText
 10
-2516.4416
 20
1389.4272
 30
0.0
 40
1.775
  1
hesaplanan armatür
  7
AVAN
 41
1.1215
 11
-2516.4416
 21
1389.4272
 31
0.0
100
AcDbText
  0
TEXT
  5
7F6
330
17
100
AcDbEntity
  8
AVAN-YAZI
100
AcDbText
 10
-2653.4417
 20
1387.8221
 30
0.0
 40
2.109
  1
= 11.827,79 / 2.600
  7
AVAN
 41
1.1451
 11
-2653.4417
 21
1387.8221
 31
0.0
100
AcDbText
  0
TEXT
  5
7F7
330
17
100
AcDbEntity
  8
AVAN-YAZI
100
AcDbText
 10
-2534.4417
 20
1387.7692
 30
0.0
 40
2.109
  1
adet
  7
AVAN
 41
1.1381
 11
-2534.4417
 21
1387.7692
 31
0.0
100
AcDbText
  0
TEXT
  5
7F8
330
17
100
AcDbEntity
  8
AVAN-YAZI
100
AcDbText
 10
-2544.0438
 20
1387.6281
 30
0.0
 40
2.212
  1
4,55
  7
AVAN-KALIN
 41
1.2453
 11
-2544.0438
 21
1387.6281
 31
0.0
100
AcDbText
  0
TEXT
  5
7F9
330
17
100
AcDbEntity
  8
AVAN-YAZI
100
AcDbText
 10
-2516.4416
 20
1386.2522
 30
0.0
 40
1.775
  1
sayısı
  7
AVAN
 41
0.7692
 11
-2516.4416
 21
1386.2522
 31
0.0
100
AcDbText
  0
TEXT
  5
7FA
330
17
100
AcDbEntity
  8
AVAN-YAZI
100
AcDbText
 10
-2516.4416
 20
1380.4314
 30
0.0
 40
1.775
  1
SABİTLER A
  7
AVAN
 41
0.909
 11
-2516.4416
 21
1380.4314
 31
0.0
100
AcDbText
  0
TEXT
  5
7FB
330
17
100
AcDbEntity
  8
AVAN-YAZI
100
AcDbText
 10
-2666.4417
 20
1380.3609
 30
0.0
 40
2.109
  1
n1
  7
AVAN
 41
1.1217
 11
-2666.4417
 21
1380.3609
 31
0.0
100
AcDbText
  0
TEXT
  5
7FC
330
17
100
AcDbEntity
  8
AVAN-YAZI
100
AcDbText
 10
-2653.4417
 20
1380.3609
 30
0.0
 40
2.109
  1
Işık akısından = ROUNDUP( Z ) + 2 ( kuyu dibi + üstü )
  7
AVAN
 41
1.0355
 11
-2653.4417
 21
1380.3609
 31
0.0
100
AcDbText
  0
TEXT
  5
7FD
330
17
100
AcDbEntity
  8
AVAN-YAZI
100
AcDbText
 10
-2569.4417
 20
1380.3609
 30
0.0
 40
2.109
  1
=
  7
AVAN
 41
1.4092
 11
-2569.4417
 21
1380.3609
 31
0.0
100
AcDbText
  0
TEXT
  5
7FE
330
17
100
AcDbEntity
  8
AVAN-YAZI
100
AcDbText
 10
-2534.4417
 20
1380.3609
 30
0.0
 40
2.109
  1
adet
  7
AVAN
 41
1.1381
 11
-2534.4417
 21
1380.3609
 31
0.0
100
AcDbText
  0
TEXT
  5
7FF
330
17
100
AcDbEntity
  8
AVAN-YAZI
100
AcDbText
 10
-2538.6693
 20
1380.2197
 30
0.0
 40
2.212
  1
7
  7
AVAN-KALIN
 41
1.2291
 11
-2538.6693
 21
1380.2197
 31
0.0
100
AcDbText
  0
TEXT
  5
800
330
17
100
AcDbEntity
  8
AVAN-YAZI
100
AcDbText
 10
-2516.4416
 20
1374.787
 30
0.0
 40
1.775
  1
SABİTLER B
  7
AVAN
 41
0.9093
 11
-2516.4416
 21
1374.787
 31
0.0
100
AcDbText
  0
TEXT
  5
801
330
17
100
AcDbEntity
  8
AVAN-YAZI
100
AcDbText
 10
-2666.4417
 20
1374.7164
 30
0.0
 40
2.109
  1
Dmax
  7
AVAN
 41
1.1092
 11
-2666.4417
 21
1374.7164
 31
0.0
100
AcDbText
  0
TEXT
  5
802
330
17
100
AcDbEntity
  8
AVAN-YAZI
100
AcDbText
 10
-2653.4417
 20
1374.7164
 30
0.0
 40
2.109
  1
Armatürler arası azami aralık
  7
AVAN
 41
1.038
 11
-2653.4417
 21
1374.7164
 31
0.0
100
AcDbText
  0
TEXT
  5
803
330
17
100
AcDbEntity
  8
AVAN-YAZI
100
AcDbText
 10
-2569.4417
 20
1374.7164
 30
0.0
 40
2.109
  1
=
  7
AVAN
 41
1.4092
 11
-2569.4417
 21
1374.7164
 31
0.0
100
AcDbText
  0
TEXT
  5
804
330
17
100
AcDbEntity
  8
AVAN-YAZI
100
AcDbText
 10
-2534.4417
 20
1374.7164
 30
0.0
 40
2.109
  1
m
  7
AVAN
 41
1.1486
 11
-2534.4417
 21
1374.7164
 31
0.0
100
AcDbText
  0
TEXT
  5
805
330
17
100
AcDbEntity
  8
AVAN-YAZI
100
AcDbText
 10
-2538.6693
 20
1374.5753
 30
0.0
 40
2.212
  1
7
  7
AVAN-KALIN
 41
1.2291
 11
-2538.6693
 21
1374.5753
 31
0.0
100
AcDbText
  0
TEXT
  5
806
330
17
100
AcDbEntity
  8
AVAN-YAZI
100
AcDbText
 10
-2666.4417
 20
1367.996
 30
0.0
 40
2.16
  1
n2 = ROUNDUP( ( Hk − 1 ) / Dmax ) + 1
  7
AVAN-KALIN
 41
1.2018
 11
-2666.4417
 21
1367.996
 31
0.0
100
AcDbText
  0
TEXT
  5
807
330
17
100
AcDbEntity
  8
AVAN-YAZI
100
AcDbText
 10
-2516.4416
 20
1363.0042
 30
0.0
 40
1.775
  1
geometrik asgari adet
  7
AVAN
 41
1.131
 11
-2516.4416
 21
1363.0042
 31
0.0
100
AcDbText
  0
TEXT
  5
808
330
17
100
AcDbEntity
  8
AVAN-YAZI
100
AcDbText
 10
-2653.4417
 20
1362.9865
 30
0.0
 40
2.109
  1
= ROUNDUP( ( 32,85 − 1 ) / 7,00 ) + 1
  7
AVAN
 41
1.1172
 11
-2653.4417
 21
1362.9865
 31
0.0
100
AcDbText
  0
TEXT
  5
809
330
17
100
AcDbEntity
  8
AVAN-YAZI
100
AcDbText
 10
-2534.4417
 20
1362.9336
 30
0.0
 40
2.109
  1
adet
  7
AVAN
 41
1.1381
 11
-2534.4417
 21
1362.9336
 31
0.0
100
AcDbText
  0
TEXT
  5
80A
330
17
100
AcDbEntity
  8
AVAN-YAZI
100
AcDbText
 10
-2538.6693
 20
1362.7925
 30
0.0
 40
2.212
  1
6
  7
AVAN-KALIN
 41
1.2291
 11
-2538.6693
 21
1362.7925
 31
0.0
100
AcDbText
  0
TEXT
  5
80B
330
17
100
AcDbEntity
  8
AVAN-YAZI
100
AcDbText
 10
-2666.4417
 20
1356.5836
 30
0.0
 40
2.109
  1
n
  7
AVAN
 41
1.1196
 11
-2666.4417
 21
1356.5836
 31
0.0
100
AcDbText
  0
TEXT
  5
80C
330
17
100
AcDbEntity
  8
AVAN-YAZI
100
AcDbText
 10
-2653.4417
 20
1356.5836
 30
0.0
 40
2.109
  1
SEÇİLEN armatür sayısı = MAX ( n1 ; n2 )
  7
AVAN
 41
1.003
 11
-2653.4417
 21
1356.5836
 31
0.0
100
AcDbText
  0
TEXT
  5
80D
330
17
100
AcDbEntity
  8
AVAN-YAZI
100
AcDbText
 10
-2569.4417
 20
1356.5836
 30
0.0
 40
2.109
  1
=
  7
AVAN
 41
1.4092
 11
-2569.4417
 21
1356.5836
 31
0.0
100
AcDbText
  0
TEXT
  5
80E
330
17
100
AcDbEntity
  8
AVAN-YAZI
100
AcDbText
 10
-2534.4417
 20
1356.5836
 30
0.0
 40
2.109
  1
adet
  7
AVAN
 41
1.1381
 11
-2534.4417
 21
1356.5836
 31
0.0
100
AcDbText
  0
TEXT
  5
80F
330
17
100
AcDbEntity
  8
AVAN-YAZI
100
AcDbText
 10
-2538.6693
 20
1356.4425
 30
0.0
 40
2.212
  1
7
  7
AVAN-KALIN
 41
1.2291
 11
-2538.6693
 21
1356.4425
 31
0.0
100
AcDbText
  0
TEXT
  5
810
330
17
100
AcDbEntity
  8
AVAN-YAZI
100
AcDbText
 10
-2666.7944
 20
1348.5925
 30
0.0
 40
2.315
  1
SONUÇ
  7
AVAN-KALIN
 41
1.0752
 11
-2666.7944
 21
1348.5925
 31
0.0
100
AcDbText
  0
TEXT
  5
811
330
17
100
AcDbEntity
  8
AVAN-YAZI
100
AcDbText
 10
-2614.7944
 20
1348.5925
 30
0.0
 40
2.315
  1
7 adet 40 W armatür kullanılacaktır.
  7
AVAN-KALIN
 41
1.1369
 11
-2614.7944
 21
1348.5925
 31
0.0
100
AcDbText
  0
TEXT
  5
812
330
17
100
AcDbEntity
  8
AVAN-YAZI
100
AcDbText
 10
-2495.9854
 20
1325.3
 30
0.0
 40
1.646
  1
Sayfa 6
  7
AVAN
 41
1.0886
 11
-2495.9854
 21
1325.3
 31
0.0
100
AcDbText
  0
LWPOLYLINE
  5
813
330
17
100
AcDbEntity
  8
AVAN-A4
100
AcDbPolyline
 90
4
 70
1
 10
-2462.5
 20
1310.9
 10
-2252.4999966666664
 20
1310.9
 10
-2252.4999966666664
 20
1607.9000127777779
 10
-2462.5
 20
1607.9000127777779
  0
LINE
  5
814
330
17
100
AcDbEntity
  8
AVAN-CIZGI
100
AcDbLine
 10
-2450.5
 20
1322.9
 30
0.0
 11
-2264.5
 21
1322.9
 31
0.0
  0
LINE
  5
815
330
17
100
AcDbEntity
  8
AVAN-CIZGI
100
AcDbLine
 10
-2264.5
 20
1322.9
 30
0.0
 11
-2264.5
 21
1595.9
 31
0.0
  0
LINE
  5
816
330
17
100
AcDbEntity
  8
AVAN-CIZGI
100
AcDbLine
 10
-2264.5
 20
1595.9
 30
0.0
 11
-2450.5
 21
1595.9
 31
0.0
  0
LINE
  5
817
330
17
100
AcDbEntity
  8
AVAN-CIZGI
100
AcDbLine
 10
-2450.5
 20
1595.9
 30
0.0
 11
-2450.5
 21
1322.9
 31
0.0
  0
LINE
  5
818
330
17
100
AcDbEntity
  8
AVAN-CIZGI
100
AcDbLine
 10
-2450.5
 20
1584.5
 30
0.0
 11
-2264.5
 21
1584.5
 31
0.0
  0
LINE
  5
819
330
17
100
AcDbEntity
  8
AVAN-CIZGI
100
AcDbLine
 10
-2450.5
 20
1329.9
 30
0.0
 11
-2264.5
 21
1329.9
 31
0.0
  0
LINE
  5
81A
330
17
100
AcDbEntity
  8
AVAN-CIZGI
100
AcDbLine
 10
-2447.5
 20
1577.7833
 30
0.0
 11
-2267.5
 21
1577.7833
 31
0.0
  0
LINE
  5
81B
330
17
100
AcDbEntity
  8
AVAN-CIZGI
100
AcDbLine
 10
-2447.5
 20
1570.9394
 30
0.0
 11
-2267.5
 21
1570.9394
 31
0.0
  0
LINE
  5
81C
330
17
100
AcDbEntity
  8
AVAN-CIZGI
100
AcDbLine
 10
-2447.5
 20
1570.9394
 30
0.0
 11
-2447.5
 21
1577.7833
 31
0.0
  0
LINE
  5
81D
330
17
100
AcDbEntity
  8
AVAN-CIZGI
100
AcDbLine
 10
-2267.5
 20
1570.9394
 30
0.0
 11
-2267.5
 21
1577.7833
 31
0.0
  0
LINE
  5
81E
330
17
100
AcDbEntity
  8
AVAN-CIZGI
100
AcDbLine
 10
-2447.5
 20
1577.7833
 30
0.0
 11
-2267.5
 21
1577.7833
 31
0.0
  0
LINE
  5
81F
330
17
100
AcDbEntity
  8
AVAN-CIZGI
100
AcDbLine
 10
-2447.5
 20
1570.9394
 30
0.0
 11
-2267.5
 21
1570.9394
 31
0.0
  0
LINE
  5
820
330
17
100
AcDbEntity
  8
AVAN-CIZGI
100
AcDbLine
 10
-2447.5
 20
1534.2506
 30
0.0
 11
-2267.5
 21
1534.2506
 31
0.0
  0
LINE
  5
821
330
17
100
AcDbEntity
  8
AVAN-CIZGI
100
AcDbLine
 10
-2447.5
 20
1534.2506
 30
0.0
 11
-2447.5
 21
1570.9394
 31
0.0
  0
LINE
  5
822
330
17
100
AcDbEntity
  8
AVAN-CIZGI
100
AcDbLine
 10
-2267.5
 20
1534.2506
 30
0.0
 11
-2267.5
 21
1570.9394
 31
0.0
  0
LINE
  5
823
330
17
100
AcDbEntity
  8
AVAN-CIZGI
100
AcDbLine
 10
-2447.5
 20
1564.8717
 30
0.0
 11
-2267.5
 21
1564.8717
 31
0.0
  0
LINE
  5
824
330
17
100
AcDbEntity
  8
AVAN-CIZGI
100
AcDbLine
 10
-2447.5
 20
1558.8039
 30
0.0
 11
-2267.5
 21
1558.8039
 31
0.0
  0
LINE
  5
825
330
17
100
AcDbEntity
  8
AVAN-CIZGI
100
AcDbLine
 10
-2447.5
 20
1552.7361
 30
0.0
 11
-2267.5
 21
1552.7361
 31
0.0
  0
LINE
  5
826
330
17
100
AcDbEntity
  8
AVAN-CIZGI
100
AcDbLine
 10
-2447.5
 20
1546.6683
 30
0.0
 11
-2267.5
 21
1546.6683
 31
0.0
  0
LINE
  5
827
330
17
100
AcDbEntity
  8
AVAN-CIZGI
100
AcDbLine
 10
-2447.5
 20
1540.6006
 30
0.0
 11
-2267.5
 21
1540.6006
 31
0.0
  0
LINE
  5
828
330
17
100
AcDbEntity
  8
AVAN-CIZGI
100
AcDbLine
 10
-2434.5
 20
1534.2506
 30
0.0
 11
-2434.5
 21
1570.9394
 31
0.0
  0
LINE
  5
829
330
17
100
AcDbEntity
  8
AVAN-CIZGI
100
AcDbLine
 10
-2350.5
 20
1534.2506
 30
0.0
 11
-2350.5
 21
1570.9394
 31
0.0
  0
LINE
  5
82A
330
17
100
AcDbEntity
  8
AVAN-CIZGI
100
AcDbLine
 10
-2345.5
 20
1534.2506
 30
0.0
 11
-2345.5
 21
1570.9394
 31
0.0
  0
LINE
  5
82B
330
17
100
AcDbEntity
  8
AVAN-CIZGI
100
AcDbLine
 10
-2315.5
 20
1534.2506
 30
0.0
 11
-2315.5
 21
1570.9394
 31
0.0
  0
LINE
  5
82C
330
17
100
AcDbEntity
  8
AVAN-CIZGI
100
AcDbLine
 10
-2297.5
 20
1534.2506
 30
0.0
 11
-2297.5
 21
1570.9394
 31
0.0
  0
LINE
  5
82D
330
17
100
AcDbEntity
  8
AVAN-CIZGI
100
AcDbLine
 10
-2447.5
 20
1532.7505
 30
0.0
 11
-2267.5
 21
1532.7505
 31
0.0
  0
LINE
  5
82E
330
17
100
AcDbEntity
  8
AVAN-CIZGI
100
AcDbLine
 10
-2447.5
 20
1521.1089
 30
0.0
 11
-2267.5
 21
1521.1089
 31
0.0
  0
LINE
  5
82F
330
17
100
AcDbEntity
  8
AVAN-CIZGI
100
AcDbLine
 10
-2447.5
 20
1506.5489
 30
0.0
 11
-2267.5
 21
1506.5489
 31
0.0
  0
LINE
  5
830
330
17
100
AcDbEntity
  8
AVAN-CIZGI
100
AcDbLine
 10
-2447.5
 20
1499.705
 30
0.0
 11
-2267.5
 21
1499.705
 31
0.0
  0
LINE
  5
831
330
17
100
AcDbEntity
  8
AVAN-CIZGI
100
AcDbLine
 10
-2447.5
 20
1499.705
 30
0.0
 11
-2447.5
 21
1506.5489
 31
0.0
  0
LINE
  5
832
330
17
100
AcDbEntity
  8
AVAN-CIZGI
100
AcDbLine
 10
-2267.5
 20
1499.705
 30
0.0
 11
-2267.5
 21
1506.5489
 31
0.0
  0
LINE
  5
833
330
17
100
AcDbEntity
  8
AVAN-CIZGI
100
AcDbLine
 10
-2447.5
 20
1506.5489
 30
0.0
 11
-2267.5
 21
1506.5489
 31
0.0
  0
LINE
  5
834
330
17
100
AcDbEntity
  8
AVAN-CIZGI
100
AcDbLine
 10
-2447.5
 20
1499.705
 30
0.0
 11
-2267.5
 21
1499.705
 31
0.0
  0
LINE
  5
835
330
17
100
AcDbEntity
  8
AVAN-CIZGI
100
AcDbLine
 10
-2447.5
 20
1494.0606
 30
0.0
 11
-2267.5
 21
1494.0606
 31
0.0
  0
LINE
  5
836
330
17
100
AcDbEntity
  8
AVAN-CIZGI
100
AcDbLine
 10
-2447.5
 20
1494.0606
 30
0.0
 11
-2447.5
 21
1499.705
 31
0.0
  0
LINE
  5
837
330
17
100
AcDbEntity
  8
AVAN-CIZGI
100
AcDbLine
 10
-2267.5
 20
1494.0606
 30
0.0
 11
-2267.5
 21
1499.705
 31
0.0
  0
LINE
  5
838
330
17
100
AcDbEntity
  8
AVAN-CIZGI
100
AcDbLine
 10
-2345.5
 20
1494.0606
 30
0.0
 11
-2345.5
 21
1499.705
 31
0.0
  0
LINE
  5
839
330
17
100
AcDbEntity
  8
AVAN-CIZGI
100
AcDbLine
 10
-2297.5
 20
1494.0606
 30
0.0
 11
-2297.5
 21
1499.705
 31
0.0
  0
LINE
  5
83A
330
17
100
AcDbEntity
  8
AVAN-CIZGI
100
AcDbLine
 10
-2447.5
 20
1494.0606
 30
0.0
 11
-2267.5
 21
1494.0606
 31
0.0
  0
LINE
  5
83B
330
17
100
AcDbEntity
  8
AVAN-CIZGI
100
AcDbLine
 10
-2447.5
 20
1494.0606
 30
0.0
 11
-2267.5
 21
1494.0606
 31
0.0
  0
LINE
  5
83C
330
17
100
AcDbEntity
  8
AVAN-CIZGI
100
AcDbLine
 10
-2447.5
 20
1386.1106
 30
0.0
 11
-2267.5
 21
1386.1106
 31
0.0
  0
LINE
  5
83D
330
17
100
AcDbEntity
  8
AVAN-CIZGI
100
AcDbLine
 10
-2447.5
 20
1386.1106
 30
0.0
 11
-2447.5
 21
1494.0606
 31
0.0
  0
LINE
  5
83E
330
17
100
AcDbEntity
  8
AVAN-CIZGI
100
AcDbLine
 10
-2267.5
 20
1386.1106
 30
0.0
 11
-2267.5
 21
1494.0606
 31
0.0
  0
LINE
  5
83F
330
17
100
AcDbEntity
  8
AVAN-CIZGI
100
AcDbLine
 10
-2345.5
 20
1386.1106
 30
0.0
 11
-2345.5
 21
1494.0606
 31
0.0
  0
LINE
  5
840
330
17
100
AcDbEntity
  8
AVAN-CIZGI
100
AcDbLine
 10
-2297.5
 20
1386.1106
 30
0.0
 11
-2297.5
 21
1494.0606
 31
0.0
  0
LINE
  5
841
330
17
100
AcDbEntity
  8
AVAN-CIZGI
100
AcDbLine
 10
-2447.5
 20
1488.4161
 30
0.0
 11
-2267.5
 21
1488.4161
 31
0.0
  0
LINE
  5
842
330
17
100
AcDbEntity
  8
AVAN-CIZGI
100
AcDbLine
 10
-2447.5
 20
1482.7717
 30
0.0
 11
-2267.5
 21
1482.7717
 31
0.0
  0
LINE
  5
843
330
17
100
AcDbEntity
  8
AVAN-CIZGI
100
AcDbLine
 10
-2447.5
 20
1477.1272
 30
0.0
 11
-2267.5
 21
1477.1272
 31
0.0
  0
LINE
  5
844
330
17
100
AcDbEntity
  8
AVAN-CIZGI
100
AcDbLine
 10
-2447.5
 20
1471.4828
 30
0.0
 11
-2267.5
 21
1471.4828
 31
0.0
  0
LINE
  5
845
330
17
100
AcDbEntity
  8
AVAN-CIZGI
100
AcDbLine
 10
-2447.5
 20
1463.4395
 30
0.0
 11
-2267.5
 21
1463.4395
 31
0.0
  0
LINE
  5
846
330
17
100
AcDbEntity
  8
AVAN-CIZGI
100
AcDbLine
 10
-2447.5
 20
1450.9511
 30
0.0
 11
-2267.5
 21
1450.9511
 31
0.0
  0
LINE
  5
847
330
17
100
AcDbEntity
  8
AVAN-CIZGI
100
AcDbLine
 10
-2447.5
 20
1445.3067
 30
0.0
 11
-2267.5
 21
1445.3067
 31
0.0
  0
LINE
  5
848
330
17
100
AcDbEntity
  8
AVAN-CIZGI
100
AcDbLine
 10
-2447.5
 20
1437.2633
 30
0.0
 11
-2267.5
 21
1437.2633
 31
0.0
  0
LINE
  5
849
330
17
100
AcDbEntity
  8
AVAN-CIZGI
100
AcDbLine
 10
-2447.5
 20
1429.22
 30
0.0
 11
-2267.5
 21
1429.22
 31
0.0
  0
LINE
  5
84A
330
17
100
AcDbEntity
  8
AVAN-CIZGI
100
AcDbLine
 10
-2447.5
 20
1416.7317
 30
0.0
 11
-2267.5
 21
1416.7317
 31
0.0
  0
LINE
  5
84B
330
17
100
AcDbEntity
  8
AVAN-CIZGI
100
AcDbLine
 10
-2447.5
 20
1404.2433
 30
0.0
 11
-2267.5
 21
1404.2433
 31
0.0
  0
LINE
  5
84C
330
17
100
AcDbEntity
  8
AVAN-CIZGI
100
AcDbLine
 10
-2447.5
 20
1398.5989
 30
0.0
 11
-2267.5
 21
1398.5989
 31
0.0
  0
LINE
  5
84D
330
17
100
AcDbEntity
  8
AVAN-CIZGI
100
AcDbLine
 10
-2447.5
 20
1386.1106
 30
0.0
 11
-2267.5
 21
1386.1106
 31
0.0
  0
LINE
  5
84E
330
17
100
AcDbEntity
  8
AVAN-CIZGI
100
AcDbLine
 10
-2447.5
 20
1386.1106
 30
0.0
 11
-2267.5
 21
1386.1106
 31
0.0
  0
LINE
  5
84F
330
17
100
AcDbEntity
  8
AVAN-CIZGI
100
AcDbLine
 10
-2447.5
 20
1378.0672
 30
0.0
 11
-2267.5
 21
1378.0672
 31
0.0
  0
LINE
  5
850
330
17
100
AcDbEntity
  8
AVAN-CIZGI
100
AcDbLine
 10
-2447.5
 20
1378.0672
 30
0.0
 11
-2447.5
 21
1386.1106
 31
0.0
  0
LINE
  5
851
330
17
100
AcDbEntity
  8
AVAN-CIZGI
100
AcDbLine
 10
-2267.5
 20
1378.0672
 30
0.0
 11
-2267.5
 21
1386.1106
 31
0.0
  0
LINE
  5
852
330
17
100
AcDbEntity
  8
AVAN-CIZGI
100
AcDbLine
 10
-2345.5
 20
1378.0672
 30
0.0
 11
-2345.5
 21
1386.1106
 31
0.0
  0
LINE
  5
853
330
17
100
AcDbEntity
  8
AVAN-CIZGI
100
AcDbLine
 10
-2297.5
 20
1378.0672
 30
0.0
 11
-2297.5
 21
1386.1106
 31
0.0
  0
LINE
  5
854
330
17
100
AcDbEntity
  8
AVAN-CIZGI
100
AcDbLine
 10
-2447.5
 20
1378.0672
 30
0.0
 11
-2267.5
 21
1378.0672
 31
0.0
  0
LINE
  5
855
330
17
100
AcDbEntity
  8
AVAN-CIZGI
100
AcDbLine
 10
-2447.5
 20
1376.5672
 30
0.0
 11
-2267.5
 21
1376.5672
 31
0.0
  0
LINE
  5
856
330
17
100
AcDbEntity
  8
AVAN-CIZGI
100
AcDbLine
 10
-2447.5
 20
1364.9256
 30
0.0
 11
-2267.5
 21
1364.9256
 31
0.0
  0
TEXT
  5
857
330
17
100
AcDbEntity
  8
AVAN-YAZI
100
AcDbText
 10
-2398.4722
 20
1587.7
 30
0.0
 40
3.086
  1
ASANSÖR AVAN PROJE HESAPLARI
  7
AVAN-KALIN
 41
1.066
 11
-2398.4722
 21
1587.7
 31
0.0
100
AcDbText
  0
TEXT
  5
858
330
17
100
AcDbEntity
  8
AVAN-YAZI
100
AcDbText
 10
-2289.2108
 20
1573.356
 30
0.0
 40
1.903
  1
tablo adı : TAS2
  7
AVAN
 41
1.0152
 11
-2289.2108
 21
1573.356
 31
0.0
100
AcDbText
  0
TEXT
  5
859
330
17
100
AcDbEntity
  8
AVAN-YAZI
100
AcDbText
 10
-2446.4417
 20
1573.2325
 30
0.0
 40
2.443
  1
5 - KURULU GÜÇ CETVELİ
  7
AVAN-KALIN
 41
1.0497
 11
-2446.4417
 21
1573.2325
 31
0.0
100
AcDbText
  0
TEXT
  5
85A
330
17
100
AcDbEntity
  8
AVAN-YAZI
100
AcDbText
 10
-2446.4417
 20
1566.9883
 30
0.0
 40
2.109
  1
Lin
  7
AVAN
 41
1.0814
 11
-2446.4417
 21
1566.9883
 31
0.0
100
AcDbText
  0
TEXT
  5
85B
330
17
100
AcDbEntity
  8
AVAN-YAZI
100
AcDbText
 10
-2433.4417
 20
1566.9883
 30
0.0
 40
2.109
  1
Sorti
  7
AVAN
 41
1.1119
 11
-2433.4417
 21
1566.9883
 31
0.0
100
AcDbText
  0
TEXT
  5
85C
330
17
100
AcDbEntity
  8
AVAN-YAZI
100
AcDbText
 10
-2344.4417
 20
1566.9883
 30
0.0
 40
2.109
  1
Gücü
  7
AVAN
 41
1.0653
 11
-2344.4417
 21
1566.9883
 31
0.0
100
AcDbText
  0
TEXT
  5
85D
330
17
100
AcDbEntity
  8
AVAN-YAZI
100
AcDbText
 10
-2314.4417
 20
1566.9883
 30
0.0
 40
2.109
  1
Birim
  7
AVAN
 41
1.1331
 11
-2314.4417
 21
1566.9883
 31
0.0
100
AcDbText
  0
TEXT
  5
85E
330
17
100
AcDbEntity
  8
AVAN-YAZI
100
AcDbText
 10
-2296.4416
 20
1566.9883
 30
0.0
 40
2.109
  1
Sigorta A
  7
AVAN
 41
1.093
 11
-2296.4416
 21
1566.9883
 31
0.0
100
AcDbText
  0
TEXT
  5
85F
330
17
100
AcDbEntity
  8
AVAN-YAZI
100
AcDbText
 10
-2446.4417
 20
1560.9206
 30
0.0
 40
2.109
  1
1
  7
AVAN
 41
1.1239
 11
-2446.4417
 21
1560.9206
 31
0.0
100
AcDbText
  0
TEXT
  5
860
330
17
100
AcDbEntity
  8
AVAN-YAZI
100
AcDbText
 10
-2433.4417
 20
1560.9206
 30
0.0
 40
2.109
  1
MOTOR
  7
AVAN
 41
0.9876
 11
-2433.4417
 21
1560.9206
 31
0.0
100
AcDbText
  0
TEXT
  5
861
330
17
100
AcDbEntity
  8
AVAN-YAZI
100
AcDbText
 10
-2349.4417
 20
1560.9206
 30
0.0
 40
2.109
  1
=
  7
AVAN
 41
1.4092
 11
-2349.4417
 21
1560.9206
 31
0.0
100
AcDbText
  0
TEXT
  5
862
330
17
100
AcDbEntity
  8
AVAN-YAZI
100
AcDbText
 10
-2314.4417
 20
1560.9206
 30
0.0
 40
2.109
  1
W
  7
AVAN
 41
1.0287
 11
-2314.4417
 21
1560.9206
 31
0.0
100
AcDbText
  0
TEXT
  5
863
330
17
100
AcDbEntity
  8
AVAN-YAZI
100
AcDbText
 10
-2296.4416
 20
1560.9206
 30
0.0
 40
2.109
  1
4 x 25
  7
AVAN
 41
1.1308
 11
-2296.4416
 21
1560.9206
 31
0.0
100
AcDbText
  0
TEXT
  5
864
330
17
100
AcDbEntity
  8
AVAN-YAZI
100
AcDbText
 10
-2328.2658
 20
1560.7794
 30
0.0
 40
2.212
  1
11.000
  7
AVAN-KALIN
 41
1.2394
 11
-2328.2658
 21
1560.7794
 31
0.0
100
AcDbText
  0
TEXT
  5
865
330
17
100
AcDbEntity
  8
AVAN-YAZI
100
AcDbText
 10
-2446.4417
 20
1554.8528
 30
0.0
 40
2.109
  1
2
  7
AVAN
 41
1.1239
 11
-2446.4417
 21
1554.8528
 31
0.0
100
AcDbText
  0
TEXT
  5
866
330
17
100
AcDbEntity
  8
AVAN-YAZI
100
AcDbText
 10
-2433.4417
 20
1554.8528
 30
0.0
 40
2.109
  1
KUYU AYDINLATMASI ( 7 X 40 W )
  7
AVAN
 41
1.0282
 11
-2433.4417
 21
1554.8528
 31
0.0
100
AcDbText
  0
TEXT
  5
867
330
17
100
AcDbEntity
  8
AVAN-YAZI
100
AcDbText
 10
-2349.4417
 20
1554.8528
 30
0.0
 40
2.109
  1
=
  7
AVAN
 41
1.4092
 11
-2349.4417
 21
1554.8528
 31
0.0
100
AcDbText
  0
TEXT
  5
868
330
17
100
AcDbEntity
  8
AVAN-YAZI
100
AcDbText
 10
-2314.4417
 20
1554.8528
 30
0.0
 40
2.109
  1
W
  7
AVAN
 41
1.0287
 11
-2314.4417
 21
1554.8528
 31
0.0
100
AcDbText
  0
TEXT
  5
869
330
17
100
AcDbEntity
  8
AVAN-YAZI
100
AcDbText
 10
-2296.4416
 20
1554.8528
 30
0.0
 40
2.109
  1
10
  7
AVAN
 41
1.1239
 11
-2296.4416
 21
1554.8528
 31
0.0
100
AcDbText
  0
TEXT
  5
86A
330
17
100
AcDbEntity
  8
AVAN-YAZI
100
AcDbText
 10
-2322.8913
 20
1554.7117
 30
0.0
 40
2.212
  1
280
  7
AVAN-KALIN
 41
1.2291
 11
-2322.8913
 21
1554.7117
 31
0.0
100
AcDbText
  0
TEXT
  5
86B
330
17
100
AcDbEntity
  8
AVAN-YAZI
100
AcDbText
 10
-2446.4417
 20
1548.785
 30
0.0
 40
2.109
  1
3
  7
AVAN
 41
1.1239
 11
-2446.4417
 21
1548.785
 31
0.0
100
AcDbText
  0
TEXT
  5
86C
330
17
100
AcDbEntity
  8
AVAN-YAZI
100
AcDbText
 10
-2433.4417
 20
1548.785
 30
0.0
 40
2.109
  1
KABİN + KABİN ÜSTÜ AYD. ( 5 X 5 W + 1 X 5 W )
  7
AVAN
 41
1.0187
 11
-2433.4417
 21
1548.785
 31
0.0
100
AcDbText
  0
TEXT
  5
86D
330
17
100
AcDbEntity
  8
AVAN-YAZI
100
AcDbText
 10
-2349.4417
 20
1548.785
 30
0.0
 40
2.109
  1
=
  7
AVAN
 41
1.4092
 11
-2349.4417
 21
1548.785
 31
0.0
100
AcDbText
  0
TEXT
  5
86E
330
17
100
AcDbEntity
  8
AVAN-YAZI
100
AcDbText
 10
-2314.4417
 20
1548.785
 30
0.0
 40
2.109
  1
W
  7
AVAN
 41
1.0287
 11
-2314.4417
 21
1548.785
 31
0.0
100
AcDbText
  0
TEXT
  5
86F
330
17
100
AcDbEntity
  8
AVAN-YAZI
100
AcDbText
 10
-2296.4416
 20
1548.785
 30
0.0
 40
2.109
  1
10
  7
AVAN
 41
1.1239
 11
-2296.4416
 21
1548.785
 31
0.0
100
AcDbText
  0
TEXT
  5
870
330
17
100
AcDbEntity
  8
AVAN-YAZI
100
AcDbText
 10
-2320.7803
 20
1548.6439
 30
0.0
 40
2.212
  1
30
  7
AVAN-KALIN
 41
1.2291
 11
-2320.7803
 21
1548.6439
 31
0.0
100
AcDbText
  0
TEXT
  5
871
330
17
100
AcDbEntity
  8
AVAN-YAZI
100
AcDbText
 10
-2446.4417
 20
1542.7172
 30
0.0
 40
2.109
  1
4
  7
AVAN
 41
1.1239
 11
-2446.4417
 21
1542.7172
 31
0.0
100
AcDbText
  0
TEXT
  5
872
330
17
100
AcDbEntity
  8
AVAN-YAZI
100
AcDbText
 10
-2433.4417
 20
1542.7172
 30
0.0
 40
2.109
  1
TOPLAM PRİZ ( 3 X 300 W )
  7
AVAN
 41
1.0033
 11
-2433.4417
 21
1542.7172
 31
0.0
100
AcDbText
  0
TEXT
  5
873
330
17
100
AcDbEntity
  8
AVAN-YAZI
100
AcDbText
 10
-2349.4417
 20
1542.7172
 30
0.0
 40
2.109
  1
=
  7
AVAN
 41
1.4092
 11
-2349.4417
 21
1542.7172
 31
0.0
100
AcDbText
  0
TEXT
  5
874
330
17
100
AcDbEntity
  8
AVAN-YAZI
100
AcDbText
 10
-2314.4417
 20
1542.7172
 30
0.0
 40
2.109
  1
W
  7
AVAN
 41
1.0287
 11
-2314.4417
 21
1542.7172
 31
0.0
100
AcDbText
  0
TEXT
  5
875
330
17
100
AcDbEntity
  8
AVAN-YAZI
100
AcDbText
 10
-2296.4416
 20
1542.7172
 30
0.0
 40
2.109
  1
16
  7
AVAN
 41
1.1239
 11
-2296.4416
 21
1542.7172
 31
0.0
100
AcDbText
  0
TEXT
  5
876
330
17
100
AcDbEntity
  8
AVAN-YAZI
100
AcDbText
 10
-2322.8913
 20
1542.5761
 30
0.0
 40
2.212
  1
900
  7
AVAN-KALIN
 41
1.2291
 11
-2322.8913
 21
1542.5761
 31
0.0
100
AcDbText
  0
TEXT
  5
877
330
17
100
AcDbEntity
  8
AVAN-YAZI
100
AcDbText
 10
-2433.4417
 20
1536.5083
 30
0.0
 40
2.109
  1
ASANSÖRÜN KURULU GÜCÜ
  7
AVAN
 41
0.9877
 11
-2433.4417
 21
1536.5083
 31
0.0
100
AcDbText
  0
TEXT
  5
878
330
17
100
AcDbEntity
  8
AVAN-YAZI
100
AcDbText
 10
-2349.4417
 20
1536.5083
 30
0.0
 40
2.109
  1
=
  7
AVAN
 41
1.4092
 11
-2349.4417
 21
1536.5083
 31
0.0
100
AcDbText
  0
TEXT
  5
879
330
17
100
AcDbEntity
  8
AVAN-YAZI
100
AcDbText
 10
-2314.4417
 20
1536.5083
 30
0.0
 40
2.109
  1
W
  7
AVAN
 41
1.0287
 11
-2314.4417
 21
1536.5083
 31
0.0
100
AcDbText
  0
TEXT
  5
87A
330
17
100
AcDbEntity
  8
AVAN-YAZI
100
AcDbText
 10
-2328.2658
 20
1536.3672
 30
0.0
 40
2.212
  1
12.210
  7
AVAN-KALIN
 41
1.2394
 11
-2328.2658
 21
1536.3672
 31
0.0
100
AcDbText
  0
TEXT
  5
87B
330
17
100
AcDbEntity
  8
AVAN-YAZI
100
AcDbText
 10
-2446.7944
 20
1528.1644
 30
0.0
 40
2.315
  1
ASANSÖRÜN KURULU
  7
AVAN-KALIN
 41
1.0825
 11
-2446.7944
 21
1528.1644
 31
0.0
100
AcDbText
  0
TEXT
  5
87C
330
17
100
AcDbEntity
  8
AVAN-YAZI
100
AcDbText
 10
-2394.7944
 20
1525.9596
 30
0.0
 40
2.315
  1
12.210 W
  7
AVAN-KALIN
 41
1.2185
 11
-2394.7944
 21
1525.9596
 31
0.0
100
AcDbText
  0
TEXT
  5
87D
330
17
100
AcDbEntity
  8
AVAN-YAZI
100
AcDbText
 10
-2446.7944
 20
1523.7547
 30
0.0
 40
2.315
  1
GÜCÜ
  7
AVAN-KALIN
 41
1.0605
 11
-2446.7944
 21
1523.7547
 31
0.0
100
AcDbText
  0
TEXT
  5
87E
330
17
100
AcDbEntity
  8
AVAN-YAZI
100
AcDbText
 10
-2445.3833
 20
1517.3689
 30
0.0
 40
1.852
  1
▪ Motor koruma cihazı anma akımı, motor anma akımının kalkış katsayısı ( ofis standardı, varsayılan 1,25 ) katından büyük ilk standart
  7
AVAN
 41
1.0099
 11
-2445.3833
 21
1517.3689
 31
0.0
100
AcDbText
  0
TEXT
  5
87F
330
17
100
AcDbEntity
  8
AVAN-YAZI
100
AcDbText
 10
-2445.3833
 20
1513.9822
 30
0.0
 40
1.852
  1
kademedir ( IEC 60269 gG ). AVAN değeridir: kesin seçim kalkış yöntemine, sürücü tipine ve kablo koordinasyonuna göre uygulama
  7
AVAN
 41
1.0928
 11
-2445.3833
 21
1513.9822
 31
0.0
100
AcDbText
  0
TEXT
  5
880
330
17
100
AcDbEntity
  8
AVAN-YAZI
100
AcDbText
 10
-2445.3833
 20
1510.5955
 30
0.0
 40
1.852
  1
projesinde yapılır.
  7
AVAN
 41
0.9927
 11
-2445.3833
 21
1510.5955
 31
0.0
100
AcDbText
  0
TEXT
  5
881
330
17
100
AcDbEntity
  8
AVAN-YAZI
100
AcDbText
 10
-2309.3139
 20
1502.1215
 30
0.0
 40
1.903
  1
Elektrik İç Tesisleri Yönetmeliği
  7
AVAN
 41
1.0557
 11
-2309.3139
 21
1502.1215
 31
0.0
100
AcDbText
  0
TEXT
  5
882
330
17
100
AcDbEntity
  8
AVAN-YAZI
100
AcDbText
 10
-2446.4417
 20
1501.9981
 30
0.0
 40
2.443
  1
6 - GERİLİM DÜŞÜMÜ VE KESİT KONTROLÜ
  7
AVAN-KALIN
 41
1.0315
 11
-2446.4417
 21
1501.9981
 31
0.0
100
AcDbText
  0
TEXT
  5
883
330
17
100
AcDbEntity
  8
AVAN-YAZI
100
AcDbText
 10
-2296.4416
 20
1496.0361
 30
0.0
 40
1.775
  1
GİRİŞ
  7
AVAN
 41
0.6995
 11
-2296.4416
 21
1496.0361
 31
0.0
100
AcDbText
  0
TEXT
  5
884
330
17
100
AcDbEntity
  8
AVAN-YAZI
100
AcDbText
 10
-2446.4417
 20
1495.9656
 30
0.0
 40
2.109
  1
U
  7
AVAN
 41
0.9957
 11
-2446.4417
 21
1495.9656
 31
0.0
100
AcDbText
  0
TEXT
  5
885
330
17
100
AcDbEntity
  8
AVAN-YAZI
100
AcDbText
 10
-2433.4417
 20
1495.9656
 30
0.0
 40
2.109
  1
Şebeke gerilimi ( fazlar arası )
  7
AVAN
 41
1.0658
 11
-2433.4417
 21
1495.9656
 31
0.0
100
AcDbText
  0
TEXT
  5
886
330
17
100
AcDbEntity
  8
AVAN-YAZI
100
AcDbText
 10
-2349.4417
 20
1495.9656
 30
0.0
 40
2.109
  1
=
  7
AVAN
 41
1.4092
 11
-2349.4417
 21
1495.9656
 31
0.0
100
AcDbText
  0
TEXT
  5
887
330
17
100
AcDbEntity
  8
AVAN-YAZI
100
AcDbText
 10
-2314.4417
 20
1495.9656
 30
0.0
 40
2.109
  1
V
  7
AVAN
 41
1.0073
 11
-2314.4417
 21
1495.9656
 31
0.0
100
AcDbText
  0
TEXT
  5
888
330
17
100
AcDbEntity
  8
AVAN-YAZI
100
AcDbText
 10
-2322.8913
 20
1495.8245
 30
0.0
 40
2.212
  1
380
  7
AVAN-KALIN
 41
1.2291
 11
-2322.8913
 21
1495.8245
 31
0.0
100
AcDbText
  0
TEXT
  5
889
330
17
100
AcDbEntity
  8
AVAN-YAZI
100
AcDbText
 10
-2296.4416
 20
1490.3917
 30
0.0
 40
1.775
  1
SABİTLER B
  7
AVAN
 41
0.9093
 11
-2296.4416
 21
1490.3917
 31
0.0
100
AcDbText
  0
TEXT
  5
88A
330
17
100
AcDbEntity
  8
AVAN-YAZI
100
AcDbText
 10
-2446.4417
 20
1490.3211
 30
0.0
 40
2.109
  1
cosφ
  7
AVAN
 41
1.1076
 11
-2446.4417
 21
1490.3211
 31
0.0
100
AcDbText
  0
TEXT
  5
88B
330
17
100
AcDbEntity
  8
AVAN-YAZI
100
AcDbText
 10
-2433.4417
 20
1490.3211
 30
0.0
 40
2.109
  1
Güç katsayısı
  7
AVAN
 41
0.9316
 11
-2433.4417
 21
1490.3211
 31
0.0
100
AcDbText
  0
TEXT
  5
88C
330
17
100
AcDbEntity
  8
AVAN-YAZI
100
AcDbText
 10
-2349.4417
 20
1490.3211
 30
0.0
 40
2.109
  1
=
  7
AVAN
 41
1.4092
 11
-2349.4417
 21
1490.3211
 31
0.0
100
AcDbText
  0
TEXT
  5
88D
330
17
100
AcDbEntity
  8
AVAN-YAZI
100
AcDbText
 10
-2314.4417
 20
1490.3211
 30
0.0
 40
2.109
  1
—
  7
AVAN
 41
0.9822
 11
-2314.4417
 21
1490.3211
 31
0.0
100
AcDbText
  0
TEXT
  5
88E
330
17
100
AcDbEntity
  8
AVAN-YAZI
100
AcDbText
 10
-2324.0438
 20
1490.18
 30
0.0
 40
2.212
  1
0,90
  7
AVAN-KALIN
 41
1.2453
 11
-2324.0438
 21
1490.18
 31
0.0
100
AcDbText
  0
TEXT
  5
88F
330
17
100
AcDbEntity
  8
AVAN-YAZI
100
AcDbText
 10
-2296.4416
 20
1484.7472
 30
0.0
 40
1.775
  1
GİRİŞ
  7
AVAN
 41
0.6995
 11
-2296.4416
 21
1484.7472
 31
0.0
100
AcDbText
  0
TEXT
  5
890
330
17
100
AcDbEntity
  8
AVAN-YAZI
100
AcDbText
 10
-2446.4417
 20
1484.6767
 30
0.0
 40
2.109
  1
κ
  7
AVAN
 41
1.0544
 11
-2446.4417
 21
1484.6767
 31
0.0
100
AcDbText
  0
TEXT
  5
891
330
17
100
AcDbEntity
  8
AVAN-YAZI
100
AcDbText
 10
-2433.4417
 20
1484.6767
 30
0.0
 40
2.109
  1
İletken iletkenliği
  7
AVAN
 41
1.0509
 11
-2433.4417
 21
1484.6767
 31
0.0
100
AcDbText
  0
TEXT
  5
892
330
17
100
AcDbEntity
  8
AVAN-YAZI
100
AcDbText
 10
-2349.4417
 20
1484.6767
 30
0.0
 40
2.109
  1
=
  7
AVAN
 41
1.4092
 11
-2349.4417
 21
1484.6767
 31
0.0
100
AcDbText
  0
TEXT
  5
893
330
17
100
AcDbEntity
  8
AVAN-YAZI
100
AcDbText
 10
-2314.4417
 20
1484.6767
 30
0.0
 40
2.109
  1
m/Ω·mm²
  7
AVAN
 41
1.1207
 11
-2314.4417
 21
1484.6767
 31
0.0
100
AcDbText
  0
TEXT
  5
894
330
17
100
AcDbEntity
  8
AVAN-YAZI
100
AcDbText
 10
-2320.7803
 20
1484.5356
 30
0.0
 40
2.212
  1
56
  7
AVAN-KALIN
 41
1.2291
 11
-2320.7803
 21
1484.5356
 31
0.0
100
AcDbText
  0
TEXT
  5
895
330
17
100
AcDbEntity
  8
AVAN-YAZI
100
AcDbText
 10
-2296.4416
 20
1479.1028
 30
0.0
 40
1.775
  1
yukarıdan
  7
AVAN
 41
1.0051
 11
-2296.4416
 21
1479.1028
 31
0.0
100
AcDbText
  0
TEXT
  5
896
330
17
100
AcDbEntity
  8
AVAN-YAZI
100
AcDbText
 10
-2446.4417
 20
1479.0322
 30
0.0
 40
2.109
  1
P1
  7
AVAN
 41
0.9952
 11
-2446.4417
 21
1479.0322
 31
0.0
100
AcDbText
  0
TEXT
  5
897
330
17
100
AcDbEntity
  8
AVAN-YAZI
100
AcDbText
 10
-2433.4417
 20
1479.0322
 30
0.0
 40
2.109
  1
Asansörün toplam kurulu gücü
  7
AVAN
 41
1.1157
 11
-2433.4417
 21
1479.0322
 31
0.0
100
AcDbText
  0
TEXT
  5
898
330
17
100
AcDbEntity
  8
AVAN-YAZI
100
AcDbText
 10
-2349.4417
 20
1479.0322
 30
0.0
 40
2.109
  1
=
  7
AVAN
 41
1.4092
 11
-2349.4417
 21
1479.0322
 31
0.0
100
AcDbText
  0
TEXT
  5
899
330
17
100
AcDbEntity
  8
AVAN-YAZI
100
AcDbText
 10
-2314.4417
 20
1479.0322
 30
0.0
 40
2.109
  1
W
  7
AVAN
 41
1.0287
 11
-2314.4417
 21
1479.0322
 31
0.0
100
AcDbText
  0
TEXT
  5
89A
330
17
100
AcDbEntity
  8
AVAN-YAZI
100
AcDbText
 10
-2328.2658
 20
1478.8911
 30
0.0
 40
2.212
  1
12.210
  7
AVAN-KALIN
 41
1.2394
 11
-2328.2658
 21
1478.8911
 31
0.0
100
AcDbText
  0
TEXT
  5
89B
330
17
100
AcDbEntity
  8
AVAN-YAZI
100
AcDbText
 10
-2296.4416
 20
1473.4583
 30
0.0
 40
1.775
  1
GİRİŞ
  7
AVAN
 41
0.6995
 11
-2296.4416
 21
1473.4583
 31
0.0
100
AcDbText
  0
TEXT
  5
89C
330
17
100
AcDbEntity
  8
AVAN-YAZI
100
AcDbText
 10
-2446.4417
 20
1473.3878
 30
0.0
 40
2.109
  1
L1
  7
AVAN
 41
1.054
 11
-2446.4417
 21
1473.3878
 31
0.0
100
AcDbText
  0
TEXT
  5
89D
330
17
100
AcDbEntity
  8
AVAN-YAZI
100
AcDbText
 10
-2433.4417
 20
1473.3878
 30
0.0
 40
2.109
  1
Kolon hattı uzunluğu
  7
AVAN
 41
1.0359
 11
-2433.4417
 21
1473.3878
 31
0.0
100
AcDbText
  0
TEXT
  5
89E
330
17
100
AcDbEntity
  8
AVAN-YAZI
100
AcDbText
 10
-2349.4417
 20
1473.3878
 30
0.0
 40
2.109
  1
=
  7
AVAN
 41
1.4092
 11
-2349.4417
 21
1473.3878
 31
0.0
100
AcDbText
  0
TEXT
  5
89F
330
17
100
AcDbEntity
  8
AVAN-YAZI
100
AcDbText
 10
-2314.4417
 20
1473.3878
 30
0.0
 40
2.109
  1
m
  7
AVAN
 41
1.1486
 11
-2314.4417
 21
1473.3878
 31
0.0
100
AcDbText
  0
TEXT
  5
8A0
330
17
100
AcDbEntity
  8
AVAN-YAZI
100
AcDbText
 10
-2326.1548
 20
1473.2467
 30
0.0
 40
2.212
  1
32,85
  7
AVAN-KALIN
 41
1.2417
 11
-2326.1548
 21
1473.2467
 31
0.0
100
AcDbText
  0
TEXT
  5
8A1
330
17
100
AcDbEntity
  8
AVAN-YAZI
100
AcDbText
 10
-2296.4416
 20
1468.202
 30
0.0
 40
1.775
  1
GİRİŞ — asansör
  7
AVAN
 41
0.9113
 11
-2296.4416
 21
1468.202
 31
0.0
100
AcDbText
  0
TEXT
  5
8A2
330
17
100
AcDbEntity
  8
AVAN-YAZI
100
AcDbText
 10
-2446.4417
 20
1466.5439
 30
0.0
 40
2.109
  1
S1
  7
AVAN
 41
1.0207
 11
-2446.4417
 21
1466.5439
 31
0.0
100
AcDbText
  0
TEXT
  5
8A3
330
17
100
AcDbEntity
  8
AVAN-YAZI
100
AcDbText
 10
-2433.4417
 20
1466.5439
 30
0.0
 40
2.109
  1
Kolon hattı kesiti
  7
AVAN
 41
1.0548
 11
-2433.4417
 21
1466.5439
 31
0.0
100
AcDbText
  0
TEXT
  5
8A4
330
17
100
AcDbEntity
  8
AVAN-YAZI
100
AcDbText
 10
-2349.4417
 20
1466.5439
 30
0.0
 40
2.109
  1
=
  7
AVAN
 41
1.4092
 11
-2349.4417
 21
1466.5439
 31
0.0
100
AcDbText
  0
TEXT
  5
8A5
330
17
100
AcDbEntity
  8
AVAN-YAZI
100
AcDbText
 10
-2314.4417
 20
1466.5439
 30
0.0
 40
2.109
  1
mm²
  7
AVAN
 41
1.1542
 11
-2314.4417
 21
1466.5439
 31
0.0
100
AcDbText
  0
TEXT
  5
8A6
330
17
100
AcDbEntity
  8
AVAN-YAZI
100
AcDbText
 10
-2318.6693
 20
1466.4028
 30
0.0
 40
2.212
  1
6
  7
AVAN-KALIN
 41
1.2291
 11
-2318.6693
 21
1466.4028
 31
0.0
100
AcDbText
  0
TEXT
  5
8A7
330
17
100
AcDbEntity
  8
AVAN-YAZI
100
AcDbText
 10
-2296.4416
 20
1465.027
 30
0.0
 40
1.775
  1
bazında
  7
AVAN
 41
0.9556
 11
-2296.4416
 21
1465.027
 31
0.0
100
AcDbText
  0
TEXT
  5
8A8
330
17
100
AcDbEntity
  8
AVAN-YAZI
100
AcDbText
 10
-2446.4417
 20
1458.624
 30
0.0
 40
2.16
  1
ε1 = 100 · P1 · L1 / ( κ · S1 · U² )
  7
AVAN-KALIN
 41
1.2259
 11
-2446.4417
 21
1458.624
 31
0.0
100
AcDbText
  0
TEXT
  5
8A9
330
17
100
AcDbEntity
  8
AVAN-YAZI
100
AcDbText
 10
-2296.4416
 20
1453.6322
 30
0.0
 40
1.775
  1
kolon hattı
  7
AVAN
 41
1.0292
 11
-2296.4416
 21
1453.6322
 31
0.0
100
AcDbText
  0
TEXT
  5
8AA
330
17
100
AcDbEntity
  8
AVAN-YAZI
100
AcDbText
 10
-2433.4417
 20
1453.6146
 30
0.0
 40
2.109
  1
= 100 · 12.210 · 32,85 / ( 56 · 6,00 · 380² )
  7
AVAN
 41
1.1356
 11
-2433.4417
 21
1453.6146
 31
0.0
100
AcDbText
  0
TEXT
  5
8AB
330
17
100
AcDbEntity
  8
AVAN-YAZI
100
AcDbText
 10
-2314.4417
 20
1453.5617
 30
0.0
 40
2.109
  1
%
  7
AVAN
 41
1.0498
 11
-2314.4417
 21
1453.5617
 31
0.0
100
AcDbText
  0
TEXT
  5
8AC
330
17
100
AcDbEntity
  8
AVAN-YAZI
100
AcDbText
 10
-2326.1548
 20
1453.4206
 30
0.0
 40
2.212
  1
0,827
  7
AVAN-KALIN
 41
1.2417
 11
-2326.1548
 21
1453.4206
 31
0.0
100
AcDbText
  0
TEXT
  5
8AD
330
17
100
AcDbEntity
  8
AVAN-YAZI
100
AcDbText
 10
-2296.4416
 20
1447.2822
 30
0.0
 40
1.775
  1
GİRİŞ
  7
AVAN
 41
0.6995
 11
-2296.4416
 21
1447.2822
 31
0.0
100
AcDbText
  0
TEXT
  5
8AE
330
17
100
AcDbEntity
  8
AVAN-YAZI
100
AcDbText
 10
-2446.4417
 20
1447.2117
 30
0.0
 40
2.109
  1
P2
  7
AVAN
 41
0.9952
 11
-2446.4417
 21
1447.2117
 31
0.0
100
AcDbText
  0
TEXT
  5
8AF
330
17
100
AcDbEntity
  8
AVAN-YAZI
100
AcDbText
 10
-2433.4417
 20
1447.2117
 30
0.0
 40
2.109
  1
Makine ( motor ) gücü
  7
AVAN
 41
1.1197
 11
-2433.4417
 21
1447.2117
 31
0.0
100
AcDbText
  0
TEXT
  5
8B0
330
17
100
AcDbEntity
  8
AVAN-YAZI
100
AcDbText
 10
-2349.4417
 20
1447.2117
 30
0.0
 40
2.109
  1
=
  7
AVAN
 41
1.4092
 11
-2349.4417
 21
1447.2117
 31
0.0
100
AcDbText
  0
TEXT
  5
8B1
330
17
100
AcDbEntity
  8
AVAN-YAZI
100
AcDbText
 10
-2314.4417
 20
1447.2117
 30
0.0
 40
2.109
  1
W
  7
AVAN
 41
1.0287
 11
-2314.4417
 21
1447.2117
 31
0.0
100
AcDbText
  0
TEXT
  5
8B2
330
17
100
AcDbEntity
  8
AVAN-YAZI
100
AcDbText
 10
-2328.2658
 20
1447.0706
 30
0.0
 40
2.212
  1
11.000
  7
AVAN-KALIN
 41
1.2394
 11
-2328.2658
 21
1447.0706
 31
0.0
100
AcDbText
  0
TEXT
  5
8B3
330
17
100
AcDbEntity
  8
AVAN-YAZI
100
AcDbText
 10
-2296.4416
 20
1442.0258
 30
0.0
 40
1.775
  1
GİRİŞ — asansör
  7
AVAN
 41
0.9113
 11
-2296.4416
 21
1442.0258
 31
0.0
100
AcDbText
  0
TEXT
  5
8B4
330
17
100
AcDbEntity
  8
AVAN-YAZI
100
AcDbText
 10
-2446.4417
 20
1440.3678
 30
0.0
 40
2.109
  1
L2
  7
AVAN
 41
1.054
 11
-2446.4417
 21
1440.3678
 31
0.0
100
AcDbText
  0
TEXT
  5
8B5
330
17
100
AcDbEntity
  8
AVAN-YAZI
100
AcDbText
 10
-2433.4417
 20
1440.3678
 30
0.0
 40
2.109
  1
Makine besleme uzunluğu
  7
AVAN
 41
1.0865
 11
-2433.4417
 21
1440.3678
 31
0.0
100
AcDbText
  0
TEXT
  5
8B6
330
17
100
AcDbEntity
  8
AVAN-YAZI
100
AcDbText
 10
-2349.4417
 20
1440.3678
 30
0.0
 40
2.109
  1
=
  7
AVAN
 41
1.4092
 11
-2349.4417
 21
1440.3678
 31
0.0
100
AcDbText
  0
TEXT
  5
8B7
330
17
100
AcDbEntity
  8
AVAN-YAZI
100
AcDbText
 10
-2314.4417
 20
1440.3678
 30
0.0
 40
2.109
  1
m
  7
AVAN
 41
1.1486
 11
-2314.4417
 21
1440.3678
 31
0.0
100
AcDbText
  0
TEXT
  5
8B8
330
17
100
AcDbEntity
  8
AVAN-YAZI
100
AcDbText
 10
-2318.6693
 20
1440.2267
 30
0.0
 40
2.212
  1
3
  7
AVAN-KALIN
 41
1.2291
 11
-2318.6693
 21
1440.2267
 31
0.0
100
AcDbText
  0
TEXT
  5
8B9
330
17
100
AcDbEntity
  8
AVAN-YAZI
100
AcDbText
 10
-2296.4416
 20
1438.8508
 30
0.0
 40
1.775
  1
bazında
  7
AVAN
 41
0.9556
 11
-2296.4416
 21
1438.8508
 31
0.0
100
AcDbText
  0
TEXT
  5
8BA
330
17
100
AcDbEntity
  8
AVAN-YAZI
100
AcDbText
 10
-2296.4416
 20
1433.9825
 30
0.0
 40
1.775
  1
GİRİŞ — asansör
  7
AVAN
 41
0.9113
 11
-2296.4416
 21
1433.9825
 31
0.0
100
AcDbText
  0
TEXT
  5
8BB
330
17
100
AcDbEntity
  8
AVAN-YAZI
100
AcDbText
 10
-2446.4417
 20
1432.3245
 30
0.0
 40
2.109
  1
S2
  7
AVAN
 41
1.0207
 11
-2446.4417
 21
1432.3245
 31
0.0
100
AcDbText
  0
TEXT
  5
8BC
330
17
100
AcDbEntity
  8
AVAN-YAZI
100
AcDbText
 10
-2433.4417
 20
1432.3245
 30
0.0
 40
2.109
  1
Makine besleme kesiti
  7
AVAN
 41
1.1118
 11
-2433.4417
 21
1432.3245
 31
0.0
100
AcDbText
  0
TEXT
  5
8BD
330
17
100
AcDbEntity
  8
AVAN-YAZI
100
AcDbText
 10
-2349.4417
 20
1432.3245
 30
0.0
 40
2.109
  1
=
  7
AVAN
 41
1.4092
 11
-2349.4417
 21
1432.3245
 31
0.0
100
AcDbText
  0
TEXT
  5
8BE
330
17
100
AcDbEntity
  8
AVAN-YAZI
100
AcDbText
 10
-2314.4417
 20
1432.3245
 30
0.0
 40
2.109
  1
mm²
  7
AVAN
 41
1.1542
 11
-2314.4417
 21
1432.3245
 31
0.0
100
AcDbText
  0
TEXT
  5
8BF
330
17
100
AcDbEntity
  8
AVAN-YAZI
100
AcDbText
 10
-2318.6693
 20
1432.1833
 30
0.0
 40
2.212
  1
6
  7
AVAN-KALIN
 41
1.2291
 11
-2318.6693
 21
1432.1833
 31
0.0
100
AcDbText
  0
TEXT
  5
8C0
330
17
100
AcDbEntity
  8
AVAN-YAZI
100
AcDbText
 10
-2296.4416
 20
1430.8075
 30
0.0
 40
1.775
  1
bazında
  7
AVAN
 41
0.9556
 11
-2296.4416
 21
1430.8075
 31
0.0
100
AcDbText
  0
TEXT
  5
8C1
330
17
100
AcDbEntity
  8
AVAN-YAZI
100
AcDbText
 10
-2446.4417
 20
1424.4046
 30
0.0
 40
2.16
  1
ε2 = 100 · P2 · L2 / ( κ · S2 · U² )
  7
AVAN-KALIN
 41
1.2259
 11
-2446.4417
 21
1424.4046
 31
0.0
100
AcDbText
  0
TEXT
  5
8C2
330
17
100
AcDbEntity
  8
AVAN-YAZI
100
AcDbText
 10
-2296.4416
 20
1419.4128
 30
0.0
 40
1.775
  1
makine besleme
  7
AVAN
 41
1.1149
 11
-2296.4416
 21
1419.4128
 31
0.0
100
AcDbText
  0
TEXT
  5
8C3
330
17
100
AcDbEntity
  8
AVAN-YAZI
100
AcDbText
 10
-2433.4417
 20
1419.3951
 30
0.0
 40
2.109
  1
= 100 · 11.000 · 3,00 / ( 56 · 6,00 · 380² )
  7
AVAN
 41
1.136
 11
-2433.4417
 21
1419.3951
 31
0.0
100
AcDbText
  0
TEXT
  5
8C4
330
17
100
AcDbEntity
  8
AVAN-YAZI
100
AcDbText
 10
-2314.4417
 20
1419.3422
 30
0.0
 40
2.109
  1
%
  7
AVAN
 41
1.0498
 11
-2314.4417
 21
1419.3422
 31
0.0
100
AcDbText
  0
TEXT
  5
8C5
330
17
100
AcDbEntity
  8
AVAN-YAZI
100
AcDbText
 10
-2326.1548
 20
1419.2011
 30
0.0
 40
2.212
  1
0,068
  7
AVAN-KALIN
 41
1.2417
 11
-2326.1548
 21
1419.2011
 31
0.0
100
AcDbText
  0
TEXT
  5
8C6
330
17
100
AcDbEntity
  8
AVAN-YAZI
100
AcDbText
 10
-2446.4417
 20
1411.9163
 30
0.0
 40
2.16
  1
ε = ε1 + ε2
  7
AVAN-KALIN
 41
1.2785
 11
-2446.4417
 21
1411.9163
 31
0.0
100
AcDbText
  0
TEXT
  5
8C7
330
17
100
AcDbEntity
  8
AVAN-YAZI
100
AcDbText
 10
-2296.4416
 20
1406.9245
 30
0.0
 40
1.775
  1
toplam
  7
AVAN
 41
1.1466
 11
-2296.4416
 21
1406.9245
 31
0.0
100
AcDbText
  0
TEXT
  5
8C8
330
17
100
AcDbEntity
  8
AVAN-YAZI
100
AcDbText
 10
-2433.4417
 20
1406.9068
 30
0.0
 40
2.109
  1
= 0,827 + 0,068
  7
AVAN
 41
1.1713
 11
-2433.4417
 21
1406.9068
 31
0.0
100
AcDbText
  0
TEXT
  5
8C9
330
17
100
AcDbEntity
  8
AVAN-YAZI
100
AcDbText
 10
-2314.4417
 20
1406.8539
 30
0.0
 40
2.109
  1
%
  7
AVAN
 41
1.0498
 11
-2314.4417
 21
1406.8539
 31
0.0
100
AcDbText
  0
TEXT
  5
8CA
330
17
100
AcDbEntity
  8
AVAN-YAZI
100
AcDbText
 10
-2326.1548
 20
1406.7128
 30
0.0
 40
2.212
  1
0,895
  7
AVAN-KALIN
 41
1.2417
 11
-2326.1548
 21
1406.7128
 31
0.0
100
AcDbText
  0
TEXT
  5
8CB
330
17
100
AcDbEntity
  8
AVAN-YAZI
100
AcDbText
 10
-2296.4416
 20
1400.5745
 30
0.0
 40
1.775
  1
GİRİŞ
  7
AVAN
 41
0.6995
 11
-2296.4416
 21
1400.5745
 31
0.0
100
AcDbText
  0
TEXT
  5
8CC
330
17
100
AcDbEntity
  8
AVAN-YAZI
100
AcDbText
 10
-2446.4417
 20
1400.5039
 30
0.0
 40
2.109
  1
εmax
  7
AVAN
 41
1.1472
 11
-2446.4417
 21
1400.5039
 31
0.0
100
AcDbText
  0
TEXT
  5
8CD
330
17
100
AcDbEntity
  8
AVAN-YAZI
100
AcDbText
 10
-2433.4417
 20
1400.5039
 30
0.0
 40
2.109
  1
İzin verilen gerilim düşümü
  7
AVAN
 41
1.0624
 11
-2433.4417
 21
1400.5039
 31
0.0
100
AcDbText
  0
TEXT
  5
8CE
330
17
100
AcDbEntity
  8
AVAN-YAZI
100
AcDbText
 10
-2349.4417
 20
1400.5039
 30
0.0
 40
2.109
  1
=
  7
AVAN
 41
1.4092
 11
-2349.4417
 21
1400.5039
 31
0.0
100
AcDbText
  0
TEXT
  5
8CF
330
17
100
AcDbEntity
  8
AVAN-YAZI
100
AcDbText
 10
-2314.4417
 20
1400.5039
 30
0.0
 40
2.109
  1
%
  7
AVAN
 41
1.0498
 11
-2314.4417
 21
1400.5039
 31
0.0
100
AcDbText
  0
TEXT
  5
8D0
330
17
100
AcDbEntity
  8
AVAN-YAZI
100
AcDbText
 10
-2318.6693
 20
1400.3628
 30
0.0
 40
2.212
  1
3
  7
AVAN-KALIN
 41
1.2291
 11
-2318.6693
 21
1400.3628
 31
0.0
100
AcDbText
  0
TEXT
  5
8D1
330
17
100
AcDbEntity
  8
AVAN-YAZI
100
AcDbText
 10
-2446.4417
 20
1393.7835
 30
0.0
 40
2.16
  1
I = P1 / ( √3 · U · cosφ )
  7
AVAN-KALIN
 41
1.2226
 11
-2446.4417
 21
1393.7835
 31
0.0
100
AcDbText
  0
TEXT
  5
8D2
330
17
100
AcDbEntity
  8
AVAN-YAZI
100
AcDbText
 10
-2296.4416
 20
1388.7917
 30
0.0
 40
1.775
  1
hat akımı
  7
AVAN
 41
0.9047
 11
-2296.4416
 21
1388.7917
 31
0.0
100
AcDbText
  0
TEXT
  5
8D3
330
17
100
AcDbEntity
  8
AVAN-YAZI
100
AcDbText
 10
-2433.4417
 20
1388.774
 30
0.0
 40
2.109
  1
= 12.210 / ( 1,73 · 380 · 0,90 )
  7
AVAN
 41
1.139
 11
-2433.4417
 21
1388.774
 31
0.0
100
AcDbText
  0
TEXT
  5
8D4
330
17
100
AcDbEntity
  8
AVAN-YAZI
100
AcDbText
 10
-2314.4417
 20
1388.7211
 30
0.0
 40
2.109
  1
A
  7
AVAN
 41
1.0073
 11
-2314.4417
 21
1388.7211
 31
0.0
100
AcDbText
  0
TEXT
  5
8D5
330
17
100
AcDbEntity
  8
AVAN-YAZI
100
AcDbText
 10
-2326.1548
 20
1388.58
 30
0.0
 40
2.212
  1
20,61
  7
AVAN-KALIN
 41
1.2417
 11
-2326.1548
 21
1388.58
 31
0.0
100
AcDbText
  0
TEXT
  5
8D6
330
17
100
AcDbEntity
  8
AVAN-YAZI
100
AcDbText
 10
-2296.4416
 20
1382.8297
 30
0.0
 40
1.775
  1
TABLOLAR / IEC
  7
AVAN
 41
0.9992
 11
-2296.4416
 21
1382.8297
 31
0.0
100
AcDbText
  0
TEXT
  5
8D7
330
17
100
AcDbEntity
  8
AVAN-YAZI
100
AcDbText
 10
-2446.4417
 20
1381.1717
 30
0.0
 40
2.109
  1
Iz
  7
AVAN
 41
1.035
 11
-2446.4417
 21
1381.1717
 31
0.0
100
AcDbText
  0
TEXT
  5
8D8
330
17
100
AcDbEntity
  8
AVAN-YAZI
100
AcDbText
 10
-2433.4417
 20
1381.1717
 30
0.0
 40
2.109
  1
Kablonun akım taşıma kapasitesi
  7
AVAN
 41
1.0209
 11
-2433.4417
 21
1381.1717
 31
0.0
100
AcDbText
  0
TEXT
  5
8D9
330
17
100
AcDbEntity
  8
AVAN-YAZI
100
AcDbText
 10
-2349.4417
 20
1381.1717
 30
0.0
 40
2.109
  1
=
  7
AVAN
 41
1.4092
 11
-2349.4417
 21
1381.1717
 31
0.0
100
AcDbText
  0
TEXT
  5
8DA
330
17
100
AcDbEntity
  8
AVAN-YAZI
100
AcDbText
 10
-2314.4417
 20
1381.1717
 30
0.0
 40
2.109
  1
A
  7
AVAN
 41
1.0073
 11
-2314.4417
 21
1381.1717
 31
0.0
100
AcDbText
  0
TEXT
  5
8DB
330
17
100
AcDbEntity
  8
AVAN-YAZI
100
AcDbText
 10
-2320.7803
 20
1381.0306
 30
0.0
 40
2.212
  1
41
  7
AVAN-KALIN
 41
1.2291
 11
-2320.7803
 21
1381.0306
 31
0.0
100
AcDbText
  0
TEXT
  5
8DC
330
17
100
AcDbEntity
  8
AVAN-YAZI
100
AcDbText
 10
-2296.4416
 20
1379.6547
 30
0.0
 40
1.775
  1
60364-5-52
  7
AVAN
 41
1.1161
 11
-2296.4416
 21
1379.6547
 31
0.0
100
AcDbText
  0
TEXT
  5
8DD
330
17
100
AcDbEntity
  8
AVAN-YAZI
100
AcDbText
 10
-2446.7944
 20
1371.9811
 30
0.0
 40
2.315
  1
KONTROL ε ≤ εmax ve I ≤
  7
AVAN-KALIN
 41
1.176
 11
-2446.7944
 21
1371.9811
 31
0.0
100
AcDbText
  0
TEXT
  5
8DE
330
17
100
AcDbEntity
  8
AVAN-YAZI
100
AcDbText
 10
-2394.7944
 20
1369.7762
 30
0.0
 40
2.315
  1
Seçilen kablo : 6,00 mm² NHXMH FE180 — uygundur.
  7
AVAN-KALIN
 41
1.1625
 11
-2394.7944
 21
1369.7762
 31
0.0
100
AcDbText
  0
TEXT
  5
8DF
330
17
100
AcDbEntity
  8
AVAN-YAZI
100
AcDbText
 10
-2446.7944
 20
1367.5714
 30
0.0
 40
2.315
  1
Iz
  7
AVAN-KALIN
 41
1.2045
 11
-2446.7944
 21
1367.5714
 31
0.0
100
AcDbText
  0
TEXT
  5
8E0
330
17
100
AcDbEntity
  8
AVAN-YAZI
100
AcDbText
 10
-2445.3833
 20
1362.3856
 30
0.0
 40
1.852
  1
ε ≤ εmax : UYGUN
  7
AVAN
 41
1.0987
 11
-2445.3833
 21
1362.3856
 31
0.0
100
AcDbText
  0
TEXT
  5
8E1
330
17
100
AcDbEntity
  8
AVAN-YAZI
100
AcDbText
 10
-2445.3833
 20
1358.9989
 30
0.0
 40
1.852
  1
I ≤ Iz : UYGUN
  7
AVAN
 41
1.0643
 11
-2445.3833
 21
1358.9989
 31
0.0
100
AcDbText
  0
TEXT
  5
8E2
330
17
100
AcDbEntity
  8
AVAN-YAZI
100
AcDbText
 10
-2445.3833
 20
1354.4122
 30
0.0
 40
1.852
  1
▪ Aydınlatma ve priz devrelerinde izin verilen gerilim düşümü %1,5'tir; bu devrelerin uç noktalara kadar düşümü uygulama projesinde
  7
AVAN
 41
1.1058
 11
-2445.3833
 21
1354.4122
 31
0.0
100
AcDbText
  0
TEXT
  5
8E3
330
17
100
AcDbEntity
  8
AVAN-YAZI
100
AcDbText
 10
-2445.3833
 20
1351.0255
 30
0.0
 40
1.852
  1
kontrol edilecektir.
  7
AVAN
 41
1.1457
 11
-2445.3833
 21
1351.0255
 31
0.0
100
AcDbText
  0
TEXT
  5
8E4
330
17
100
AcDbEntity
  8
AVAN-YAZI
100
AcDbText
 10
-2445.3833
 20
1347.6389
 30
0.0
 40
1.852
  1
▪ ε % = 100 · P · L / ( κ · S · U² ) I = P / ( √3 · U · cosφ )
  7
AVAN
 41
1.0996
 11
-2445.3833
 21
1347.6389
 31
0.0
100
AcDbText
  0
TEXT
  5
8E5
330
17
100
AcDbEntity
  8
AVAN-YAZI
100
AcDbText
 10
-2445.3833
 20
1344.2522
 30
0.0
 40
1.852
  1
▪ Kolon hattı asansörün TOPLAM kurulu gücünü ( motor + aydınlatma + priz ) taşır; makine besleme hattı yalnız motoru besler.
  7
AVAN
 41
1.0641
 11
-2445.3833
 21
1344.2522
 31
0.0
100
AcDbText
  0
TEXT
  5
8E6
330
17
100
AcDbEntity
  8
AVAN-YAZI
100
AcDbText
 10
-2275.9854
 20
1325.3
 30
0.0
 40
1.646
  1
Sayfa 7
  7
AVAN
 41
1.0886
 11
-2275.9854
 21
1325.3
 31
0.0
100
AcDbText
  0
LWPOLYLINE
  5
8E7
330
17
100
AcDbEntity
  8
AVAN-A4
100
AcDbPolyline
 90
4
 70
1
 10
-2242.5
 20
1310.9
 10
-2032.4999966666667
 20
1310.9
 10
-2032.4999966666667
 20
1607.9000127777779
 10
-2242.5
 20
1607.9000127777779
  0
LINE
  5
8E8
330
17
100
AcDbEntity
  8
AVAN-CIZGI
100
AcDbLine
 10
-2230.5
 20
1322.9
 30
0.0
 11
-2044.5
 21
1322.9
 31
0.0
  0
LINE
  5
8E9
330
17
100
AcDbEntity
  8
AVAN-CIZGI
100
AcDbLine
 10
-2044.5
 20
1322.9
 30
0.0
 11
-2044.5
 21
1595.9
 31
0.0
  0
LINE
  5
8EA
330
17
100
AcDbEntity
  8
AVAN-CIZGI
100
AcDbLine
 10
-2044.5
 20
1595.9
 30
0.0
 11
-2230.5
 21
1595.9
 31
0.0
  0
LINE
  5
8EB
330
17
100
AcDbEntity
  8
AVAN-CIZGI
100
AcDbLine
 10
-2230.5
 20
1595.9
 30
0.0
 11
-2230.5
 21
1322.9
 31
0.0
  0
LINE
  5
8EC
330
17
100
AcDbEntity
  8
AVAN-CIZGI
100
AcDbLine
 10
-2230.5
 20
1584.5
 30
0.0
 11
-2044.5
 21
1584.5
 31
0.0
  0
LINE
  5
8ED
330
17
100
AcDbEntity
  8
AVAN-CIZGI
100
AcDbLine
 10
-2230.5
 20
1329.9
 30
0.0
 11
-2044.5
 21
1329.9
 31
0.0
  0
LINE
  5
8EE
330
17
100
AcDbEntity
  8
AVAN-CIZGI
100
AcDbLine
 10
-2227.5
 20
1577.7833
 30
0.0
 11
-2047.5
 21
1577.7833
 31
0.0
  0
LINE
  5
8EF
330
17
100
AcDbEntity
  8
AVAN-CIZGI
100
AcDbLine
 10
-2227.5
 20
1570.9394
 30
0.0
 11
-2047.5
 21
1570.9394
 31
0.0
  0
LINE
  5
8F0
330
17
100
AcDbEntity
  8
AVAN-CIZGI
100
AcDbLine
 10
-2227.5
 20
1570.9394
 30
0.0
 11
-2227.5
 21
1577.7833
 31
0.0
  0
LINE
  5
8F1
330
17
100
AcDbEntity
  8
AVAN-CIZGI
100
AcDbLine
 10
-2047.5
 20
1570.9394
 30
0.0
 11
-2047.5
 21
1577.7833
 31
0.0
  0
LINE
  5
8F2
330
17
100
AcDbEntity
  8
AVAN-CIZGI
100
AcDbLine
 10
-2227.5
 20
1577.7833
 30
0.0
 11
-2047.5
 21
1577.7833
 31
0.0
  0
LINE
  5
8F3
330
17
100
AcDbEntity
  8
AVAN-CIZGI
100
AcDbLine
 10
-2227.5
 20
1570.9394
 30
0.0
 11
-2047.5
 21
1570.9394
 31
0.0
  0
LINE
  5
8F4
330
17
100
AcDbEntity
  8
AVAN-CIZGI
100
AcDbLine
 10
-2227.5
 20
1565.295
 30
0.0
 11
-2047.5
 21
1565.295
 31
0.0
  0
LINE
  5
8F5
330
17
100
AcDbEntity
  8
AVAN-CIZGI
100
AcDbLine
 10
-2227.5
 20
1565.295
 30
0.0
 11
-2227.5
 21
1570.9394
 31
0.0
  0
LINE
  5
8F6
330
17
100
AcDbEntity
  8
AVAN-CIZGI
100
AcDbLine
 10
-2047.5
 20
1565.295
 30
0.0
 11
-2047.5
 21
1570.9394
 31
0.0
  0
LINE
  5
8F7
330
17
100
AcDbEntity
  8
AVAN-CIZGI
100
AcDbLine
 10
-2125.5
 20
1565.295
 30
0.0
 11
-2125.5
 21
1570.9394
 31
0.0
  0
LINE
  5
8F8
330
17
100
AcDbEntity
  8
AVAN-CIZGI
100
AcDbLine
 10
-2077.5
 20
1565.295
 30
0.0
 11
-2077.5
 21
1570.9394
 31
0.0
  0
LINE
  5
8F9
330
17
100
AcDbEntity
  8
AVAN-CIZGI
100
AcDbLine
 10
-2227.5
 20
1565.295
 30
0.0
 11
-2047.5
 21
1565.295
 31
0.0
  0
LINE
  5
8FA
330
17
100
AcDbEntity
  8
AVAN-CIZGI
100
AcDbLine
 10
-2227.5
 20
1565.295
 30
0.0
 11
-2047.5
 21
1565.295
 31
0.0
  0
LINE
  5
8FB
330
17
100
AcDbEntity
  8
AVAN-CIZGI
100
AcDbLine
 10
-2227.5
 20
1493.9633
 30
0.0
 11
-2047.5
 21
1493.9633
 31
0.0
  0
LINE
  5
8FC
330
17
100
AcDbEntity
  8
AVAN-CIZGI
100
AcDbLine
 10
-2227.5
 20
1493.9633
 30
0.0
 11
-2227.5
 21
1565.295
 31
0.0
  0
LINE
  5
8FD
330
17
100
AcDbEntity
  8
AVAN-CIZGI
100
AcDbLine
 10
-2047.5
 20
1493.9633
 30
0.0
 11
-2047.5
 21
1565.295
 31
0.0
  0
LINE
  5
8FE
330
17
100
AcDbEntity
  8
AVAN-CIZGI
100
AcDbLine
 10
-2125.5
 20
1493.9633
 30
0.0
 11
-2125.5
 21
1565.295
 31
0.0
  0
LINE
  5
8FF
330
17
100
AcDbEntity
  8
AVAN-CIZGI
100
AcDbLine
 10
-2077.5
 20
1493.9633
 30
0.0
 11
-2077.5
 21
1565.295
 31
0.0
  0
LINE
  5
900
330
17
100
AcDbEntity
  8
AVAN-CIZGI
100
AcDbLine
 10
-2227.5
 20
1559.6506
 30
0.0
 11
-2047.5
 21
1559.6506
 31
0.0
  0
LINE
  5
901
330
17
100
AcDbEntity
  8
AVAN-CIZGI
100
AcDbLine
 10
-2227.5
 20
1554.0061
 30
0.0
 11
-2047.5
 21
1554.0061
 31
0.0
  0
LINE
  5
902
330
17
100
AcDbEntity
  8
AVAN-CIZGI
100
AcDbLine
 10
-2227.5
 20
1541.5178
 30
0.0
 11
-2047.5
 21
1541.5178
 31
0.0
  0
LINE
  5
903
330
17
100
AcDbEntity
  8
AVAN-CIZGI
100
AcDbLine
 10
-2227.5
 20
1535.8733
 30
0.0
 11
-2047.5
 21
1535.8733
 31
0.0
  0
LINE
  5
904
330
17
100
AcDbEntity
  8
AVAN-CIZGI
100
AcDbLine
 10
-2227.5
 20
1530.2289
 30
0.0
 11
-2047.5
 21
1530.2289
 31
0.0
  0
LINE
  5
905
330
17
100
AcDbEntity
  8
AVAN-CIZGI
100
AcDbLine
 10
-2227.5
 20
1524.5844
 30
0.0
 11
-2047.5
 21
1524.5844
 31
0.0
  0
LINE
  5
906
330
17
100
AcDbEntity
  8
AVAN-CIZGI
100
AcDbLine
 10
-2227.5
 20
1512.0961
 30
0.0
 11
-2047.5
 21
1512.0961
 31
0.0
  0
LINE
  5
907
330
17
100
AcDbEntity
  8
AVAN-CIZGI
100
AcDbLine
 10
-2227.5
 20
1506.4517
 30
0.0
 11
-2047.5
 21
1506.4517
 31
0.0
  0
LINE
  5
908
330
17
100
AcDbEntity
  8
AVAN-CIZGI
100
AcDbLine
 10
-2227.5
 20
1493.9633
 30
0.0
 11
-2047.5
 21
1493.9633
 31
0.0
  0
LINE
  5
909
330
17
100
AcDbEntity
  8
AVAN-CIZGI
100
AcDbLine
 10
-2227.5
 20
1493.9633
 30
0.0
 11
-2047.5
 21
1493.9633
 31
0.0
  0
LINE
  5
90A
330
17
100
AcDbEntity
  8
AVAN-CIZGI
100
AcDbLine
 10
-2227.5
 20
1488.3189
 30
0.0
 11
-2047.5
 21
1488.3189
 31
0.0
  0
LINE
  5
90B
330
17
100
AcDbEntity
  8
AVAN-CIZGI
100
AcDbLine
 10
-2227.5
 20
1488.3189
 30
0.0
 11
-2227.5
 21
1493.9633
 31
0.0
  0
LINE
  5
90C
330
17
100
AcDbEntity
  8
AVAN-CIZGI
100
AcDbLine
 10
-2047.5
 20
1488.3189
 30
0.0
 11
-2047.5
 21
1493.9633
 31
0.0
  0
LINE
  5
90D
330
17
100
AcDbEntity
  8
AVAN-CIZGI
100
AcDbLine
 10
-2125.5
 20
1488.3189
 30
0.0
 11
-2125.5
 21
1493.9633
 31
0.0
  0
LINE
  5
90E
330
17
100
AcDbEntity
  8
AVAN-CIZGI
100
AcDbLine
 10
-2077.5
 20
1488.3189
 30
0.0
 11
-2077.5
 21
1493.9633
 31
0.0
  0
LINE
  5
90F
330
17
100
AcDbEntity
  8
AVAN-CIZGI
100
AcDbLine
 10
-2227.5
 20
1488.3189
 30
0.0
 11
-2047.5
 21
1488.3189
 31
0.0
  0
LINE
  5
910
330
17
100
AcDbEntity
  8
AVAN-CIZGI
100
AcDbLine
 10
-2227.5
 20
1486.8189
 30
0.0
 11
-2047.5
 21
1486.8189
 31
0.0
  0
LINE
  5
911
330
17
100
AcDbEntity
  8
AVAN-CIZGI
100
AcDbLine
 10
-2227.5
 20
1479.5869
 30
0.0
 11
-2047.5
 21
1479.5869
 31
0.0
  0
LINE
  5
912
330
17
100
AcDbEntity
  8
AVAN-CIZGI
100
AcDbLine
 10
-2227.5
 20
1473.5869
 30
0.0
 11
-2047.5
 21
1473.5869
 31
0.0
  0
LINE
  5
913
330
17
100
AcDbEntity
  8
AVAN-CIZGI
100
AcDbLine
 10
-2227.5
 20
1466.743
 30
0.0
 11
-2047.5
 21
1466.743
 31
0.0
  0
LINE
  5
914
330
17
100
AcDbEntity
  8
AVAN-CIZGI
100
AcDbLine
 10
-2227.5
 20
1466.743
 30
0.0
 11
-2227.5
 21
1473.5869
 31
0.0
  0
LINE
  5
915
330
17
100
AcDbEntity
  8
AVAN-CIZGI
100
AcDbLine
 10
-2047.5
 20
1466.743
 30
0.0
 11
-2047.5
 21
1473.5869
 31
0.0
  0
LINE
  5
916
330
17
100
AcDbEntity
  8
AVAN-CIZGI
100
AcDbLine
 10
-2227.5
 20
1473.5869
 30
0.0
 11
-2047.5
 21
1473.5869
 31
0.0
  0
LINE
  5
917
330
17
100
AcDbEntity
  8
AVAN-CIZGI
100
AcDbLine
 10
-2227.5
 20
1466.743
 30
0.0
 11
-2047.5
 21
1466.743
 31
0.0
  0
LINE
  5
918
330
17
100
AcDbEntity
  8
AVAN-CIZGI
100
AcDbLine
 10
-2227.5
 20
1459.8992
 30
0.0
 11
-2047.5
 21
1459.8992
 31
0.0
  0
LINE
  5
919
330
17
100
AcDbEntity
  8
AVAN-CIZGI
100
AcDbLine
 10
-2227.5
 20
1459.8992
 30
0.0
 11
-2227.5
 21
1466.743
 31
0.0
  0
LINE
  5
91A
330
17
100
AcDbEntity
  8
AVAN-CIZGI
100
AcDbLine
 10
-2047.5
 20
1459.8992
 30
0.0
 11
-2047.5
 21
1466.743
 31
0.0
  0
LINE
  5
91B
330
17
100
AcDbEntity
  8
AVAN-CIZGI
100
AcDbLine
 10
-2227.5
 20
1466.743
 30
0.0
 11
-2047.5
 21
1466.743
 31
0.0
  0
LINE
  5
91C
330
17
100
AcDbEntity
  8
AVAN-CIZGI
100
AcDbLine
 10
-2227.5
 20
1459.8992
 30
0.0
 11
-2047.5
 21
1459.8992
 31
0.0
  0
LINE
  5
91D
330
17
100
AcDbEntity
  8
AVAN-CIZGI
100
AcDbLine
 10
-2227.5
 20
1447.4108
 30
0.0
 11
-2047.5
 21
1447.4108
 31
0.0
  0
LINE
  5
91E
330
17
100
AcDbEntity
  8
AVAN-CIZGI
100
AcDbLine
 10
-2227.5
 20
1447.4108
 30
0.0
 11
-2227.5
 21
1459.8992
 31
0.0
  0
LINE
  5
91F
330
17
100
AcDbEntity
  8
AVAN-CIZGI
100
AcDbLine
 10
-2047.5
 20
1447.4108
 30
0.0
 11
-2047.5
 21
1459.8992
 31
0.0
  0
LINE
  5
920
330
17
100
AcDbEntity
  8
AVAN-CIZGI
100
AcDbLine
 10
-2125.5
 20
1447.4108
 30
0.0
 11
-2125.5
 21
1459.8992
 31
0.0
  0
LINE
  5
921
330
17
100
AcDbEntity
  8
AVAN-CIZGI
100
AcDbLine
 10
-2077.5
 20
1447.4108
 30
0.0
 11
-2077.5
 21
1459.8992
 31
0.0
  0
LINE
  5
922
330
17
100
AcDbEntity
  8
AVAN-CIZGI
100
AcDbLine
 10
-2227.5
 20
1447.4108
 30
0.0
 11
-2047.5
 21
1447.4108
 31
0.0
  0
LINE
  5
923
330
17
100
AcDbEntity
  8
AVAN-CIZGI
100
AcDbLine
 10
-2227.5
 20
1447.4108
 30
0.0
 11
-2047.5
 21
1447.4108
 31
0.0
  0
LINE
  5
924
330
17
100
AcDbEntity
  8
AVAN-CIZGI
100
AcDbLine
 10
-2227.5
 20
1411.1453
 30
0.0
 11
-2047.5
 21
1411.1453
 31
0.0
  0
LINE
  5
925
330
17
100
AcDbEntity
  8
AVAN-CIZGI
100
AcDbLine
 10
-2227.5
 20
1411.1453
 30
0.0
 11
-2227.5
 21
1447.4108
 31
0.0
  0
LINE
  5
926
330
17
100
AcDbEntity
  8
AVAN-CIZGI
100
AcDbLine
 10
-2047.5
 20
1411.1453
 30
0.0
 11
-2047.5
 21
1447.4108
 31
0.0
  0
LINE
  5
927
330
17
100
AcDbEntity
  8
AVAN-CIZGI
100
AcDbLine
 10
-2125.5
 20
1411.1453
 30
0.0
 11
-2125.5
 21
1447.4108
 31
0.0
  0
LINE
  5
928
330
17
100
AcDbEntity
  8
AVAN-CIZGI
100
AcDbLine
 10
-2077.5
 20
1411.1453
 30
0.0
 11
-2077.5
 21
1447.4108
 31
0.0
  0
LINE
  5
929
330
17
100
AcDbEntity
  8
AVAN-CIZGI
100
AcDbLine
 10
-2227.5
 20
1434.9225
 30
0.0
 11
-2047.5
 21
1434.9225
 31
0.0
  0
LINE
  5
92A
330
17
100
AcDbEntity
  8
AVAN-CIZGI
100
AcDbLine
 10
-2227.5
 20
1422.4342
 30
0.0
 11
-2047.5
 21
1422.4342
 31
0.0
  0
LINE
  5
92B
330
17
100
AcDbEntity
  8
AVAN-CIZGI
100
AcDbLine
 10
-2227.5
 20
1416.7897
 30
0.0
 11
-2047.5
 21
1416.7897
 31
0.0
  0
LINE
  5
92C
330
17
100
AcDbEntity
  8
AVAN-CIZGI
100
AcDbLine
 10
-2227.5
 20
1411.1453
 30
0.0
 11
-2047.5
 21
1411.1453
 31
0.0
  0
LINE
  5
92D
330
17
100
AcDbEntity
  8
AVAN-CIZGI
100
AcDbLine
 10
-2227.5
 20
1411.1453
 30
0.0
 11
-2047.5
 21
1411.1453
 31
0.0
  0
LINE
  5
92E
330
17
100
AcDbEntity
  8
AVAN-CIZGI
100
AcDbLine
 10
-2227.5
 20
1398.6569
 30
0.0
 11
-2047.5
 21
1398.6569
 31
0.0
  0
LINE
  5
92F
330
17
100
AcDbEntity
  8
AVAN-CIZGI
100
AcDbLine
 10
-2227.5
 20
1398.6569
 30
0.0
 11
-2227.5
 21
1411.1453
 31
0.0
  0
LINE
  5
930
330
17
100
AcDbEntity
  8
AVAN-CIZGI
100
AcDbLine
 10
-2047.5
 20
1398.6569
 30
0.0
 11
-2047.5
 21
1411.1453
 31
0.0
  0
LINE
  5
931
330
17
100
AcDbEntity
  8
AVAN-CIZGI
100
AcDbLine
 10
-2125.5
 20
1398.6569
 30
0.0
 11
-2125.5
 21
1411.1453
 31
0.0
  0
LINE
  5
932
330
17
100
AcDbEntity
  8
AVAN-CIZGI
100
AcDbLine
 10
-2077.5
 20
1398.6569
 30
0.0
 11
-2077.5
 21
1411.1453
 31
0.0
  0
LINE
  5
933
330
17
100
AcDbEntity
  8
AVAN-CIZGI
100
AcDbLine
 10
-2227.5
 20
1398.6569
 30
0.0
 11
-2047.5
 21
1398.6569
 31
0.0
  0
LINE
  5
934
330
17
100
AcDbEntity
  8
AVAN-CIZGI
100
AcDbLine
 10
-2227.5
 20
1395.457
 30
0.0
 11
-2047.5
 21
1395.457
 31
0.0
  0
LINE
  5
935
330
17
100
AcDbEntity
  8
AVAN-CIZGI
100
AcDbLine
 10
-2227.5
 20
1388.6131
 30
0.0
 11
-2047.5
 21
1388.6131
 31
0.0
  0
LINE
  5
936
330
17
100
AcDbEntity
  8
AVAN-CIZGI
100
AcDbLine
 10
-2227.5
 20
1388.6131
 30
0.0
 11
-2227.5
 21
1395.457
 31
0.0
  0
LINE
  5
937
330
17
100
AcDbEntity
  8
AVAN-CIZGI
100
AcDbLine
 10
-2047.5
 20
1388.6131
 30
0.0
 11
-2047.5
 21
1395.457
 31
0.0
  0
LINE
  5
938
330
17
100
AcDbEntity
  8
AVAN-CIZGI
100
AcDbLine
 10
-2227.5
 20
1395.457
 30
0.0
 11
-2047.5
 21
1395.457
 31
0.0
  0
LINE
  5
939
330
17
100
AcDbEntity
  8
AVAN-CIZGI
100
AcDbLine
 10
-2227.5
 20
1388.6131
 30
0.0
 11
-2047.5
 21
1388.6131
 31
0.0
  0
LINE
  5
93A
330
17
100
AcDbEntity
  8
AVAN-CIZGI
100
AcDbLine
 10
-2227.5
 20
1382.9686
 30
0.0
 11
-2047.5
 21
1382.9686
 31
0.0
  0
LINE
  5
93B
330
17
100
AcDbEntity
  8
AVAN-CIZGI
100
AcDbLine
 10
-2227.5
 20
1382.9686
 30
0.0
 11
-2227.5
 21
1388.6131
 31
0.0
  0
LINE
  5
93C
330
17
100
AcDbEntity
  8
AVAN-CIZGI
100
AcDbLine
 10
-2047.5
 20
1382.9686
 30
0.0
 11
-2047.5
 21
1388.6131
 31
0.0
  0
LINE
  5
93D
330
17
100
AcDbEntity
  8
AVAN-CIZGI
100
AcDbLine
 10
-2125.5
 20
1382.9686
 30
0.0
 11
-2125.5
 21
1388.6131
 31
0.0
  0
LINE
  5
93E
330
17
100
AcDbEntity
  8
AVAN-CIZGI
100
AcDbLine
 10
-2077.5
 20
1382.9686
 30
0.0
 11
-2077.5
 21
1388.6131
 31
0.0
  0
LINE
  5
93F
330
17
100
AcDbEntity
  8
AVAN-CIZGI
100
AcDbLine
 10
-2227.5
 20
1382.9686
 30
0.0
 11
-2047.5
 21
1382.9686
 31
0.0
  0
LINE
  5
940
330
17
100
AcDbEntity
  8
AVAN-CIZGI
100
AcDbLine
 10
-2227.5
 20
1382.9686
 30
0.0
 11
-2047.5
 21
1382.9686
 31
0.0
  0
LINE
  5
941
330
17
100
AcDbEntity
  8
AVAN-CIZGI
100
AcDbLine
 10
-2227.5
 20
1377.3242
 30
0.0
 11
-2047.5
 21
1377.3242
 31
0.0
  0
LINE
  5
942
330
17
100
AcDbEntity
  8
AVAN-CIZGI
100
AcDbLine
 10
-2227.5
 20
1377.3242
 30
0.0
 11
-2227.5
 21
1382.9686
 31
0.0
  0
LINE
  5
943
330
17
100
AcDbEntity
  8
AVAN-CIZGI
100
AcDbLine
 10
-2047.5
 20
1377.3242
 30
0.0
 11
-2047.5
 21
1382.9686
 31
0.0
  0
LINE
  5
944
330
17
100
AcDbEntity
  8
AVAN-CIZGI
100
AcDbLine
 10
-2125.5
 20
1377.3242
 30
0.0
 11
-2125.5
 21
1382.9686
 31
0.0
  0
LINE
  5
945
330
17
100
AcDbEntity
  8
AVAN-CIZGI
100
AcDbLine
 10
-2077.5
 20
1377.3242
 30
0.0
 11
-2077.5
 21
1382.9686
 31
0.0
  0
LINE
  5
946
330
17
100
AcDbEntity
  8
AVAN-CIZGI
100
AcDbLine
 10
-2227.5
 20
1377.3242
 30
0.0
 11
-2047.5
 21
1377.3242
 31
0.0
  0
LINE
  5
947
330
17
100
AcDbEntity
  8
AVAN-CIZGI
100
AcDbLine
 10
-2227.5
 20
1377.3242
 30
0.0
 11
-2047.5
 21
1377.3242
 31
0.0
  0
LINE
  5
948
330
17
100
AcDbEntity
  8
AVAN-CIZGI
100
AcDbLine
 10
-2227.5
 20
1362.7192
 30
0.0
 11
-2047.5
 21
1362.7192
 31
0.0
  0
LINE
  5
949
330
17
100
AcDbEntity
  8
AVAN-CIZGI
100
AcDbLine
 10
-2227.5
 20
1362.7192
 30
0.0
 11
-2227.5
 21
1377.3242
 31
0.0
  0
LINE
  5
94A
330
17
100
AcDbEntity
  8
AVAN-CIZGI
100
AcDbLine
 10
-2047.5
 20
1362.7192
 30
0.0
 11
-2047.5
 21
1377.3242
 31
0.0
  0
LINE
  5
94B
330
17
100
AcDbEntity
  8
AVAN-CIZGI
100
AcDbLine
 10
-2125.5
 20
1362.7192
 30
0.0
 11
-2125.5
 21
1377.3242
 31
0.0
  0
LINE
  5
94C
330
17
100
AcDbEntity
  8
AVAN-CIZGI
100
AcDbLine
 10
-2077.5
 20
1362.7192
 30
0.0
 11
-2077.5
 21
1377.3242
 31
0.0
  0
LINE
  5
94D
330
17
100
AcDbEntity
  8
AVAN-CIZGI
100
AcDbLine
 10
-2227.5
 20
1362.7192
 30
0.0
 11
-2047.5
 21
1362.7192
 31
0.0
  0
TEXT
  5
94E
330
17
100
AcDbEntity
  8
AVAN-YAZI
100
AcDbText
 10
-2178.4722
 20
1587.7
 30
0.0
 40
3.086
  1
ASANSÖR AVAN PROJE HESAPLARI
  7
AVAN-KALIN
 41
1.066
 11
-2178.4722
 21
1587.7
 31
0.0
100
AcDbText
  0
TEXT
  5
94F
330
17
100
AcDbEntity
  8
AVAN-YAZI
100
AcDbText
 10
-2064.6576
 20
1573.356
 30
0.0
 40
1.903
  1
TS EN 81-20
  7
AVAN
 41
1.0479
 11
-2064.6576
 21
1573.356
 31
0.0
100
AcDbText
  0
TEXT
  5
950
330
17
100
AcDbEntity
  8
AVAN-YAZI
100
AcDbText
 10
-2226.4417
 20
1573.2325
 30
0.0
 40
2.443
  1
MAKİNE DAİRESİ AYDINLATMA HESABI
  7
AVAN-KALIN
 41
1.0239
 11
-2226.4417
 21
1573.2325
 31
0.0
100
AcDbText
  0
TEXT
  5
951
330
17
100
AcDbEntity
  8
AVAN-YAZI
100
AcDbText
 10
-2076.4416
 20
1567.2706
 30
0.0
 40
1.775
  1
GİRİŞ
  7
AVAN
 41
0.6995
 11
-2076.4416
 21
1567.2706
 31
0.0
100
AcDbText
  0
TEXT
  5
952
330
17
100
AcDbEntity
  8
AVAN-YAZI
100
AcDbText
 10
-2226.4417
 20
1567.2
 30
0.0
 40
2.109
  1
a
  7
AVAN
 41
1.0825
 11
-2226.4417
 21
1567.2
 31
0.0
100
AcDbText
  0
TEXT
  5
953
330
17
100
AcDbEntity
  8
AVAN-YAZI
100
AcDbText
 10
-2213.4417
 20
1567.2
 30
0.0
 40
2.109
  1
Makine dairesi uzunluğu
  7
AVAN
 41
1.0883
 11
-2213.4417
 21
1567.2
 31
0.0
100
AcDbText
  0
TEXT
  5
954
330
17
100
AcDbEntity
  8
AVAN-YAZI
100
AcDbText
 10
-2129.4417
 20
1567.2
 30
0.0
 40
2.109
  1
=
  7
AVAN
 41
1.4092
 11
-2129.4417
 21
1567.2
 31
0.0
100
AcDbText
  0
TEXT
  5
955
330
17
100
AcDbEntity
  8
AVAN-YAZI
100
AcDbText
 10
-2094.4417
 20
1567.2
 30
0.0
 40
2.109
  1
m
  7
AVAN
 41
1.1486
 11
-2094.4417
 21
1567.2
 31
0.0
100
AcDbText
  0
TEXT
  5
956
330
17
100
AcDbEntity
  8
AVAN-YAZI
100
AcDbText
 10
-2104.0438
 20
1567.0589
 30
0.0
 40
2.212
  1
4,20
  7
AVAN-KALIN
 41
1.2453
 11
-2104.0438
 21
1567.0589
 31
0.0
100
AcDbText
  0
TEXT
  5
957
330
17
100
AcDbEntity
  8
AVAN-YAZI
100
AcDbText
 10
-2076.4416
 20
1561.6261
 30
0.0
 40
1.775
  1
GİRİŞ
  7
AVAN
 41
0.6995
 11
-2076.4416
 21
1561.6261
 31
0.0
100
AcDbText
  0
TEXT
  5
958
330
17
100
AcDbEntity
  8
AVAN-YAZI
100
AcDbText
 10
-2226.4417
 20
1561.5556
 30
0.0
 40
2.109
  1
b
  7
AVAN
 41
1.1213
 11
-2226.4417
 21
1561.5556
 31
0.0
100
AcDbText
  0
TEXT
  5
959
330
17
100
AcDbEntity
  8
AVAN-YAZI
100
AcDbText
 10
-2213.4417
 20
1561.5556
 30
0.0
 40
2.109
  1
Makine dairesi genişliği
  7
AVAN
 41
1.0655
 11
-2213.4417
 21
1561.5556
 31
0.0
100
AcDbText
  0
TEXT
  5
95A
330
17
100
AcDbEntity
  8
AVAN-YAZI
100
AcDbText
 10
-2129.4417
 20
1561.5556
 30
0.0
 40
2.109
  1
=
  7
AVAN
 41
1.4092
 11
-2129.4417
 21
1561.5556
 31
0.0
100
AcDbText
  0
TEXT
  5
95B
330
17
100
AcDbEntity
  8
AVAN-YAZI
100
AcDbText
 10
-2094.4417
 20
1561.5556
 30
0.0
 40
2.109
  1
m
  7
AVAN
 41
1.1486
 11
-2094.4417
 21
1561.5556
 31
0.0
100
AcDbText
  0
TEXT
  5
95C
330
17
100
AcDbEntity
  8
AVAN-YAZI
100
AcDbText
 10
-2104.0438
 20
1561.4144
 30
0.0
 40
2.212
  1
3,10
  7
AVAN-KALIN
 41
1.2453
 11
-2104.0438
 21
1561.4144
 31
0.0
100
AcDbText
  0
TEXT
  5
95D
330
17
100
AcDbEntity
  8
AVAN-YAZI
100
AcDbText
 10
-2076.4416
 20
1555.9817
 30
0.0
 40
1.775
  1
SABİTLER A
  7
AVAN
 41
0.909
 11
-2076.4416
 21
1555.9817
 31
0.0
100
AcDbText
  0
TEXT
  5
95E
330
17
100
AcDbEntity
  8
AVAN-YAZI
100
AcDbText
 10
-2226.4417
 20
1555.9111
 30
0.0
 40
2.109
  1
h
  7
AVAN
 41
1.1196
 11
-2226.4417
 21
1555.9111
 31
0.0
100
AcDbText
  0
TEXT
  5
95F
330
17
100
AcDbEntity
  8
AVAN-YAZI
100
AcDbText
 10
-2213.4417
 20
1555.9111
 30
0.0
 40
2.109
  1
Armatür ile çalışma düzlemi arasındaki yükseklik
  7
AVAN
 41
1.0574
 11
-2213.4417
 21
1555.9111
 31
0.0
100
AcDbText
  0
TEXT
  5
960
330
17
100
AcDbEntity
  8
AVAN-YAZI
100
AcDbText
 10
-2129.4417
 20
1555.9111
 30
0.0
 40
2.109
  1
=
  7
AVAN
 41
1.4092
 11
-2129.4417
 21
1555.9111
 31
0.0
100
AcDbText
  0
TEXT
  5
961
330
17
100
AcDbEntity
  8
AVAN-YAZI
100
AcDbText
 10
-2094.4417
 20
1555.9111
 30
0.0
 40
2.109
  1
m
  7
AVAN
 41
1.1486
 11
-2094.4417
 21
1555.9111
 31
0.0
100
AcDbText
  0
TEXT
  5
962
330
17
100
AcDbEntity
  8
AVAN-YAZI
100
AcDbText
 10
-2098.6693
 20
1555.77
 30
0.0
 40
2.212
  1
1
  7
AVAN-KALIN
 41
1.2291
 11
-2098.6693
 21
1555.77
 31
0.0
100
AcDbText
  0
TEXT
  5
963
330
17
100
AcDbEntity
  8
AVAN-YAZI
100
AcDbText
 10
-2226.4417
 20
1549.1907
 30
0.0
 40
2.16
  1
k = a · b / ( h · ( a + b ) )
  7
AVAN-KALIN
 41
1.2508
 11
-2226.4417
 21
1549.1907
 31
0.0
100
AcDbText
  0
TEXT
  5
964
330
17
100
AcDbEntity
  8
AVAN-YAZI
100
AcDbText
 10
-2076.4416
 20
1544.1989
 30
0.0
 40
1.775
  1
bölge indeksi
  7
AVAN
 41
1.1161
 11
-2076.4416
 21
1544.1989
 31
0.0
100
AcDbText
  0
TEXT
  5
965
330
17
100
AcDbEntity
  8
AVAN-YAZI
100
AcDbText
 10
-2213.4417
 20
1544.1813
 30
0.0
 40
2.109
  1
= 4,20 · 3,10 / ( 1,00 · ( 4,20 + 3,10 ) )
  7
AVAN
 41
1.1468
 11
-2213.4417
 21
1544.1813
 31
0.0
100
AcDbText
  0
TEXT
  5
966
330
17
100
AcDbEntity
  8
AVAN-YAZI
100
AcDbText
 10
-2094.4417
 20
1544.1283
 30
0.0
 40
2.109
  1
—
  7
AVAN
 41
0.9822
 11
-2094.4417
 21
1544.1283
 31
0.0
100
AcDbText
  0
TEXT
  5
967
330
17
100
AcDbEntity
  8
AVAN-YAZI
100
AcDbText
 10
-2108.2658
 20
1543.9872
 30
0.0
 40
2.212
  1
1,7836
  7
AVAN-KALIN
 41
1.2394
 11
-2108.2658
 21
1543.9872
 31
0.0
100
AcDbText
  0
TEXT
  5
968
330
17
100
AcDbEntity
  8
AVAN-YAZI
100
AcDbText
 10
-2076.4416
 20
1537.8489
 30
0.0
 40
1.775
  1
TABLOLAR T2
  7
AVAN
 41
1.0053
 11
-2076.4416
 21
1537.8489
 31
0.0
100
AcDbText
  0
TEXT
  5
969
330
17
100
AcDbEntity
  8
AVAN-YAZI
100
AcDbText
 10
-2226.4417
 20
1537.7783
 30
0.0
 40
2.109
  1
η
  7
AVAN
 41
1.0323
 11
-2226.4417
 21
1537.7783
 31
0.0
100
AcDbText
  0
TEXT
  5
96A
330
17
100
AcDbEntity
  8
AVAN-YAZI
100
AcDbText
 10
-2213.4417
 20
1537.7783
 30
0.0
 40
2.109
  1
Oda aydınlatma verimi
  7
AVAN
 41
1.0714
 11
-2213.4417
 21
1537.7783
 31
0.0
100
AcDbText
  0
TEXT
  5
96B
330
17
100
AcDbEntity
  8
AVAN-YAZI
100
AcDbText
 10
-2129.4417
 20
1537.7783
 30
0.0
 40
2.109
  1
=
  7
AVAN
 41
1.4092
 11
-2129.4417
 21
1537.7783
 31
0.0
100
AcDbText
  0
TEXT
  5
96C
330
17
100
AcDbEntity
  8
AVAN-YAZI
100
AcDbText
 10
-2094.4417
 20
1537.7783
 30
0.0
 40
2.109
  1
—
  7
AVAN
 41
0.9822
 11
-2094.4417
 21
1537.7783
 31
0.0
100
AcDbText
  0
TEXT
  5
96D
330
17
100
AcDbEntity
  8
AVAN-YAZI
100
AcDbText
 10
-2104.0438
 20
1537.6372
 30
0.0
 40
2.212
  1
0,41
  7
AVAN-KALIN
 41
1.2453
 11
-2104.0438
 21
1537.6372
 31
0.0
100
AcDbText
  0
TEXT
  5
96E
330
17
100
AcDbEntity
  8
AVAN-YAZI
100
AcDbText
 10
-2076.4416
 20
1532.2044
 30
0.0
 40
1.775
  1
SABİTLER A
  7
AVAN
 41
0.909
 11
-2076.4416
 21
1532.2044
 31
0.0
100
AcDbText
  0
TEXT
  5
96F
330
17
100
AcDbEntity
  8
AVAN-YAZI
100
AcDbText
 10
-2226.4417
 20
1532.1339
 30
0.0
 40
2.109
  1
E
  7
AVAN
 41
0.9304
 11
-2226.4417
 21
1532.1339
 31
0.0
100
AcDbText
  0
TEXT
  5
970
330
17
100
AcDbEntity
  8
AVAN-YAZI
100
AcDbText
 10
-2213.4417
 20
1532.1339
 30
0.0
 40
2.109
  1
Asgari aydınlatma şiddeti
  7
AVAN
 41
1.0511
 11
-2213.4417
 21
1532.1339
 31
0.0
100
AcDbText
  0
TEXT
  5
971
330
17
100
AcDbEntity
  8
AVAN-YAZI
100
AcDbText
 10
-2129.4417
 20
1532.1339
 30
0.0
 40
2.109
  1
=
  7
AVAN
 41
1.4092
 11
-2129.4417
 21
1532.1339
 31
0.0
100
AcDbText
  0
TEXT
  5
972
330
17
100
AcDbEntity
  8
AVAN-YAZI
100
AcDbText
 10
-2094.4417
 20
1532.1339
 30
0.0
 40
2.109
  1
lüx
  7
AVAN
 41
1.1554
 11
-2094.4417
 21
1532.1339
 31
0.0
100
AcDbText
  0
TEXT
  5
973
330
17
100
AcDbEntity
  8
AVAN-YAZI
100
AcDbText
 10
-2102.8913
 20
1531.9928
 30
0.0
 40
2.212
  1
200
  7
AVAN-KALIN
 41
1.2291
 11
-2102.8913
 21
1531.9928
 31
0.0
100
AcDbText
  0
TEXT
  5
974
330
17
100
AcDbEntity
  8
AVAN-YAZI
100
AcDbText
 10
-2076.4416
 20
1526.56
 30
0.0
 40
1.775
  1
SABİTLER A
  7
AVAN
 41
0.909
 11
-2076.4416
 21
1526.56
 31
0.0
100
AcDbText
  0
TEXT
  5
975
330
17
100
AcDbEntity
  8
AVAN-YAZI
100
AcDbText
 10
-2226.4417
 20
1526.4894
 30
0.0
 40
2.109
  1
d
  7
AVAN
 41
1.1213
 11
-2226.4417
 21
1526.4894
 31
0.0
100
AcDbText
  0
TEXT
  5
976
330
17
100
AcDbEntity
  8
AVAN-YAZI
100
AcDbText
 10
-2213.4417
 20
1526.4894
 30
0.0
 40
2.109
  1
Kirlenme ( bakım ) faktörü
  7
AVAN
 41
1.0803
 11
-2213.4417
 21
1526.4894
 31
0.0
100
AcDbText
  0
TEXT
  5
977
330
17
100
AcDbEntity
  8
AVAN-YAZI
100
AcDbText
 10
-2129.4417
 20
1526.4894
 30
0.0
 40
2.109
  1
=
  7
AVAN
 41
1.4092
 11
-2129.4417
 21
1526.4894
 31
0.0
100
AcDbText
  0
TEXT
  5
978
330
17
100
AcDbEntity
  8
AVAN-YAZI
100
AcDbText
 10
-2094.4417
 20
1526.4894
 30
0.0
 40
2.109
  1
—
  7
AVAN
 41
0.9822
 11
-2094.4417
 21
1526.4894
 31
0.0
100
AcDbText
  0
TEXT
  5
979
330
17
100
AcDbEntity
  8
AVAN-YAZI
100
AcDbText
 10
-2104.0438
 20
1526.3483
 30
0.0
 40
2.212
  1
1,25
  7
AVAN-KALIN
 41
1.2453
 11
-2104.0438
 21
1526.3483
 31
0.0
100
AcDbText
  0
TEXT
  5
97A
330
17
100
AcDbEntity
  8
AVAN-YAZI
100
AcDbText
 10
-2226.4417
 20
1519.769
 30
0.0
 40
2.16
  1
T = E · a · b · d / η
  7
AVAN-KALIN
 41
1.2083
 11
-2226.4417
 21
1519.769
 31
0.0
100
AcDbText
  0
TEXT
  5
97B
330
17
100
AcDbEntity
  8
AVAN-YAZI
100
AcDbText
 10
-2213.4417
 20
1514.7596
 30
0.0
 40
2.109
  1
= 200 · 4,20 · 3,10 · 1,25 / 0,41
  7
AVAN
 41
1.1372
 11
-2213.4417
 21
1514.7596
 31
0.0
100
AcDbText
  0
TEXT
  5
97C
330
17
100
AcDbEntity
  8
AVAN-YAZI
100
AcDbText
 10
-2094.4417
 20
1514.7067
 30
0.0
 40
2.109
  1
lm
  7
AVAN
 41
1.1655
 11
-2094.4417
 21
1514.7067
 31
0.0
100
AcDbText
  0
TEXT
  5
97D
330
17
100
AcDbEntity
  8
AVAN-YAZI
100
AcDbText
 10
-2111.5293
 20
1514.5656
 30
0.0
 40
2.212
  1
7.939,02
  7
AVAN-KALIN
 41
1.2453
 11
-2111.5293
 21
1514.5656
 31
0.0
100
AcDbText
  0
TEXT
  5
97E
330
17
100
AcDbEntity
  8
AVAN-YAZI
100
AcDbText
 10
-2076.4416
 20
1508.4272
 30
0.0
 40
1.775
  1
SABİTLER B
  7
AVAN
 41
0.9093
 11
-2076.4416
 21
1508.4272
 31
0.0
100
AcDbText
  0
TEXT
  5
97F
330
17
100
AcDbEntity
  8
AVAN-YAZI
100
AcDbText
 10
-2226.4417
 20
1508.3567
 30
0.0
 40
2.109
  1
ØL
  7
AVAN
 41
0.9897
 11
-2226.4417
 21
1508.3567
 31
0.0
100
AcDbText
  0
TEXT
  5
980
330
17
100
AcDbEntity
  8
AVAN-YAZI
100
AcDbText
 10
-2213.4417
 20
1508.3567
 30
0.0
 40
2.109
  1
Bir armatürün ışık akısı
  7
AVAN
 41
0.9109
 11
-2213.4417
 21
1508.3567
 31
0.0
100
AcDbText
  0
TEXT
  5
981
330
17
100
AcDbEntity
  8
AVAN-YAZI
100
AcDbText
 10
-2129.4417
 20
1508.3567
 30
0.0
 40
2.109
  1
=
  7
AVAN
 41
1.4092
 11
-2129.4417
 21
1508.3567
 31
0.0
100
AcDbText
  0
TEXT
  5
982
330
17
100
AcDbEntity
  8
AVAN-YAZI
100
AcDbText
 10
-2094.4417
 20
1508.3567
 30
0.0
 40
2.109
  1
lm
  7
AVAN
 41
1.1655
 11
-2094.4417
 21
1508.3567
 31
0.0
100
AcDbText
  0
TEXT
  5
983
330
17
100
AcDbEntity
  8
AVAN-YAZI
100
AcDbText
 10
-2106.1548
 20
1508.2156
 30
0.0
 40
2.212
  1
2.600
  7
AVAN-KALIN
 41
1.2417
 11
-2106.1548
 21
1508.2156
 31
0.0
100
AcDbText
  0
TEXT
  5
984
330
17
100
AcDbEntity
  8
AVAN-YAZI
100
AcDbText
 10
-2226.4417
 20
1501.6363
 30
0.0
 40
2.16
  1
Z = T / ØL
  7
AVAN-KALIN
 41
1.1761
 11
-2226.4417
 21
1501.6363
 31
0.0
100
AcDbText
  0
TEXT
  5
985
330
17
100
AcDbEntity
  8
AVAN-YAZI
100
AcDbText
 10
-2213.4417
 20
1496.6268
 30
0.0
 40
2.109
  1
= 7.939,02 / 2.600
  7
AVAN
 41
1.1466
 11
-2213.4417
 21
1496.6268
 31
0.0
100
AcDbText
  0
TEXT
  5
986
330
17
100
AcDbEntity
  8
AVAN-YAZI
100
AcDbText
 10
-2094.4417
 20
1496.5739
 30
0.0
 40
2.109
  1
adet
  7
AVAN
 41
1.1381
 11
-2094.4417
 21
1496.5739
 31
0.0
100
AcDbText
  0
TEXT
  5
987
330
17
100
AcDbEntity
  8
AVAN-YAZI
100
AcDbText
 10
-2104.0438
 20
1496.4328
 30
0.0
 40
2.212
  1
3,05
  7
AVAN-KALIN
 41
1.2453
 11
-2104.0438
 21
1496.4328
 31
0.0
100
AcDbText
  0
TEXT
  5
988
330
17
100
AcDbEntity
  8
AVAN-YAZI
100
AcDbText
 10
-2226.4417
 20
1490.2239
 30
0.0
 40
2.109
  1
n
  7
AVAN
 41
1.1196
 11
-2226.4417
 21
1490.2239
 31
0.0
100
AcDbText
  0
TEXT
  5
989
330
17
100
AcDbEntity
  8
AVAN-YAZI
100
AcDbText
 10
-2213.4417
 20
1490.2239
 30
0.0
 40
2.109
  1
SEÇİLEN armatür sayısı ( Z yukarı yuvarlanır )
  7
AVAN
 41
0.9741
 11
-2213.4417
 21
1490.2239
 31
0.0
100
AcDbText
  0
TEXT
  5
98A
330
17
100
AcDbEntity
  8
AVAN-YAZI
100
AcDbText
 10
-2129.4417
 20
1490.2239
 30
0.0
 40
2.109
  1
=
  7
AVAN
 41
1.4092
 11
-2129.4417
 21
1490.2239
 31
0.0
100
AcDbText
  0
TEXT
  5
98B
330
17
100
AcDbEntity
  8
AVAN-YAZI
100
AcDbText
 10
-2094.4417
 20
1490.2239
 30
0.0
 40
2.109
  1
adet
  7
AVAN
 41
1.1381
 11
-2094.4417
 21
1490.2239
 31
0.0
100
AcDbText
  0
TEXT
  5
98C
330
17
100
AcDbEntity
  8
AVAN-YAZI
100
AcDbText
 10
-2098.6693
 20
1490.0828
 30
0.0
 40
2.212
  1
4
  7
AVAN-KALIN
 41
1.2291
 11
-2098.6693
 21
1490.0828
 31
0.0
100
AcDbText
  0
TEXT
  5
98D
330
17
100
AcDbEntity
  8
AVAN-YAZI
100
AcDbText
 10
-2226.7944
 20
1482.2328
 30
0.0
 40
2.315
  1
SONUÇ
  7
AVAN-KALIN
 41
1.0752
 11
-2226.7944
 21
1482.2328
 31
0.0
100
AcDbText
  0
TEXT
  5
98E
330
17
100
AcDbEntity
  8
AVAN-YAZI
100
AcDbText
 10
-2174.7944
 20
1482.2328
 30
0.0
 40
2.315
  1
4 adet 40 W armatür kullanılacaktır.
  7
AVAN-KALIN
 41
1.1369
 11
-2174.7944
 21
1482.2328
 31
0.0
100
AcDbText
  0
TEXT
  5
98F
330
17
100
AcDbEntity
  8
AVAN-YAZI
100
AcDbText
 10
-2106.8102
 20
1469.1596
 30
0.0
 40
1.903
  1
Temel ( ızgara ) + paralel çubuk topraklayıcı
  7
AVAN
 41
1.0444
 11
-2106.8102
 21
1469.1596
 31
0.0
100
AcDbText
  0
TEXT
  5
990
330
17
100
AcDbEntity
  8
AVAN-YAZI
100
AcDbText
 10
-2226.4417
 20
1469.0361
 30
0.0
 40
2.443
  1
TEMEL TOPRAKLAMA HESABI
  7
AVAN-KALIN
 41
1.0786
 11
-2226.4417
 21
1469.0361
 31
0.0
100
AcDbText
  0
TEXT
  5
991
330
17
100
AcDbEntity
  8
AVAN-YAZI
100
AcDbText
 10
-2063.5958
 20
1462.3157
 30
0.0
 40
1.903
  1
IEEE Std 80
  7
AVAN
 41
1.0385
 11
-2063.5958
 21
1462.3157
 31
0.0
100
AcDbText
  0
TEXT
  5
992
330
17
100
AcDbEntity
  8
AVAN-YAZI
100
AcDbText
 10
-2226.4417
 20
1462.1922
 30
0.0
 40
2.443
  1
1 - YATAY ( TEMEL ) TOPRAKLAYICI
  7
AVAN-KALIN
 41
1.1039
 11
-2226.4417
 21
1462.1922
 31
0.0
100
AcDbText
  0
TEXT
  5
993
330
17
100
AcDbEntity
  8
AVAN-YAZI
100
AcDbText
 10
-2226.4417
 20
1455.0837
 30
0.0
 40
2.16
  1
A = a · b
  7
AVAN-KALIN
 41
1.214
 11
-2226.4417
 21
1455.0837
 31
0.0
100
AcDbText
  0
TEXT
  5
994
330
17
100
AcDbEntity
  8
AVAN-YAZI
100
AcDbText
 10
-2076.4416
 20
1450.0919
 30
0.0
 40
1.775
  1
temel alanı
  7
AVAN
 41
1.0248
 11
-2076.4416
 21
1450.0919
 31
0.0
100
AcDbText
  0
TEXT
  5
995
330
17
100
AcDbEntity
  8
AVAN-YAZI
100
AcDbText
 10
-2213.4417
 20
1450.0743
 30
0.0
 40
2.109
  1
= 26,55 · 16,40
  7
AVAN
 41
1.1485
 11
-2213.4417
 21
1450.0743
 31
0.0
100
AcDbText
  0
TEXT
  5
996
330
17
100
AcDbEntity
  8
AVAN-YAZI
100
AcDbText
 10
-2094.4417
 20
1450.0214
 30
0.0
 40
2.109
  1
m²
  7
AVAN
 41
1.1582
 11
-2094.4417
 21
1450.0214
 31
0.0
100
AcDbText
  0
TEXT
  5
997
330
17
100
AcDbEntity
  8
AVAN-YAZI
100
AcDbText
 10
-2108.2658
 20
1449.8803
 30
0.0
 40
2.212
  1
435,42
  7
AVAN-KALIN
 41
1.2394
 11
-2108.2658
 21
1449.8803
 31
0.0
100
AcDbText
  0
TEXT
  5
998
330
17
100
AcDbEntity
  8
AVAN-YAZI
100
AcDbText
 10
-2226.4417
 20
1442.5954
 30
0.0
 40
2.16
  1
r = √ ( A / π )
  7
AVAN-KALIN
 41
1.258
 11
-2226.4417
 21
1442.5954
 31
0.0
100
AcDbText
  0
TEXT
  5
999
330
17
100
AcDbEntity
  8
AVAN-YAZI
100
AcDbText
 10
-2076.4416
 20
1437.6036
 30
0.0
 40
1.775
  1
eşdeğer yarıçap
  7
AVAN
 41
0.9746
 11
-2076.4416
 21
1437.6036
 31
0.0
100
AcDbText
  0
TEXT
  5
99A
330
17
100
AcDbEntity
  8
AVAN-YAZI
100
AcDbText
 10
-2213.4417
 20
1437.586
 30
0.0
 40
2.109
  1
= √ ( 435,42 / 3,1416 )
  7
AVAN
 41
1.1452
 11
-2213.4417
 21
1437.586
 31
0.0
100
AcDbText
  0
TEXT
  5
99B
330
17
100
AcDbEntity
  8
AVAN-YAZI
100
AcDbText
 10
-2094.4417
 20
1437.533
 30
0.0
 40
2.109
  1
m
  7
AVAN
 41
1.1486
 11
-2094.4417
 21
1437.533
 31
0.0
100
AcDbText
  0
TEXT
  5
99C
330
17
100
AcDbEntity
  8
AVAN-YAZI
100
AcDbText
 10
-2106.1548
 20
1437.3919
 30
0.0
 40
2.212
  1
11,77
  7
AVAN-KALIN
 41
1.2417
 11
-2106.1548
 21
1437.3919
 31
0.0
100
AcDbText
  0
TEXT
  5
99D
330
17
100
AcDbEntity
  8
AVAN-YAZI
100
AcDbText
 10
-2226.4417
 20
1430.1071
 30
0.0
 40
2.16
  1
D = 2 · r
  7
AVAN-KALIN
 41
1.2488
 11
-2226.4417
 21
1430.1071
 31
0.0
100
AcDbText
  0
TEXT
  5
99E
330
17
100
AcDbEntity
  8
AVAN-YAZI
100
AcDbText
 10
-2076.4416
 20
1425.1153
 30
0.0
 40
1.775
  1
eşdeğer daire çapı
  7
AVAN
 41
0.9906
 11
-2076.4416
 21
1425.1153
 31
0.0
100
AcDbText
  0
TEXT
  5
99F
330
17
100
AcDbEntity
  8
AVAN-YAZI
100
AcDbText
 10
-2213.4417
 20
1425.0976
 30
0.0
 40
2.109
  1
= 2 · 11,77
  7
AVAN
 41
1.1587
 11
-2213.4417
 21
1425.0976
 31
0.0
100
AcDbText
  0
TEXT
  5
9A0
330
17
100
AcDbEntity
  8
AVAN-YAZI
100
AcDbText
 10
-2094.4417
 20
1425.0447
 30
0.0
 40
2.109
  1
m
  7
AVAN
 41
1.1486
 11
-2094.4417
 21
1425.0447
 31
0.0
100
AcDbText
  0
TEXT
  5
9A1
330
17
100
AcDbEntity
  8
AVAN-YAZI
100
AcDbText
 10
-2106.1548
 20
1424.9036
 30
0.0
 40
2.212
  1
23,55
  7
AVAN-KALIN
 41
1.2417
 11
-2106.1548
 21
1424.9036
 31
0.0
100
AcDbText
  0
TEXT
  5
9A2
330
17
100
AcDbEntity
  8
AVAN-YAZI
100
AcDbText
 10
-2076.4416
 20
1418.7653
 30
0.0
 40
1.775
  1
GİRİŞ
  7
AVAN
 41
0.6995
 11
-2076.4416
 21
1418.7653
 31
0.0
100
AcDbText
  0
TEXT
  5
9A3
330
17
100
AcDbEntity
  8
AVAN-YAZI
100
AcDbText
 10
-2226.4417
 20
1418.6947
 30
0.0
 40
2.109
  1
β
  7
AVAN
 41
1.1417
 11
-2226.4417
 21
1418.6947
 31
0.0
100
AcDbText
  0
TEXT
  5
9A4
330
17
100
AcDbEntity
  8
AVAN-YAZI
100
AcDbText
 10
-2213.4417
 20
1418.6947
 30
0.0
 40
2.109
  1
Toprak özgül direnci
  7
AVAN
 41
1.1105
 11
-2213.4417
 21
1418.6947
 31
0.0
100
AcDbText
  0
TEXT
  5
9A5
330
17
100
AcDbEntity
  8
AVAN-YAZI
100
AcDbText
 10
-2129.4417
 20
1418.6947
 30
0.0
 40
2.109
  1
=
  7
AVAN
 41
1.4092
 11
-2129.4417
 21
1418.6947
 31
0.0
100
AcDbText
  0
TEXT
  5
9A6
330
17
100
AcDbEntity
  8
AVAN-YAZI
100
AcDbText
 10
-2094.4417
 20
1418.6947
 30
0.0
 40
2.109
  1
Ω·m
  7
AVAN
 41
1.0748
 11
-2094.4417
 21
1418.6947
 31
0.0
100
AcDbText
  0
TEXT
  5
9A7
330
17
100
AcDbEntity
  8
AVAN-YAZI
100
AcDbText
 10
-2102.8913
 20
1418.5536
 30
0.0
 40
2.212
  1
150
  7
AVAN-KALIN
 41
1.2291
 11
-2102.8913
 21
1418.5536
 31
0.0
100
AcDbText
  0
TEXT
  5
9A8
330
17
100
AcDbEntity
  8
AVAN-YAZI
100
AcDbText
 10
-2076.4416
 20
1413.1208
 30
0.0
 40
1.775
  1
GİRİŞ
  7
AVAN
 41
0.6995
 11
-2076.4416
 21
1413.1208
 31
0.0
100
AcDbText
  0
TEXT
  5
9A9
330
17
100
AcDbEntity
  8
AVAN-YAZI
100
AcDbText
 10
-2226.4417
 20
1413.0503
 30
0.0
 40
2.109
  1
L
  7
AVAN
 41
0.9842
 11
-2226.4417
 21
1413.0503
 31
0.0
100
AcDbText
  0
TEXT
  5
9AA
330
17
100
AcDbEntity
  8
AVAN-YAZI
100
AcDbText
 10
-2213.4417
 20
1413.0503
 30
0.0
 40
2.109
  1
Temel / şerit iletken uzunluğu
  7
AVAN
 41
1.0876
 11
-2213.4417
 21
1413.0503
 31
0.0
100
AcDbText
  0
TEXT
  5
9AB
330
17
100
AcDbEntity
  8
AVAN-YAZI
100
AcDbText
 10
-2129.4417
 20
1413.0503
 30
0.0
 40
2.109
  1
=
  7
AVAN
 41
1.4092
 11
-2129.4417
 21
1413.0503
 31
0.0
100
AcDbText
  0
TEXT
  5
9AC
330
17
100
AcDbEntity
  8
AVAN-YAZI
100
AcDbText
 10
-2094.4417
 20
1413.0503
 30
0.0
 40
2.109
  1
m
  7
AVAN
 41
1.1486
 11
-2094.4417
 21
1413.0503
 31
0.0
100
AcDbText
  0
TEXT
  5
9AD
330
17
100
AcDbEntity
  8
AVAN-YAZI
100
AcDbText
 10
-2106.1548
 20
1412.9092
 30
0.0
 40
2.212
  1
58,50
  7
AVAN-KALIN
 41
1.2417
 11
-2106.1548
 21
1412.9092
 31
0.0
100
AcDbText
  0
TEXT
  5
9AE
330
17
100
AcDbEntity
  8
AVAN-YAZI
100
AcDbText
 10
-2226.4417
 20
1406.3298
 30
0.0
 40
2.16
  1
Ry = β / ( 2 · D ) + β / L
  7
AVAN-KALIN
 41
1.2333
 11
-2226.4417
 21
1406.3298
 31
0.0
100
AcDbText
  0
TEXT
  5
9AF
330
17
100
AcDbEntity
  8
AVAN-YAZI
100
AcDbText
 10
-2076.4416
 20
1401.338
 30
0.0
 40
1.775
  1
IEEE Std 80
  7
AVAN
 41
1.0385
 11
-2076.4416
 21
1401.338
 31
0.0
100
AcDbText
  0
TEXT
  5
9B0
330
17
100
AcDbEntity
  8
AVAN-YAZI
100
AcDbText
 10
-2213.4417
 20
1401.3204
 30
0.0
 40
2.109
  1
= 150 / ( 2 · 23,55 ) + 150 / 58,50
  7
AVAN
 41
1.1502
 11
-2213.4417
 21
1401.3204
 31
0.0
100
AcDbText
  0
TEXT
  5
9B1
330
17
100
AcDbEntity
  8
AVAN-YAZI
100
AcDbText
 10
-2094.4417
 20
1401.2675
 30
0.0
 40
2.109
  1
Ω
  7
AVAN
 41
0.9773
 11
-2094.4417
 21
1401.2675
 31
0.0
100
AcDbText
  0
TEXT
  5
9B2
330
17
100
AcDbEntity
  8
AVAN-YAZI
100
AcDbText
 10
-2106.1548
 20
1401.1264
 30
0.0
 40
2.212
  1
5,749
  7
AVAN-KALIN
 41
1.2417
 11
-2106.1548
 21
1401.1264
 31
0.0
100
AcDbText
  0
TEXT
  5
9B3
330
17
100
AcDbEntity
  8
AVAN-YAZI
100
AcDbText
 10
-2226.4417
 20
1390.9061
 30
0.0
 40
2.443
  1
2 - DİKEY ( ÇUBUK ) TOPRAKLAYICI
  7
AVAN-KALIN
 41
1.0766
 11
-2226.4417
 21
1390.9061
 31
0.0
100
AcDbText
  0
TEXT
  5
9B4
330
17
100
AcDbEntity
  8
AVAN-YAZI
100
AcDbText
 10
-2076.4416
 20
1384.9442
 30
0.0
 40
1.775
  1
SABİTLER B
  7
AVAN
 41
0.9093
 11
-2076.4416
 21
1384.9442
 31
0.0
100
AcDbText
  0
TEXT
  5
9B5
330
17
100
AcDbEntity
  8
AVAN-YAZI
100
AcDbText
 10
-2226.4417
 20
1384.8736
 30
0.0
 40
2.109
  1
lç
  7
AVAN
 41
1.1259
 11
-2226.4417
 21
1384.8736
 31
0.0
100
AcDbText
  0
TEXT
  5
9B6
330
17
100
AcDbEntity
  8
AVAN-YAZI
100
AcDbText
 10
-2213.4417
 20
1384.8736
 30
0.0
 40
2.109
  1
Bir çubuğun boyu
  7
AVAN
 41
1.0867
 11
-2213.4417
 21
1384.8736
 31
0.0
100
AcDbText
  0
TEXT
  5
9B7
330
17
100
AcDbEntity
  8
AVAN-YAZI
100
AcDbText
 10
-2129.4417
 20
1384.8736
 30
0.0
 40
2.109
  1
=
  7
AVAN
 41
1.4092
 11
-2129.4417
 21
1384.8736
 31
0.0
100
AcDbText
  0
TEXT
  5
9B8
330
17
100
AcDbEntity
  8
AVAN-YAZI
100
AcDbText
 10
-2094.4417
 20
1384.8736
 30
0.0
 40
2.109
  1
m
  7
AVAN
 41
1.1486
 11
-2094.4417
 21
1384.8736
 31
0.0
100
AcDbText
  0
TEXT
  5
9B9
330
17
100
AcDbEntity
  8
AVAN-YAZI
100
AcDbText
 10
-2104.0438
 20
1384.7325
 30
0.0
 40
2.212
  1
1,50
  7
AVAN-KALIN
 41
1.2453
 11
-2104.0438
 21
1384.7325
 31
0.0
100
AcDbText
  0
TEXT
  5
9BA
330
17
100
AcDbEntity
  8
AVAN-YAZI
100
AcDbText
 10
-2076.4416
 20
1379.2997
 30
0.0
 40
1.775
  1
GİRİŞ
  7
AVAN
 41
0.6995
 11
-2076.4416
 21
1379.2997
 31
0.0
100
AcDbText
  0
TEXT
  5
9BB
330
17
100
AcDbEntity
  8
AVAN-YAZI
100
AcDbText
 10
-2226.4417
 20
1379.2292
 30
0.0
 40
2.109
  1
Is
  7
AVAN
 41
1.03
 11
-2226.4417
 21
1379.2292
 31
0.0
100
AcDbText
  0
TEXT
  5
9BC
330
17
100
AcDbEntity
  8
AVAN-YAZI
100
AcDbText
 10
-2213.4417
 20
1379.2292
 30
0.0
 40
2.109
  1
Paralel bağlı çubuk sayısı
  7
AVAN
 41
0.9511
 11
-2213.4417
 21
1379.2292
 31
0.0
100
AcDbText
  0
TEXT
  5
9BD
330
17
100
AcDbEntity
  8
AVAN-YAZI
100
AcDbText
 10
-2129.4417
 20
1379.2292
 30
0.0
 40
2.109
  1
=
  7
AVAN
 41
1.4092
 11
-2129.4417
 21
1379.2292
 31
0.0
100
AcDbText
  0
TEXT
  5
9BE
330
17
100
AcDbEntity
  8
AVAN-YAZI
100
AcDbText
 10
-2094.4417
 20
1379.2292
 30
0.0
 40
2.109
  1
adet
  7
AVAN
 41
1.1381
 11
-2094.4417
 21
1379.2292
 31
0.0
100
AcDbText
  0
TEXT
  5
9BF
330
17
100
AcDbEntity
  8
AVAN-YAZI
100
AcDbText
 10
-2098.6693
 20
1379.0881
 30
0.0
 40
2.212
  1
4
  7
AVAN-KALIN
 41
1.2291
 11
-2098.6693
 21
1379.0881
 31
0.0
100
AcDbText
  0
TEXT
  5
9C0
330
17
100
AcDbEntity
  8
AVAN-YAZI
100
AcDbText
 10
-2226.4417
 20
1372.5088
 30
0.0
 40
2.16
  1
Rç = β / ( Is · lç )
  7
AVAN-KALIN
 41
1.2091
 11
-2226.4417
 21
1372.5088
 31
0.0
100
AcDbText
  0
TEXT
  5
9C1
330
17
100
AcDbEntity
  8
AVAN-YAZI
100
AcDbText
 10
-2076.4416
 20
1368.0461
 30
0.0
 40
1.775
  1
tek çubuk β/lç — Is
  7
AVAN
 41
1.1063
 11
-2076.4416
 21
1368.0461
 31
0.0
100
AcDbText
  0
TEXT
  5
9C2
330
17
100
AcDbEntity
  8
AVAN-YAZI
100
AcDbText
 10
-2213.4417
 20
1366.441
 30
0.0
 40
2.109
  1
= 150 / ( 4 · 1,50 )
  7
AVAN
 41
1.1492
 11
-2213.4417
 21
1366.441
 31
0.0
100
AcDbText
  0
TEXT
  5
9C3
330
17
100
AcDbEntity
  8
AVAN-YAZI
100
AcDbText
 10
-2094.4417
 20
1366.3881
 30
0.0
 40
2.109
  1
Ω
  7
AVAN
 41
0.9773
 11
-2094.4417
 21
1366.3881
 31
0.0
100
AcDbText
  0
TEXT
  5
9C4
330
17
100
AcDbEntity
  8
AVAN-YAZI
100
AcDbText
 10
-2100.7803
 20
1366.247
 30
0.0
 40
2.212
  1
25
  7
AVAN-KALIN
 41
1.2291
 11
-2100.7803
 21
1366.247
 31
0.0
100
AcDbText
  0
TEXT
  5
9C5
330
17
100
AcDbEntity
  8
AVAN-YAZI
100
AcDbText
 10
-2076.4416
 20
1364.8711
 30
0.0
 40
1.775
  1
adet paralel
  7
AVAN
 41
1.1307
 11
-2076.4416
 21
1364.8711
 31
0.0
100
AcDbText
  0
TEXT
  5
9C6
330
17
100
AcDbEntity
  8
AVAN-YAZI
100
AcDbText
 10
-2055.9854
 20
1325.3
 30
0.0
 40
1.646
  1
Sayfa 8
  7
AVAN
 41
1.0886
 11
-2055.9854
 21
1325.3
 31
0.0
100
AcDbText
  0
LWPOLYLINE
  5
9C7
330
17
100
AcDbEntity
  8
AVAN-A4
100
AcDbPolyline
 90
4
 70
1
 10
-2022.5
 20
1310.9
 10
-1812.4999966666667
 20
1310.9
 10
-1812.4999966666667
 20
1607.9000127777779
 10
-2022.5
 20
1607.9000127777779
  0
LINE
  5
9C8
330
17
100
AcDbEntity
  8
AVAN-CIZGI
100
AcDbLine
 10
-2010.5
 20
1322.9
 30
0.0
 11
-1824.5
 21
1322.9
 31
0.0
  0
LINE
  5
9C9
330
17
100
AcDbEntity
  8
AVAN-CIZGI
100
AcDbLine
 10
-1824.5
 20
1322.9
 30
0.0
 11
-1824.5
 21
1595.9
 31
0.0
  0
LINE
  5
9CA
330
17
100
AcDbEntity
  8
AVAN-CIZGI
100
AcDbLine
 10
-1824.5
 20
1595.9
 30
0.0
 11
-2010.5
 21
1595.9
 31
0.0
  0
LINE
  5
9CB
330
17
100
AcDbEntity
  8
AVAN-CIZGI
100
AcDbLine
 10
-2010.5
 20
1595.9
 30
0.0
 11
-2010.5
 21
1322.9
 31
0.0
  0
LINE
  5
9CC
330
17
100
AcDbEntity
  8
AVAN-CIZGI
100
AcDbLine
 10
-2010.5
 20
1584.5
 30
0.0
 11
-1824.5
 21
1584.5
 31
0.0
  0
LINE
  5
9CD
330
17
100
AcDbEntity
  8
AVAN-CIZGI
100
AcDbLine
 10
-2010.5
 20
1329.9
 30
0.0
 11
-1824.5
 21
1329.9
 31
0.0
  0
LINE
  5
9CE
330
17
100
AcDbEntity
  8
AVAN-CIZGI
100
AcDbLine
 10
-2007.5
 20
1577.7833
 30
0.0
 11
-1827.5
 21
1577.7833
 31
0.0
  0
LINE
  5
9CF
330
17
100
AcDbEntity
  8
AVAN-CIZGI
100
AcDbLine
 10
-2007.5
 20
1570.9394
 30
0.0
 11
-1827.5
 21
1570.9394
 31
0.0
  0
LINE
  5
9D0
330
17
100
AcDbEntity
  8
AVAN-CIZGI
100
AcDbLine
 10
-2007.5
 20
1570.9394
 30
0.0
 11
-2007.5
 21
1577.7833
 31
0.0
  0
LINE
  5
9D1
330
17
100
AcDbEntity
  8
AVAN-CIZGI
100
AcDbLine
 10
-1827.5
 20
1570.9394
 30
0.0
 11
-1827.5
 21
1577.7833
 31
0.0
  0
LINE
  5
9D2
330
17
100
AcDbEntity
  8
AVAN-CIZGI
100
AcDbLine
 10
-2007.5
 20
1577.7833
 30
0.0
 11
-1827.5
 21
1577.7833
 31
0.0
  0
LINE
  5
9D3
330
17
100
AcDbEntity
  8
AVAN-CIZGI
100
AcDbLine
 10
-2007.5
 20
1570.9394
 30
0.0
 11
-1827.5
 21
1570.9394
 31
0.0
  0
LINE
  5
9D4
330
17
100
AcDbEntity
  8
AVAN-CIZGI
100
AcDbLine
 10
-2007.5
 20
1558.4511
 30
0.0
 11
-1827.5
 21
1558.4511
 31
0.0
  0
LINE
  5
9D5
330
17
100
AcDbEntity
  8
AVAN-CIZGI
100
AcDbLine
 10
-2007.5
 20
1558.4511
 30
0.0
 11
-2007.5
 21
1570.9394
 31
0.0
  0
LINE
  5
9D6
330
17
100
AcDbEntity
  8
AVAN-CIZGI
100
AcDbLine
 10
-1827.5
 20
1558.4511
 30
0.0
 11
-1827.5
 21
1570.9394
 31
0.0
  0
LINE
  5
9D7
330
17
100
AcDbEntity
  8
AVAN-CIZGI
100
AcDbLine
 10
-1905.5
 20
1558.4511
 30
0.0
 11
-1905.5
 21
1570.9394
 31
0.0
  0
LINE
  5
9D8
330
17
100
AcDbEntity
  8
AVAN-CIZGI
100
AcDbLine
 10
-1857.5
 20
1558.4511
 30
0.0
 11
-1857.5
 21
1570.9394
 31
0.0
  0
LINE
  5
9D9
330
17
100
AcDbEntity
  8
AVAN-CIZGI
100
AcDbLine
 10
-2007.5
 20
1558.4511
 30
0.0
 11
-1827.5
 21
1558.4511
 31
0.0
  0
LINE
  5
9DA
330
17
100
AcDbEntity
  8
AVAN-CIZGI
100
AcDbLine
 10
-2007.5
 20
1558.4511
 30
0.0
 11
-1827.5
 21
1558.4511
 31
0.0
  0
LINE
  5
9DB
330
17
100
AcDbEntity
  8
AVAN-CIZGI
100
AcDbLine
 10
-2007.5
 20
1547.1622
 30
0.0
 11
-1827.5
 21
1547.1622
 31
0.0
  0
LINE
  5
9DC
330
17
100
AcDbEntity
  8
AVAN-CIZGI
100
AcDbLine
 10
-2007.5
 20
1547.1622
 30
0.0
 11
-2007.5
 21
1558.4511
 31
0.0
  0
LINE
  5
9DD
330
17
100
AcDbEntity
  8
AVAN-CIZGI
100
AcDbLine
 10
-1827.5
 20
1547.1622
 30
0.0
 11
-1827.5
 21
1558.4511
 31
0.0
  0
LINE
  5
9DE
330
17
100
AcDbEntity
  8
AVAN-CIZGI
100
AcDbLine
 10
-1905.5
 20
1547.1622
 30
0.0
 11
-1905.5
 21
1558.4511
 31
0.0
  0
LINE
  5
9DF
330
17
100
AcDbEntity
  8
AVAN-CIZGI
100
AcDbLine
 10
-1857.5
 20
1547.1622
 30
0.0
 11
-1857.5
 21
1558.4511
 31
0.0
  0
LINE
  5
9E0
330
17
100
AcDbEntity
  8
AVAN-CIZGI
100
AcDbLine
 10
-2007.5
 20
1552.8067
 30
0.0
 11
-1827.5
 21
1552.8067
 31
0.0
  0
LINE
  5
9E1
330
17
100
AcDbEntity
  8
AVAN-CIZGI
100
AcDbLine
 10
-2007.5
 20
1547.1622
 30
0.0
 11
-1827.5
 21
1547.1622
 31
0.0
  0
LINE
  5
9E2
330
17
100
AcDbEntity
  8
AVAN-CIZGI
100
AcDbLine
 10
-2007.5
 20
1547.1622
 30
0.0
 11
-1827.5
 21
1547.1622
 31
0.0
  0
LINE
  5
9E3
330
17
100
AcDbEntity
  8
AVAN-CIZGI
100
AcDbLine
 10
-2007.5
 20
1534.6739
 30
0.0
 11
-1827.5
 21
1534.6739
 31
0.0
  0
LINE
  5
9E4
330
17
100
AcDbEntity
  8
AVAN-CIZGI
100
AcDbLine
 10
-2007.5
 20
1534.6739
 30
0.0
 11
-2007.5
 21
1547.1622
 31
0.0
  0
LINE
  5
9E5
330
17
100
AcDbEntity
  8
AVAN-CIZGI
100
AcDbLine
 10
-1827.5
 20
1534.6739
 30
0.0
 11
-1827.5
 21
1547.1622
 31
0.0
  0
LINE
  5
9E6
330
17
100
AcDbEntity
  8
AVAN-CIZGI
100
AcDbLine
 10
-1905.5
 20
1534.6739
 30
0.0
 11
-1905.5
 21
1547.1622
 31
0.0
  0
LINE
  5
9E7
330
17
100
AcDbEntity
  8
AVAN-CIZGI
100
AcDbLine
 10
-1857.5
 20
1534.6739
 30
0.0
 11
-1857.5
 21
1547.1622
 31
0.0
  0
LINE
  5
9E8
330
17
100
AcDbEntity
  8
AVAN-CIZGI
100
AcDbLine
 10
-2007.5
 20
1534.6739
 30
0.0
 11
-1827.5
 21
1534.6739
 31
0.0
  0
LINE
  5
9E9
330
17
100
AcDbEntity
  8
AVAN-CIZGI
100
AcDbLine
 10
-2007.5
 20
1533.1739
 30
0.0
 11
-1827.5
 21
1533.1739
 31
0.0
  0
LINE
  5
9EA
330
17
100
AcDbEntity
  8
AVAN-CIZGI
100
AcDbLine
 10
-2007.5
 20
1525.9419
 30
0.0
 11
-1827.5
 21
1525.9419
 31
0.0
  0
LINE
  5
9EB
330
17
100
AcDbEntity
  8
AVAN-CIZGI
100
AcDbLine
 10
-2007.5
 20
1519.9419
 30
0.0
 11
-1827.5
 21
1519.9419
 31
0.0
  0
LINE
  5
9EC
330
17
100
AcDbEntity
  8
AVAN-CIZGI
100
AcDbLine
 10
-2007.5
 20
1513.098
 30
0.0
 11
-1827.5
 21
1513.098
 31
0.0
  0
LINE
  5
9ED
330
17
100
AcDbEntity
  8
AVAN-CIZGI
100
AcDbLine
 10
-2007.5
 20
1513.098
 30
0.0
 11
-2007.5
 21
1519.9419
 31
0.0
  0
LINE
  5
9EE
330
17
100
AcDbEntity
  8
AVAN-CIZGI
100
AcDbLine
 10
-1827.5
 20
1513.098
 30
0.0
 11
-1827.5
 21
1519.9419
 31
0.0
  0
LINE
  5
9EF
330
17
100
AcDbEntity
  8
AVAN-CIZGI
100
AcDbLine
 10
-2007.5
 20
1519.9419
 30
0.0
 11
-1827.5
 21
1519.9419
 31
0.0
  0
LINE
  5
9F0
330
17
100
AcDbEntity
  8
AVAN-CIZGI
100
AcDbLine
 10
-2007.5
 20
1511.8981
 30
0.0
 11
-1827.5
 21
1511.8981
 31
0.0
  0
LINE
  5
9F1
330
17
100
AcDbEntity
  8
AVAN-CIZGI
100
AcDbLine
 10
-2007.5
 20
1386.8736
 30
0.0
 11
-1827.5
 21
1386.8736
 31
0.0
  0
LINE
  5
9F2
330
17
100
AcDbEntity
  8
AVAN-CIZGI
100
AcDbLine
 10
-2007.5
 20
1386.8736
 30
0.0
 11
-2007.5
 21
1511.8981
 31
0.0
  0
LINE
  5
9F3
330
17
100
AcDbEntity
  8
AVAN-CIZGI
100
AcDbLine
 10
-1827.5
 20
1386.8736
 30
0.0
 11
-1827.5
 21
1511.8981
 31
0.0
  0
LINE
  5
9F4
330
17
100
AcDbEntity
  8
AVAN-CIZGI
100
AcDbLine
 10
-2007.5
 20
1506.2536
 30
0.0
 11
-1827.5
 21
1506.2536
 31
0.0
  0
LINE
  5
9F5
330
17
100
AcDbEntity
  8
AVAN-CIZGI
100
AcDbLine
 10
-2007.5
 20
1500.6092
 30
0.0
 11
-1827.5
 21
1500.6092
 31
0.0
  0
LINE
  5
9F6
330
17
100
AcDbEntity
  8
AVAN-CIZGI
100
AcDbLine
 10
-2007.5
 20
1494.9647
 30
0.0
 11
-1827.5
 21
1494.9647
 31
0.0
  0
LINE
  5
9F7
330
17
100
AcDbEntity
  8
AVAN-CIZGI
100
AcDbLine
 10
-2007.5
 20
1489.3203
 30
0.0
 11
-1827.5
 21
1489.3203
 31
0.0
  0
LINE
  5
9F8
330
17
100
AcDbEntity
  8
AVAN-CIZGI
100
AcDbLine
 10
-2007.5
 20
1483.6758
 30
0.0
 11
-1827.5
 21
1483.6758
 31
0.0
  0
LINE
  5
9F9
330
17
100
AcDbEntity
  8
AVAN-CIZGI
100
AcDbLine
 10
-2007.5
 20
1478.0314
 30
0.0
 11
-1827.5
 21
1478.0314
 31
0.0
  0
LINE
  5
9FA
330
17
100
AcDbEntity
  8
AVAN-CIZGI
100
AcDbLine
 10
-2007.5
 20
1472.387
 30
0.0
 11
-1827.5
 21
1472.387
 31
0.0
  0
LINE
  5
9FB
330
17
100
AcDbEntity
  8
AVAN-CIZGI
100
AcDbLine
 10
-2007.5
 20
1466.7425
 30
0.0
 11
-1827.5
 21
1466.7425
 31
0.0
  0
LINE
  5
9FC
330
17
100
AcDbEntity
  8
AVAN-CIZGI
100
AcDbLine
 10
-2007.5
 20
1461.0981
 30
0.0
 11
-1827.5
 21
1461.0981
 31
0.0
  0
LINE
  5
9FD
330
17
100
AcDbEntity
  8
AVAN-CIZGI
100
AcDbLine
 10
-2007.5
 20
1455.4536
 30
0.0
 11
-1827.5
 21
1455.4536
 31
0.0
  0
LINE
  5
9FE
330
17
100
AcDbEntity
  8
AVAN-CIZGI
100
AcDbLine
 10
-2007.5
 20
1449.8092
 30
0.0
 11
-1827.5
 21
1449.8092
 31
0.0
  0
LINE
  5
9FF
330
17
100
AcDbEntity
  8
AVAN-CIZGI
100
AcDbLine
 10
-2007.5
 20
1444.1647
 30
0.0
 11
-1827.5
 21
1444.1647
 31
0.0
  0
LINE
  5
A00
330
17
100
AcDbEntity
  8
AVAN-CIZGI
100
AcDbLine
 10
-2007.5
 20
1438.5203
 30
0.0
 11
-1827.5
 21
1438.5203
 31
0.0
  0
LINE
  5
A01
330
17
100
AcDbEntity
  8
AVAN-CIZGI
100
AcDbLine
 10
-2007.5
 20
1432.8758
 30
0.0
 11
-1827.5
 21
1432.8758
 31
0.0
  0
LINE
  5
A02
330
17
100
AcDbEntity
  8
AVAN-CIZGI
100
AcDbLine
 10
-2007.5
 20
1427.2314
 30
0.0
 11
-1827.5
 21
1427.2314
 31
0.0
  0
LINE
  5
A03
330
17
100
AcDbEntity
  8
AVAN-CIZGI
100
AcDbLine
 10
-2007.5
 20
1421.587
 30
0.0
 11
-1827.5
 21
1421.587
 31
0.0
  0
LINE
  5
A04
330
17
100
AcDbEntity
  8
AVAN-CIZGI
100
AcDbLine
 10
-2007.5
 20
1415.9425
 30
0.0
 11
-1827.5
 21
1415.9425
 31
0.0
  0
LINE
  5
A05
330
17
100
AcDbEntity
  8
AVAN-CIZGI
100
AcDbLine
 10
-2007.5
 20
1410.2981
 30
0.0
 11
-1827.5
 21
1410.2981
 31
0.0
  0
LINE
  5
A06
330
17
100
AcDbEntity
  8
AVAN-CIZGI
100
AcDbLine
 10
-2007.5
 20
1404.6536
 30
0.0
 11
-1827.5
 21
1404.6536
 31
0.0
  0
LINE
  5
A07
330
17
100
AcDbEntity
  8
AVAN-CIZGI
100
AcDbLine
 10
-2007.5
 20
1398.727
 30
0.0
 11
-1827.5
 21
1398.727
 31
0.0
  0
LINE
  5
A08
330
17
100
AcDbEntity
  8
AVAN-CIZGI
100
AcDbLine
 10
-2007.5
 20
1392.8003
 30
0.0
 11
-1827.5
 21
1392.8003
 31
0.0
  0
LINE
  5
A09
330
17
100
AcDbEntity
  8
AVAN-CIZGI
100
AcDbLine
 10
-1937.5
 20
1386.8736
 30
0.0
 11
-1937.5
 21
1511.8981
 31
0.0
  0
LINE
  5
A0A
330
17
100
AcDbEntity
  8
AVAN-CIZGI
100
AcDbLine
 10
-1890.5
 20
1404.6536
 30
0.0
 11
-1890.5
 21
1511.8981
 31
0.0
  0
LINE
  5
A0B
330
17
100
AcDbEntity
  8
AVAN-CIZGI
100
AcDbLine
 10
-1843.5
 20
1386.8736
 30
0.0
 11
-1843.5
 21
1511.8981
 31
0.0
  0
LINE
  5
A0C
330
17
100
AcDbEntity
  8
AVAN-CIZGI
100
AcDbLine
 10
-2007.5
 20
1404.6536
 30
0.0
 11
-1827.5
 21
1404.6536
 31
0.0
  0
LINE
  5
A0D
330
17
100
AcDbEntity
  8
AVAN-CIZGI
100
AcDbLine
 10
-2007.5
 20
1398.727
 30
0.0
 11
-1827.5
 21
1398.727
 31
0.0
  0
LINE
  5
A0E
330
17
100
AcDbEntity
  8
AVAN-CIZGI
100
AcDbLine
 10
-2007.5
 20
1392.8003
 30
0.0
 11
-1827.5
 21
1392.8003
 31
0.0
  0
LINE
  5
A0F
330
17
100
AcDbEntity
  8
AVAN-CIZGI
100
AcDbLine
 10
-2007.5
 20
1381.8736
 30
0.0
 11
-1827.5
 21
1381.8736
 31
0.0
  0
LINE
  5
A10
330
17
100
AcDbEntity
  8
AVAN-CIZGI
100
AcDbLine
 10
-2007.5
 20
1366.4925
 30
0.0
 11
-1827.5
 21
1366.4925
 31
0.0
  0
LINE
  5
A11
330
17
100
AcDbEntity
  8
AVAN-CIZGI
100
AcDbLine
 10
-2007.5
 20
1366.4925
 30
0.0
 11
-2007.5
 21
1381.8736
 31
0.0
  0
LINE
  5
A12
330
17
100
AcDbEntity
  8
AVAN-CIZGI
100
AcDbLine
 10
-1827.5
 20
1366.4925
 30
0.0
 11
-1827.5
 21
1381.8736
 31
0.0
  0
LINE
  5
A13
330
17
100
AcDbEntity
  8
AVAN-CIZGI
100
AcDbLine
 10
-1947.5
 20
1366.4925
 30
0.0
 11
-1947.5
 21
1381.8736
 31
0.0
  0
LINE
  5
A14
330
17
100
AcDbEntity
  8
AVAN-CIZGI
100
AcDbLine
 10
-1887.5
 20
1366.4925
 30
0.0
 11
-1887.5
 21
1381.8736
 31
0.0
  0
TEXT
  5
A15
330
17
100
AcDbEntity
  8
AVAN-YAZI
100
AcDbText
 10
-1958.4722
 20
1587.7
 30
0.0
 40
3.086
  1
ASANSÖR AVAN PROJE HESAPLARI
  7
AVAN-KALIN
 41
1.066
 11
-1958.4722
 21
1587.7
 31
0.0
100
AcDbText
  0
TEXT
  5
A16
330
17
100
AcDbEntity
  8
AVAN-YAZI
100
AcDbText
 10
-2006.4417
 20
1573.2325
 30
0.0
 40
2.443
  1
3 - TOPLAM TOPRAKLAMA DİRENCİ VE KONTROL
  7
AVAN-KALIN
 41
1.0541
 11
-2006.4417
 21
1573.2325
 31
0.0
100
AcDbText
  0
TEXT
  5
A17
330
17
100
AcDbEntity
  8
AVAN-YAZI
100
AcDbText
 10
-2006.4417
 20
1566.124
 30
0.0
 40
2.16
  1
Re = ( Ry · Rç ) / ( Ry + Rç )
  7
AVAN-KALIN
 41
1.1867
 11
-2006.4417
 21
1566.124
 31
0.0
100
AcDbText
  0
TEXT
  5
A18
330
17
100
AcDbEntity
  8
AVAN-YAZI
100
AcDbText
 10
-1856.4416
 20
1561.1322
 30
0.0
 40
1.775
  1
paralel
  7
AVAN
 41
1.1266
 11
-1856.4416
 21
1561.1322
 31
0.0
100
AcDbText
  0
TEXT
  5
A19
330
17
100
AcDbEntity
  8
AVAN-YAZI
100
AcDbText
 10
-1993.4417
 20
1561.1146
 30
0.0
 40
2.109
  1
= ( 5,75 · 25,00 ) / ( 5,75 + 25,00 )
  7
AVAN
 41
1.1494
 11
-1993.4417
 21
1561.1146
 31
0.0
100
AcDbText
  0
TEXT
  5
A1A
330
17
100
AcDbEntity
  8
AVAN-YAZI
100
AcDbText
 10
-1874.4417
 20
1561.0617
 30
0.0
 40
2.109
  1
Ω
  7
AVAN
 41
0.9773
 11
-1874.4417
 21
1561.0617
 31
0.0
100
AcDbText
  0
TEXT
  5
A1B
330
17
100
AcDbEntity
  8
AVAN-YAZI
100
AcDbText
 10
-1886.1548
 20
1560.9206
 30
0.0
 40
2.212
  1
4,674
  7
AVAN-KALIN
 41
1.2417
 11
-1886.1548
 21
1560.9206
 31
0.0
100
AcDbText
  0
TEXT
  5
A1C
330
17
100
AcDbEntity
  8
AVAN-YAZI
100
AcDbText
 10
-1856.4416
 20
1554.7822
 30
0.0
 40
1.775
  1
SABİTLER B
  7
AVAN
 41
0.9093
 11
-1856.4416
 21
1554.7822
 31
0.0
100
AcDbText
  0
TEXT
  5
A1D
330
17
100
AcDbEntity
  8
AVAN-YAZI
100
AcDbText
 10
-2006.4417
 20
1554.7117
 30
0.0
 40
2.109
  1
UL
  7
AVAN
 41
0.9907
 11
-2006.4417
 21
1554.7117
 31
0.0
100
AcDbText
  0
TEXT
  5
A1E
330
17
100
AcDbEntity
  8
AVAN-YAZI
100
AcDbText
 10
-1993.4417
 20
1554.7117
 30
0.0
 40
2.109
  1
İzin verilen temas gerilimi
  7
AVAN
 41
1.0881
 11
-1993.4417
 21
1554.7117
 31
0.0
100
AcDbText
  0
TEXT
  5
A1F
330
17
100
AcDbEntity
  8
AVAN-YAZI
100
AcDbText
 10
-1909.4417
 20
1554.7117
 30
0.0
 40
2.109
  1
=
  7
AVAN
 41
1.4092
 11
-1909.4417
 21
1554.7117
 31
0.0
100
AcDbText
  0
TEXT
  5
A20
330
17
100
AcDbEntity
  8
AVAN-YAZI
100
AcDbText
 10
-1874.4417
 20
1554.7117
 30
0.0
 40
2.109
  1
V
  7
AVAN
 41
1.0073
 11
-1874.4417
 21
1554.7117
 31
0.0
100
AcDbText
  0
TEXT
  5
A21
330
17
100
AcDbEntity
  8
AVAN-YAZI
100
AcDbText
 10
-1880.7803
 20
1554.5706
 30
0.0
 40
2.212
  1
50
  7
AVAN-KALIN
 41
1.2291
 11
-1880.7803
 21
1554.5706
 31
0.0
100
AcDbText
  0
TEXT
  5
A22
330
17
100
AcDbEntity
  8
AVAN-YAZI
100
AcDbText
 10
-1856.4416
 20
1549.1378
 30
0.0
 40
1.775
  1
SABİTLER B
  7
AVAN
 41
0.9093
 11
-1856.4416
 21
1549.1378
 31
0.0
100
AcDbText
  0
TEXT
  5
A23
330
17
100
AcDbEntity
  8
AVAN-YAZI
100
AcDbText
 10
-2006.4417
 20
1549.0672
 30
0.0
 40
2.109
  1
IΔn
  7
AVAN
 41
1.0955
 11
-2006.4417
 21
1549.0672
 31
0.0
100
AcDbText
  0
TEXT
  5
A24
330
17
100
AcDbEntity
  8
AVAN-YAZI
100
AcDbText
 10
-1993.4417
 20
1549.0672
 30
0.0
 40
2.109
  1
Kaçak akım rölesi anma akımı
  7
AVAN
 41
0.9923
 11
-1993.4417
 21
1549.0672
 31
0.0
100
AcDbText
  0
TEXT
  5
A25
330
17
100
AcDbEntity
  8
AVAN-YAZI
100
AcDbText
 10
-1909.4417
 20
1549.0672
 30
0.0
 40
2.109
  1
=
  7
AVAN
 41
1.4092
 11
-1909.4417
 21
1549.0672
 31
0.0
100
AcDbText
  0
TEXT
  5
A26
330
17
100
AcDbEntity
  8
AVAN-YAZI
100
AcDbText
 10
-1874.4417
 20
1549.0672
 30
0.0
 40
2.109
  1
A
  7
AVAN
 41
1.0073
 11
-1874.4417
 21
1549.0672
 31
0.0
100
AcDbText
  0
TEXT
  5
A27
330
17
100
AcDbEntity
  8
AVAN-YAZI
100
AcDbText
 10
-1884.0438
 20
1548.9261
 30
0.0
 40
2.212
  1
0,30
  7
AVAN-KALIN
 41
1.2453
 11
-1884.0438
 21
1548.9261
 31
0.0
100
AcDbText
  0
TEXT
  5
A28
330
17
100
AcDbEntity
  8
AVAN-YAZI
100
AcDbText
 10
-2006.4417
 20
1542.3468
 30
0.0
 40
2.16
  1
Re max = UL / IΔn
  7
AVAN-KALIN
 41
1.1813
 11
-2006.4417
 21
1542.3468
 31
0.0
100
AcDbText
  0
TEXT
  5
A29
330
17
100
AcDbEntity
  8
AVAN-YAZI
100
AcDbText
 10
-1993.4417
 20
1537.3374
 30
0.0
 40
2.109
  1
= 50 / 0,30
  7
AVAN
 41
1.1626
 11
-1993.4417
 21
1537.3374
 31
0.0
100
AcDbText
  0
TEXT
  5
A2A
330
17
100
AcDbEntity
  8
AVAN-YAZI
100
AcDbText
 10
-1874.4417
 20
1537.2844
 30
0.0
 40
2.109
  1
Ω
  7
AVAN
 41
0.9773
 11
-1874.4417
 21
1537.2844
 31
0.0
100
AcDbText
  0
TEXT
  5
A2B
330
17
100
AcDbEntity
  8
AVAN-YAZI
100
AcDbText
 10
-1888.2658
 20
1537.1433
 30
0.0
 40
2.212
  1
166,67
  7
AVAN-KALIN
 41
1.2394
 11
-1888.2658
 21
1537.1433
 31
0.0
100
AcDbText
  0
TEXT
  5
A2C
330
17
100
AcDbEntity
  8
AVAN-YAZI
100
AcDbText
 10
-2006.7944
 20
1528.5878
 30
0.0
 40
2.315
  1
KONTROL Re ≤ Re max
  7
AVAN-KALIN
 41
1.1342
 11
-2006.7944
 21
1528.5878
 31
0.0
100
AcDbText
  0
TEXT
  5
A2D
330
17
100
AcDbEntity
  8
AVAN-YAZI
100
AcDbText
 10
-1954.7944
 20
1528.5878
 30
0.0
 40
2.315
  1
Re = 4,67 Ω ≤ 166,67 Ω olduğundan temel topraklaması yeterlidir.
  7
AVAN-KALIN
 41
1.1752
 11
-1954.7944
 21
1528.5878
 31
0.0
100
AcDbText
  0
TEXT
  5
A2E
330
17
100
AcDbEntity
  8
AVAN-YAZI
100
AcDbText
 10
-1848.2586
 20
1515.5146
 30
0.0
 40
1.903
  1
tüm asansörler
  7
AVAN
 41
1.1208
 11
-1848.2586
 21
1515.5146
 31
0.0
100
AcDbText
  0
TEXT
  5
A2F
330
17
100
AcDbEntity
  8
AVAN-YAZI
100
AcDbText
 10
-2006.4417
 20
1515.3911
 30
0.0
 40
2.443
  1
SONUÇ ÖZETİ
  7
AVAN-KALIN
 41
1.022
 11
-2006.4417
 21
1515.3911
 31
0.0
100
AcDbText
  0
TEXT
  5
A30
330
17
100
AcDbEntity
  8
AVAN-YAZI
100
AcDbText
 10
-2006.0889
 20
1508.1586
 30
0.0
 40
2.109
  1
Büyüklük
  7
AVAN
 41
1.1173
 11
-2006.0889
 21
1508.1586
 31
0.0
100
AcDbText
  0
TEXT
  5
A31
330
17
100
AcDbEntity
  8
AVAN-YAZI
100
AcDbText
 10
-1842.0889
 20
1508.1586
 30
0.0
 40
2.109
  1
Birim
  7
AVAN
 41
1.1331
 11
-1842.0889
 21
1508.1586
 31
0.0
100
AcDbText
  0
TEXT
  5
A32
330
17
100
AcDbEntity
  8
AVAN-YAZI
100
AcDbText
 10
-1904.5933
 20
1508.0175
 30
0.0
 40
2.212
  1
1 NOLU
  7
AVAN-KALIN
 41
1.1196
 11
-1904.5933
 21
1508.0175
 31
0.0
100
AcDbText
  0
TEXT
  5
A33
330
17
100
AcDbEntity
  8
AVAN-YAZI
100
AcDbText
 10
-1857.5933
 20
1508.0175
 30
0.0
 40
2.212
  1
2 NOLU
  7
AVAN-KALIN
 41
1.1196
 11
-1857.5933
 21
1508.0175
 31
0.0
100
AcDbText
  0
TEXT
  5
A34
330
17
100
AcDbEntity
  8
AVAN-YAZI
100
AcDbText
 10
-2006.0889
 20
1502.5142
 30
0.0
 40
2.109
  1
Asansör tanımı
  7
AVAN
 41
0.9555
 11
-2006.0889
 21
1502.5142
 31
0.0
100
AcDbText
  0
TEXT
  5
A35
330
17
100
AcDbEntity
  8
AVAN-YAZI
100
AcDbText
 10
-1842.0889
 20
1502.5142
 30
0.0
 40
2.109
  1
—
  7
AVAN
 41
0.9822
 11
-1842.0889
 21
1502.5142
 31
0.0
100
AcDbText
  0
TEXT
  5
A36
330
17
100
AcDbEntity
  8
AVAN-YAZI
100
AcDbText
 10
-1901.2128
 20
1502.3731
 30
0.0
 40
2.212
  1
İnsan
  7
AVAN-KALIN
 41
0.9729
 11
-1901.2128
 21
1502.3731
 31
0.0
100
AcDbText
  0
TEXT
  5
A37
330
17
100
AcDbEntity
  8
AVAN-YAZI
100
AcDbText
 10
-1866.3898
 20
1502.3731
 30
0.0
 40
2.212
  1
Sedye + Yük
  7
AVAN-KALIN
 41
1.1746
 11
-1866.3898
 21
1502.3731
 31
0.0
100
AcDbText
  0
TEXT
  5
A38
330
17
100
AcDbEntity
  8
AVAN-YAZI
100
AcDbText
 10
-2006.0889
 20
1496.8697
 30
0.0
 40
2.109
  1
P — Kabin kapasitesi
  7
AVAN
 41
1.0764
 11
-2006.0889
 21
1496.8697
 31
0.0
100
AcDbText
  0
TEXT
  5
A39
330
17
100
AcDbEntity
  8
AVAN-YAZI
100
AcDbText
 10
-1842.0889
 20
1496.8697
 30
0.0
 40
2.109
  1
kişi
  7
AVAN
 41
0.9538
 11
-1842.0889
 21
1496.8697
 31
0.0
100
AcDbText
  0
TEXT
  5
A3A
330
17
100
AcDbEntity
  8
AVAN-YAZI
100
AcDbText
 10
-1896.1331
 20
1496.7286
 30
0.0
 40
2.212
  1
10
  7
AVAN-KALIN
 41
1.2291
 11
-1896.1331
 21
1496.7286
 31
0.0
100
AcDbText
  0
TEXT
  5
A3B
330
17
100
AcDbEntity
  8
AVAN-YAZI
100
AcDbText
 10
-1849.1331
 20
1496.7286
 30
0.0
 40
2.212
  1
16
  7
AVAN-KALIN
 41
1.2291
 11
-1849.1331
 21
1496.7286
 31
0.0
100
AcDbText
  0
TEXT
  5
A3C
330
17
100
AcDbEntity
  8
AVAN-YAZI
100
AcDbText
 10
-2006.0889
 20
1491.2253
 30
0.0
 40
2.109
  1
Q — Anma yükü
  7
AVAN
 41
1.0823
 11
-2006.0889
 21
1491.2253
 31
0.0
100
AcDbText
  0
TEXT
  5
A3D
330
17
100
AcDbEntity
  8
AVAN-YAZI
100
AcDbText
 10
-1842.0889
 20
1491.2253
 30
0.0
 40
2.109
  1
kg
  7
AVAN
 41
1.129
 11
-1842.0889
 21
1491.2253
 31
0.0
100
AcDbText
  0
TEXT
  5
A3E
330
17
100
AcDbEntity
  8
AVAN-YAZI
100
AcDbText
 10
-1898.2441
 20
1491.0842
 30
0.0
 40
2.212
  1
800
  7
AVAN-KALIN
 41
1.2291
 11
-1898.2441
 21
1491.0842
 31
0.0
100
AcDbText
  0
TEXT
  5
A3F
330
17
100
AcDbEntity
  8
AVAN-YAZI
100
AcDbText
 10
-1854.5076
 20
1491.0842
 30
0.0
 40
2.212
  1
1.275
  7
AVAN-KALIN
 41
1.2417
 11
-1854.5076
 21
1491.0842
 31
0.0
100
AcDbText
  0
TEXT
  5
A40
330
17
100
AcDbEntity
  8
AVAN-YAZI
100
AcDbText
 10
-2006.0889
 20
1485.5808
 30
0.0
 40
2.109
  1
V — Kabin hızı
  7
AVAN
 41
0.9218
 11
-2006.0889
 21
1485.5808
 31
0.0
100
AcDbText
  0
TEXT
  5
A41
330
17
100
AcDbEntity
  8
AVAN-YAZI
100
AcDbText
 10
-1842.0889
 20
1485.5808
 30
0.0
 40
2.109
  1
m/s
  7
AVAN
 41
1.1169
 11
-1842.0889
 21
1485.5808
 31
0.0
100
AcDbText
  0
TEXT
  5
A42
330
17
100
AcDbEntity
  8
AVAN-YAZI
100
AcDbText
 10
-1899.3966
 20
1485.4397
 30
0.0
 40
2.212
  1
1,60
  7
AVAN-KALIN
 41
1.2453
 11
-1899.3966
 21
1485.4397
 31
0.0
100
AcDbText
  0
TEXT
  5
A43
330
17
100
AcDbEntity
  8
AVAN-YAZI
100
AcDbText
 10
-1852.3966
 20
1485.4397
 30
0.0
 40
2.212
  1
1,00
  7
AVAN-KALIN
 41
1.2453
 11
-1852.3966
 21
1485.4397
 31
0.0
100
AcDbText
  0
TEXT
  5
A44
330
17
100
AcDbEntity
  8
AVAN-YAZI
100
AcDbText
 10
-2006.0889
 20
1479.9364
 30
0.0
 40
2.109
  1
N — Hesaplanan motor gücü
  7
AVAN
 41
1.0953
 11
-2006.0889
 21
1479.9364
 31
0.0
100
AcDbText
  0
TEXT
  5
A45
330
17
100
AcDbEntity
  8
AVAN-YAZI
100
AcDbText
 10
-1842.0889
 20
1479.9364
 30
0.0
 40
2.109
  1
kW
  7
AVAN
 41
1.0664
 11
-1842.0889
 21
1479.9364
 31
0.0
100
AcDbText
  0
TEXT
  5
A46
330
17
100
AcDbEntity
  8
AVAN-YAZI
100
AcDbText
 10
-1899.3966
 20
1479.7953
 30
0.0
 40
2.212
  1
8,37
  7
AVAN-KALIN
 41
1.2453
 11
-1899.3966
 21
1479.7953
 31
0.0
100
AcDbText
  0
TEXT
  5
A47
330
17
100
AcDbEntity
  8
AVAN-YAZI
100
AcDbText
 10
-1852.3966
 20
1479.7953
 30
0.0
 40
2.212
  1
8,33
  7
AVAN-KALIN
 41
1.2453
 11
-1852.3966
 21
1479.7953
 31
0.0
100
AcDbText
  0
TEXT
  5
A48
330
17
100
AcDbEntity
  8
AVAN-YAZI
100
AcDbText
 10
-2006.0889
 20
1474.292
 30
0.0
 40
2.109
  1
Nsç — Seçilen motor gücü
  7
AVAN
 41
1.0909
 11
-2006.0889
 21
1474.292
 31
0.0
100
AcDbText
  0
TEXT
  5
A49
330
17
100
AcDbEntity
  8
AVAN-YAZI
100
AcDbText
 10
-1842.0889
 20
1474.292
 30
0.0
 40
2.109
  1
kW
  7
AVAN
 41
1.0664
 11
-1842.0889
 21
1474.292
 31
0.0
100
AcDbText
  0
TEXT
  5
A4A
330
17
100
AcDbEntity
  8
AVAN-YAZI
100
AcDbText
 10
-1901.5076
 20
1474.1508
 30
0.0
 40
2.212
  1
11,00
  7
AVAN-KALIN
 41
1.2417
 11
-1901.5076
 21
1474.1508
 31
0.0
100
AcDbText
  0
TEXT
  5
A4B
330
17
100
AcDbEntity
  8
AVAN-YAZI
100
AcDbText
 10
-1854.5076
 20
1474.1508
 30
0.0
 40
2.212
  1
11,00
  7
AVAN-KALIN
 41
1.2417
 11
-1854.5076
 21
1474.1508
 31
0.0
100
AcDbText
  0
TEXT
  5
A4C
330
17
100
AcDbEntity
  8
AVAN-YAZI
100
AcDbText
 10
-2006.0889
 20
1468.6475
 30
0.0
 40
2.109
  1
Kontrol ( Nsç ≥ N )
  7
AVAN
 41
1.1198
 11
-2006.0889
 21
1468.6475
 31
0.0
100
AcDbText
  0
TEXT
  5
A4D
330
17
100
AcDbEntity
  8
AVAN-YAZI
100
AcDbText
 10
-1904.0644
 20
1468.5064
 30
0.0
 40
2.212
  1
UYGUN
  7
AVAN-KALIN
 41
1.0896
 11
-1904.0644
 21
1468.5064
 31
0.0
100
AcDbText
  0
TEXT
  5
A4E
330
17
100
AcDbEntity
  8
AVAN-YAZI
100
AcDbText
 10
-1857.0645
 20
1468.5064
 30
0.0
 40
2.212
  1
UYGUN
  7
AVAN-KALIN
 41
1.0896
 11
-1857.0645
 21
1468.5064
 31
0.0
100
AcDbText
  0
TEXT
  5
A4F
330
17
100
AcDbEntity
  8
AVAN-YAZI
100
AcDbText
 10
-2006.0889
 20
1463.0031
 30
0.0
 40
2.109
  1
P1 — Kuyu alt boşluğu tabanına
  7
AVAN
 41
1.0267
 11
-2006.0889
 21
1463.0031
 31
0.0
100
AcDbText
  0
TEXT
  5
A50
330
17
100
AcDbEntity
  8
AVAN-YAZI
100
AcDbText
 10
-1842.0889
 20
1463.0031
 30
0.0
 40
2.109
  1
N
  7
AVAN
 41
1.0176
 11
-1842.0889
 21
1463.0031
 31
0.0
100
AcDbText
  0
TEXT
  5
A51
330
17
100
AcDbEntity
  8
AVAN-YAZI
100
AcDbText
 10
-1903.6185
 20
1462.862
 30
0.0
 40
2.212
  1
63.930
  7
AVAN-KALIN
 41
1.2394
 11
-1903.6185
 21
1462.862
 31
0.0
100
AcDbText
  0
TEXT
  5
A52
330
17
100
AcDbEntity
  8
AVAN-YAZI
100
AcDbText
 10
-1856.6186
 20
1462.862
 30
0.0
 40
2.212
  1
94.340
  7
AVAN-KALIN
 41
1.2394
 11
-1856.6186
 21
1462.862
 31
0.0
100
AcDbText
  0
TEXT
  5
A53
330
17
100
AcDbEntity
  8
AVAN-YAZI
100
AcDbText
 10
-2006.0889
 20
1457.3586
 30
0.0
 40
2.109
  1
P2 — Karşı ağırlık tamponu altına
  7
AVAN
 41
0.9412
 11
-2006.0889
 21
1457.3586
 31
0.0
100
AcDbText
  0
TEXT
  5
A54
330
17
100
AcDbEntity
  8
AVAN-YAZI
100
AcDbText
 10
-1842.0889
 20
1457.3586
 30
0.0
 40
2.109
  1
N
  7
AVAN
 41
1.0176
 11
-1842.0889
 21
1457.3586
 31
0.0
100
AcDbText
  0
TEXT
  5
A55
330
17
100
AcDbEntity
  8
AVAN-YAZI
100
AcDbText
 10
-1903.6185
 20
1457.2175
 30
0.0
 40
2.212
  1
48.240
  7
AVAN-KALIN
 41
1.2394
 11
-1903.6185
 21
1457.2175
 31
0.0
100
AcDbText
  0
TEXT
  5
A56
330
17
100
AcDbEntity
  8
AVAN-YAZI
100
AcDbText
 10
-1856.6186
 20
1457.2175
 30
0.0
 40
2.212
  1
69.330
  7
AVAN-KALIN
 41
1.2394
 11
-1856.6186
 21
1457.2175
 31
0.0
100
AcDbText
  0
TEXT
  5
A57
330
17
100
AcDbEntity
  8
AVAN-YAZI
100
AcDbText
 10
-2006.0889
 20
1451.7142
 30
0.0
 40
2.109
  1
PR — Bir kabin kılavuz rayına
  7
AVAN
 41
1.0091
 11
-2006.0889
 21
1451.7142
 31
0.0
100
AcDbText
  0
TEXT
  5
A58
330
17
100
AcDbEntity
  8
AVAN-YAZI
100
AcDbText
 10
-1842.0889
 20
1451.7142
 30
0.0
 40
2.109
  1
N
  7
AVAN
 41
1.0176
 11
-1842.0889
 21
1451.7142
 31
0.0
100
AcDbText
  0
TEXT
  5
A59
330
17
100
AcDbEntity
  8
AVAN-YAZI
100
AcDbText
 10
-1903.6185
 20
1451.5731
 30
0.0
 40
2.212
  1
21.720
  7
AVAN-KALIN
 41
1.2394
 11
-1903.6185
 21
1451.5731
 31
0.0
100
AcDbText
  0
TEXT
  5
A5A
330
17
100
AcDbEntity
  8
AVAN-YAZI
100
AcDbText
 10
-1856.6186
 20
1451.5731
 30
0.0
 40
2.212
  1
41.120
  7
AVAN-KALIN
 41
1.2394
 11
-1856.6186
 21
1451.5731
 31
0.0
100
AcDbText
  0
TEXT
  5
A5B
330
17
100
AcDbEntity
  8
AVAN-YAZI
100
AcDbText
 10
-2006.0889
 20
1446.0697
 30
0.0
 40
2.109
  1
PK — Bir karşı ağırlık rayına
  7
AVAN
 41
0.9052
 11
-2006.0889
 21
1446.0697
 31
0.0
100
AcDbText
  0
TEXT
  5
A5C
330
17
100
AcDbEntity
  8
AVAN-YAZI
100
AcDbText
 10
-1842.0889
 20
1446.0697
 30
0.0
 40
2.109
  1
N
  7
AVAN
 41
1.0176
 11
-1842.0889
 21
1446.0697
 31
0.0
100
AcDbText
  0
TEXT
  5
A5D
330
17
100
AcDbEntity
  8
AVAN-YAZI
100
AcDbText
 10
-1903.6185
 20
1445.9286
 30
0.0
 40
2.212
  1
17.800
  7
AVAN-KALIN
 41
1.2394
 11
-1903.6185
 21
1445.9286
 31
0.0
100
AcDbText
  0
TEXT
  5
A5E
330
17
100
AcDbEntity
  8
AVAN-YAZI
100
AcDbText
 10
-1856.6186
 20
1445.9286
 30
0.0
 40
2.212
  1
31.740
  7
AVAN-KALIN
 41
1.2394
 11
-1856.6186
 21
1445.9286
 31
0.0
100
AcDbText
  0
TEXT
  5
A5F
330
17
100
AcDbEntity
  8
AVAN-YAZI
100
AcDbText
 10
-2006.0889
 20
1440.4253
 30
0.0
 40
2.109
  1
Fs — Kuyu üstü betonuna
  7
AVAN
 41
1.09
 11
-2006.0889
 21
1440.4253
 31
0.0
100
AcDbText
  0
TEXT
  5
A60
330
17
100
AcDbEntity
  8
AVAN-YAZI
100
AcDbText
 10
-1842.0889
 20
1440.4253
 30
0.0
 40
2.109
  1
N
  7
AVAN
 41
1.0176
 11
-1842.0889
 21
1440.4253
 31
0.0
100
AcDbText
  0
TEXT
  5
A61
330
17
100
AcDbEntity
  8
AVAN-YAZI
100
AcDbText
 10
-1903.6185
 20
1440.2842
 30
0.0
 40
2.212
  1
33.930
  7
AVAN-KALIN
 41
1.2394
 11
-1903.6185
 21
1440.2842
 31
0.0
100
AcDbText
  0
TEXT
  5
A62
330
17
100
AcDbEntity
  8
AVAN-YAZI
100
AcDbText
 10
-1856.6186
 20
1440.2842
 30
0.0
 40
2.212
  1
46.810
  7
AVAN-KALIN
 41
1.2394
 11
-1856.6186
 21
1440.2842
 31
0.0
100
AcDbText
  0
TEXT
  5
A63
330
17
100
AcDbEntity
  8
AVAN-YAZI
100
AcDbText
 10
-2006.0889
 20
1434.7808
 30
0.0
 40
2.109
  1
Kabin armatür sayısı
  7
AVAN
 41
0.9981
 11
-2006.0889
 21
1434.7808
 31
0.0
100
AcDbText
  0
TEXT
  5
A64
330
17
100
AcDbEntity
  8
AVAN-YAZI
100
AcDbText
 10
-1842.0889
 20
1434.7808
 30
0.0
 40
2.109
  1
adet
  7
AVAN
 41
1.1381
 11
-1842.0889
 21
1434.7808
 31
0.0
100
AcDbText
  0
TEXT
  5
A65
330
17
100
AcDbEntity
  8
AVAN-YAZI
100
AcDbText
 10
-1894.0221
 20
1434.6397
 30
0.0
 40
2.212
  1
4
  7
AVAN-KALIN
 41
1.2291
 11
-1894.0221
 21
1434.6397
 31
0.0
100
AcDbText
  0
TEXT
  5
A66
330
17
100
AcDbEntity
  8
AVAN-YAZI
100
AcDbText
 10
-1847.0221
 20
1434.6397
 30
0.0
 40
2.212
  1
5
  7
AVAN-KALIN
 41
1.2291
 11
-1847.0221
 21
1434.6397
 31
0.0
100
AcDbText
  0
TEXT
  5
A67
330
17
100
AcDbEntity
  8
AVAN-YAZI
100
AcDbText
 10
-2006.0889
 20
1429.1364
 30
0.0
 40
2.109
  1
Kuyu armatür sayısı
  7
AVAN
 41
0.9964
 11
-2006.0889
 21
1429.1364
 31
0.0
100
AcDbText
  0
TEXT
  5
A68
330
17
100
AcDbEntity
  8
AVAN-YAZI
100
AcDbText
 10
-1842.0889
 20
1429.1364
 30
0.0
 40
2.109
  1
adet
  7
AVAN
 41
1.1381
 11
-1842.0889
 21
1429.1364
 31
0.0
100
AcDbText
  0
TEXT
  5
A69
330
17
100
AcDbEntity
  8
AVAN-YAZI
100
AcDbText
 10
-1894.0221
 20
1428.9953
 30
0.0
 40
2.212
  1
6
  7
AVAN-KALIN
 41
1.2291
 11
-1894.0221
 21
1428.9953
 31
0.0
100
AcDbText
  0
TEXT
  5
A6A
330
17
100
AcDbEntity
  8
AVAN-YAZI
100
AcDbText
 10
-1847.0221
 20
1428.9953
 30
0.0
 40
2.212
  1
7
  7
AVAN-KALIN
 41
1.2291
 11
-1847.0221
 21
1428.9953
 31
0.0
100
AcDbText
  0
TEXT
  5
A6B
330
17
100
AcDbEntity
  8
AVAN-YAZI
100
AcDbText
 10
-2006.0889
 20
1423.492
 30
0.0
 40
2.109
  1
P — Asansörün kurulu gücü
  7
AVAN
 41
1.0855
 11
-2006.0889
 21
1423.492
 31
0.0
100
AcDbText
  0
TEXT
  5
A6C
330
17
100
AcDbEntity
  8
AVAN-YAZI
100
AcDbText
 10
-1842.0889
 20
1423.492
 30
0.0
 40
2.109
  1
W
  7
AVAN
 41
1.0287
 11
-1842.0889
 21
1423.492
 31
0.0
100
AcDbText
  0
TEXT
  5
A6D
330
17
100
AcDbEntity
  8
AVAN-YAZI
100
AcDbText
 10
-1903.6185
 20
1423.3508
 30
0.0
 40
2.212
  1
12.165
  7
AVAN-KALIN
 41
1.2394
 11
-1903.6185
 21
1423.3508
 31
0.0
100
AcDbText
  0
TEXT
  5
A6E
330
17
100
AcDbEntity
  8
AVAN-YAZI
100
AcDbText
 10
-1856.6186
 20
1423.3508
 30
0.0
 40
2.212
  1
12.210
  7
AVAN-KALIN
 41
1.2394
 11
-1856.6186
 21
1423.3508
 31
0.0
100
AcDbText
  0
TEXT
  5
A6F
330
17
100
AcDbEntity
  8
AVAN-YAZI
100
AcDbText
 10
-2006.0889
 20
1417.8475
 30
0.0
 40
2.109
  1
ε — Toplam gerilim düşümü
  7
AVAN
 41
1.0899
 11
-2006.0889
 21
1417.8475
 31
0.0
100
AcDbText
  0
TEXT
  5
A70
330
17
100
AcDbEntity
  8
AVAN-YAZI
100
AcDbText
 10
-1842.0889
 20
1417.8475
 30
0.0
 40
2.109
  1
%
  7
AVAN
 41
1.0498
 11
-1842.0889
 21
1417.8475
 31
0.0
100
AcDbText
  0
TEXT
  5
A71
330
17
100
AcDbEntity
  8
AVAN-YAZI
100
AcDbText
 10
-1901.5076
 20
1417.7064
 30
0.0
 40
2.212
  1
0,892
  7
AVAN-KALIN
 41
1.2417
 11
-1901.5076
 21
1417.7064
 31
0.0
100
AcDbText
  0
TEXT
  5
A72
330
17
100
AcDbEntity
  8
AVAN-YAZI
100
AcDbText
 10
-1854.5076
 20
1417.7064
 30
0.0
 40
2.212
  1
0,895
  7
AVAN-KALIN
 41
1.2417
 11
-1854.5076
 21
1417.7064
 31
0.0
100
AcDbText
  0
TEXT
  5
A73
330
17
100
AcDbEntity
  8
AVAN-YAZI
100
AcDbText
 10
-2006.0889
 20
1412.2031
 30
0.0
 40
2.109
  1
Kontrol ( ε ≤ εmax )
  7
AVAN
 41
1.1572
 11
-2006.0889
 21
1412.2031
 31
0.0
100
AcDbText
  0
TEXT
  5
A74
330
17
100
AcDbEntity
  8
AVAN-YAZI
100
AcDbText
 10
-1904.0644
 20
1412.062
 30
0.0
 40
2.212
  1
UYGUN
  7
AVAN-KALIN
 41
1.0896
 11
-1904.0644
 21
1412.062
 31
0.0
100
AcDbText
  0
TEXT
  5
A75
330
17
100
AcDbEntity
  8
AVAN-YAZI
100
AcDbText
 10
-1857.0645
 20
1412.062
 30
0.0
 40
2.212
  1
UYGUN
  7
AVAN-KALIN
 41
1.0896
 11
-1857.0645
 21
1412.062
 31
0.0
100
AcDbText
  0
TEXT
  5
A76
330
17
100
AcDbEntity
  8
AVAN-YAZI
100
AcDbText
 10
-2006.0889
 20
1406.5586
 30
0.0
 40
2.109
  1
I — Hat akımı / Iz
  7
AVAN
 41
0.9628
 11
-2006.0889
 21
1406.5586
 31
0.0
100
AcDbText
  0
TEXT
  5
A77
330
17
100
AcDbEntity
  8
AVAN-YAZI
100
AcDbText
 10
-1842.0889
 20
1406.5586
 30
0.0
 40
2.109
  1
A
  7
AVAN
 41
1.0073
 11
-1842.0889
 21
1406.5586
 31
0.0
100
AcDbText
  0
TEXT
  5
A78
330
17
100
AcDbEntity
  8
AVAN-YAZI
100
AcDbText
 10
-1906.8391
 20
1406.4175
 30
0.0
 40
2.212
  1
20,5 / 41
  7
AVAN-KALIN
 41
1.2417
 11
-1906.8391
 21
1406.4175
 31
0.0
100
AcDbText
  0
TEXT
  5
A79
330
17
100
AcDbEntity
  8
AVAN-YAZI
100
AcDbText
 10
-1859.8391
 20
1406.4175
 30
0.0
 40
2.212
  1
20,6 / 41
  7
AVAN-KALIN
 41
1.2417
 11
-1859.8391
 21
1406.4175
 31
0.0
100
AcDbText
  0
TEXT
  5
A7A
330
17
100
AcDbEntity
  8
AVAN-YAZI
100
AcDbText
 10
-2006.0889
 20
1400.7731
 30
0.0
 40
2.109
  1
Tesisin toplam kurulu gücü
  7
AVAN
 41
1.1179
 11
-2006.0889
 21
1400.7731
 31
0.0
100
AcDbText
  0
TEXT
  5
A7B
330
17
100
AcDbEntity
  8
AVAN-YAZI
100
AcDbText
 10
-1842.0889
 20
1400.7731
 30
0.0
 40
2.109
  1
W
  7
AVAN
 41
1.0287
 11
-1842.0889
 21
1400.7731
 31
0.0
100
AcDbText
  0
TEXT
  5
A7C
330
17
100
AcDbEntity
  8
AVAN-YAZI
100
AcDbText
 10
-1856.6185
 20
1400.632
 30
0.0
 40
2.212
  1
24.375
  7
AVAN-KALIN
 41
1.2394
 11
-1856.6185
 21
1400.632
 31
0.0
100
AcDbText
  0
TEXT
  5
A7D
330
17
100
AcDbEntity
  8
AVAN-YAZI
100
AcDbText
 10
-2006.0889
 20
1394.8464
 30
0.0
 40
2.109
  1
Re — Temel topraklama direnci
  7
AVAN
 41
1.1034
 11
-2006.0889
 21
1394.8464
 31
0.0
100
AcDbText
  0
TEXT
  5
A7E
330
17
100
AcDbEntity
  8
AVAN-YAZI
100
AcDbText
 10
-1842.0889
 20
1394.8464
 30
0.0
 40
2.109
  1
Ω
  7
AVAN
 41
0.9773
 11
-1842.0889
 21
1394.8464
 31
0.0
100
AcDbText
  0
TEXT
  5
A7F
330
17
100
AcDbEntity
  8
AVAN-YAZI
100
AcDbText
 10
-1854.5075
 20
1394.7053
 30
0.0
 40
2.212
  1
4,674
  7
AVAN-KALIN
 41
1.2417
 11
-1854.5075
 21
1394.7053
 31
0.0
100
AcDbText
  0
TEXT
  5
A80
330
17
100
AcDbEntity
  8
AVAN-YAZI
100
AcDbText
 10
-2006.0889
 20
1388.9197
 30
0.0
 40
2.109
  1
Topraklama kontrolü ( Re ≤ UL / IΔn )
  7
AVAN
 41
1.1153
 11
-2006.0889
 21
1388.9197
 31
0.0
100
AcDbText
  0
TEXT
  5
A81
330
17
100
AcDbEntity
  8
AVAN-YAZI
100
AcDbText
 10
-1857.0644
 20
1388.7786
 30
0.0
 40
2.212
  1
UYGUN
  7
AVAN-KALIN
 41
1.0896
 11
-1857.0644
 21
1388.7786
 31
0.0
100
AcDbText
  0
TEXT
  5
A82
330
17
100
AcDbEntity
  8
AVAN-YAZI
100
AcDbText
 10
-2005.7361
 20
1377.2169
 30
0.0
 40
2.109
  1
Hesabı yapan
  7
AVAN
 41
1.0064
 11
-2005.7361
 21
1377.2169
 31
0.0
100
AcDbText
  0
TEXT
  5
A83
330
17
100
AcDbEntity
  8
AVAN-YAZI
100
AcDbText
 10
-1945.7361
 20
1377.2169
 30
0.0
 40
2.109
  1
Kontrol eden
  7
AVAN
 41
1.1105
 11
-1945.7361
 21
1377.2169
 31
0.0
100
AcDbText
  0
TEXT
  5
A84
330
17
100
AcDbEntity
  8
AVAN-YAZI
100
AcDbText
 10
-1885.7361
 20
1377.2169
 30
0.0
 40
2.109
  1
Onay
  7
AVAN
 41
1.0789
 11
-1885.7361
 21
1377.2169
 31
0.0
100
AcDbText
  0
TEXT
  5
A85
330
17
100
AcDbEntity
  8
AVAN-YAZI
100
AcDbText
 10
-1835.9854
 20
1325.3
 30
0.0
 40
1.646
  1
Sayfa 9
  7
AVAN
 41
1.0886
 11
-1835.9854
 21
1325.3
 31
0.0
100
AcDbText
  0
ENDSEC
  0
SECTION
  2
OBJECTS
  0
DICTIONARY
  5
A
330
0
100
AcDbDictionary
281
1
  3
ACAD_COLOR
350
B
  3
ACAD_GROUP
350
C
  3
ACAD_LAYOUT
350
D
  3
ACAD_MATERIAL
350
E
  3
ACAD_MLEADERSTYLE
350
F
  3
ACAD_MLINESTYLE
350
10
  3
ACAD_PLOTSETTINGS
350
11
  3
ACAD_PLOTSTYLENAME
350
12
  3
ACAD_SCALELIST
350
14
  3
ACAD_TABLESTYLE
350
15
  3
ACAD_VISUALSTYLE
350
16
  3
EZDXF_META
350
2D
  0
DICTIONARY
  5
B
330
A
100
AcDbDictionary
281
1
  0
DICTIONARY
  5
C
330
A
100
AcDbDictionary
281
1
  0
DICTIONARY
  5
D
330
A
100
AcDbDictionary
281
1
  3
Model
350
1A
  3
Layout1
350
1E
  0
DICTIONARY
  5
E
330
A
100
AcDbDictionary
281
1
  3
ByBlock
350
1F
  3
ByLayer
350
20
  3
Global
350
21
  0
DICTIONARY
  5
F
330
A
100
AcDbDictionary
281
1
  3
Standard
350
2C
  0
DICTIONARY
  5
10
330
A
100
AcDbDictionary
281
1
  3
Standard
350
22
  0
DICTIONARY
  5
11
330
A
100
AcDbDictionary
281
1
  0
ACDBDICTIONARYWDFLT
  5
12
330
A
100
AcDbDictionary
281
1
  3
Normal
350
13
100
AcDbDictionaryWithDefault
340
13
  0
ACDBPLACEHOLDER
  5
13
330
12
  0
DICTIONARY
  5
14
330
A
100
AcDbDictionary
281
1
  0
DICTIONARY
  5
15
330
A
100
AcDbDictionary
281
1
  0
DICTIONARY
  5
16
330
A
100
AcDbDictionary
281
1
  3
2dWireframe
350
5A
  3
Basic
350
5B
  3
Brighten
350
5C
  3
ColorChange
350
5D
  3
Conceptual
350
5E
  3
Dim
350
5F
  3
EdgeColorOff
350
60
  3
Facepattern
350
61
  3
Flat
350
62
  3
FlatWithEdges
350
63
  3
Gouraud
350
64
  3
GouraudWithEdges
350
65
  3
Hidden
350
66
  3
JitterOff
350
67
  3
Linepattern
350
68
  3
Modeling
350
69
  3
OverhangOff
350
6A
  3
Realistic
350
6B
  3
Shaded
350
6C
  3
Shaded with edges
350
6D
  3
Shades of Gray
350
6E
  3
Sketchy
350
6F
  3
Thicken
350
70
  3
Wireframe
350
71
  3
X-Ray
350
72
  0
LAYOUT
  5
1A
330
D
100
AcDbPlotSettings
  1

  4
A3
  6

 40
7.5
 41
20.0
 42
7.5
 43
20.0
 44
420.0
 45
297.0
 46
0.0
 47
0.0
 48
0.0
 49
0.0
140
0.0
141
0.0
142
1.0
143
1.0
 70
1024
 72
1
 73
0
 74
5
  7

 75
16
 76
0
 77
2
 78
300
147
1.0
148
0.0
149
0.0
100
AcDbLayout
  1
Model
 70
1
 71
0
 10
0.0
 20
0.0
 11
420.0
 21
297.0
 12
0.0
 22
0.0
 32
0.0
 14
1e+20
 24
1e+20
 34
1e+20
 15
-1e+20
 25
-1e+20
 35
-1e+20
146
0.0
 13
0.0
 23
0.0
 33
0.0
 16
1.0
 26
0.0
 36
0.0
 17
0.0
 27
1.0
 37
0.0
 76
1
330
17
  0
LAYOUT
  5
1E
330
D
100
AcDbPlotSettings
  1

  4
A3
  6

 40
7.5
 41
20.0
 42
7.5
 43
20.0
 44
420.0
 45
297.0
 46
0.0
 47
0.0
 48
0.0
 49
0.0
140
0.0
141
0.0
142
1.0
143
1.0
 70
0
 72
1
 73
0
 74
5
  7

 75
16
 76
0
 77
2
 78
300
147
1.0
148
0.0
149
0.0
100
AcDbLayout
  1
Layout1
 70
1
 71
1
 10
0.0
 20
0.0
 11
420.0
 21
297.0
 12
0.0
 22
0.0
 32
0.0
 14
1e+20
 24
1e+20
 34
1e+20
 15
-1e+20
 25
-1e+20
 35
-1e+20
146
0.0
 13
0.0
 23
0.0
 33
0.0
 16
1.0
 26
0.0
 36
0.0
 17
0.0
 27
1.0
 37
0.0
 76
1
330
1B
  0
MATERIAL
  5
1F
102
{ACAD_REACTORS
330
E
102
}
330
E
100
AcDbMaterial
  1
ByBlock
  2

 70
0
 40
1.0
 71
1
 41
1.0
 91
-1023410177
 42
1.0
 72
1
  3

 73
1
 74
1
 75
1
 44
0.5
 73
0
 45
1.0
 46
1.0
 77
1
  4

 78
1
 79
1
170
1
 48
1.0
171
1
  6

172
1
173
1
174
1
140
1.0
141
1.0
175
1
  7

176
1
177
1
178
1
143
1.0
179
1
  8

270
1
271
1
272
1
145
1.0
146
1.0
273
1
  9

274
1
275
1
276
1
 42
1.0
 72
1
  3

 73
1
 74
1
 75
1
 94
63
  0
MATERIAL
  5
20
102
{ACAD_REACTORS
330
E
102
}
330
E
100
AcDbMaterial
  1
ByLayer
  2

 70
0
 40
1.0
 71
1
 41
1.0
 91
-1023410177
 42
1.0
 72
1
  3

 73
1
 74
1
 75
1
 44
0.5
 73
0
 45
1.0
 46
1.0
 77
1
  4

 78
1
 79
1
170
1
 48
1.0
171
1
  6

172
1
173
1
174
1
140
1.0
141
1.0
175
1
  7

176
1
177
1
178
1
143
1.0
179
1
  8

270
1
271
1
272
1
145
1.0
146
1.0
273
1
  9

274
1
275
1
276
1
 42
1.0
 72
1
  3

 73
1
 74
1
 75
1
 94
63
  0
MATERIAL
  5
21
102
{ACAD_REACTORS
330
E
102
}
330
E
100
AcDbMaterial
  1
Global
  2

 70
0
 40
1.0
 71
1
 41
1.0
 91
-1023410177
 42
1.0
 72
1
  3

 73
1
 74
1
 75
1
 44
0.5
 73
0
 45
1.0
 46
1.0
 77
1
  4

 78
1
 79
1
170
1
 48
1.0
171
1
  6

172
1
173
1
174
1
140
1.0
141
1.0
175
1
  7

176
1
177
1
178
1
143
1.0
179
1
  8

270
1
271
1
272
1
145
1.0
146
1.0
273
1
  9

274
1
275
1
276
1
 42
1.0
 72
1
  3

 73
1
 74
1
 75
1
 94
63
  0
MLINESTYLE
  5
22
102
{ACAD_REACTORS
330
10
102
}
330
10
100
AcDbMlineStyle
  2
Standard
 70
0
  3

 62
256
 51
90.0
 52
90.0
 71
2
 49
0.5
 62
256
  6
BYLAYER
 49
-0.5
 62
256
  6
BYLAYER
  0
MLEADERSTYLE
  5
2C
102
{ACAD_REACTORS
330
F
102
}
330
F
100
AcDbMLeaderStyle
179
2
170
2
171
1
172
0
 90
2
 40
0.0
 41
0.0
173
1
 91
-1056964608
 92
-2
290
1
 42
2.0
291
1
 43
8.0
  3
Standard
 44
4.0
300

342
29
174
1
175
1
176
0
178
1
 93
-1056964608
 45
4.0
292
0
297
0
 46
4.0
 94
-1056964608
 47
1.0
 49
1.0
140
1.0
294
1
141
0.0
177
0
142
1.0
295
0
296
0
143
3.75
271
0
272
9
273
9
  0
DICTIONARY
  5
2D
330
A
100
AcDbDictionary
280
1
281
1
  3
CREATED_BY_EZDXF
350
2E
  3
WRITTEN_BY_EZDXF
350
195
  0
DICTIONARYVAR
  5
2E
330
2D
100
DictionaryVariables
280
0
  1
1.4.4 @ 2026-09-02T19:28:24.164093+00:00
  0
VISUALSTYLE
  5
5A
102
{ACAD_REACTORS
330
16
102
}
330
16
100
AcDbVisualStyle
  2
2dWireframe
 70
4
177
3
291
0
 70
58
 90
2
176
1
 90
2
176
1
 90
0
176
1
 90
0
176
1
 40
0.6
176
1
 40
30.0
176
1
 62
7
420
16777215
176
1
 90
1
176
1
 90
4
176
1
 62
7
176
1
 62
257
176
1
 90
1
176
1
 90
1
176
1
 40
1.0
176
1
 90
8
176
1
 62
7
176
1
 40
1.0
176
1
 90
1
176
1
 90
6
176
1
 90
2
176
1
 62
7
176
1
 90
5
176
1
 90
0
176
1
 90
0
176
1
290
0
176
1
 90
1
176
1
 40
0.0
176
1
 90
0
176
1
290
1
176
1
290
1
176
1
290
0
176
1
290
0
176
1
290
0
176
1
290
0
176
1
290
0
176
1
290
0
176
1
290
0
176
1
 90
50
176
1
 40
0.0
176
1
 40
1.0
176
1
 90
0
176
1
 62
18
420
0
176
1
 90
50
176
1
 90
3
176
1
 62
5
420
255
176
1
290
0
176
1
 90
50
176
1
 90
50
176
1
 90
50
176
1
290
0
176
1
 90
50
176
1
 62
256
176
0
 40
1.0
176
0
 90
2
176
1
  1
strokes_ogs.tif
176
1
290
0
176
1
 40
1.0
176
1
 40
1.0
176
1
  0
VISUALSTYLE
  5
5B
102
{ACAD_REACTORS
330
16
102
}
330
16
100
AcDbVisualStyle
  2
Basic
 70
7
177
3
291
1
 70
58
 90
2
176
1
 90
2
176
1
 90
0
176
1
 90
1
176
1
 40
0.6
176
1
 40
30.0
176
1
 62
7
420
16777215
176
1
 90
1
176
1
 90
4
176
1
 62
7
176
1
 62
257
176
1
 90
1
176
1
 90
1
176
1
 40
1.0
176
1
 90
8
176
1
 62
7
176
1
 40
1.0
176
1
 90
1
176
1
 90
6
176
1
 90
2
176
1
 62
7
176
1
 90
5
176
1
 90
0
176
1
 90
0
176
1
290
0
176
1
 90
1
176
1
 40
0.0
176
1
 90
0
176
1
290
0
176
1
290
1
176
1
290
1
176
1
290
0
176
1
290
0
176
1
290
0
176
1
290
0
176
1
290
0
176
1
290
0
176
1
 90
50
176
1
 40
0.0
176
1
 40
1.0
176
1
 90
0
176
1
 62
18
420
0
176
1
 90
50
176
1
 90
3
176
1
 62
5
420
255
176
1
290
0
176
1
 90
50
176
1
 90
50
176
1
 90
50
176
1
290
0
176
1
 90
50
176
1
 62
256
176
0
 40
1.0
176
0
 90
2
176
1
  1
strokes_ogs.tif
176
1
290
0
176
1
 40
1.0
176
1
 40
1.0
176
1
  0
VISUALSTYLE
  5
5C
102
{ACAD_REACTORS
330
16
102
}
330
16
100
AcDbVisualStyle
  2
Brighten
 70
12
177
3
291
1
 70
58
 90
2
176
1
 90
2
176
1
 90
0
176
1
 90
2
176
1
 40
0.6
176
1
 40
30.0
176
1
 62
7
420
16777215
176
1
 90
1
176
1
 90
4
176
1
 62
7
176
1
 62
257
176
1
 90
1
176
1
 90
1
176
1
 40
1.0
176
1
 90
8
176
1
 62
7
176
1
 40
1.0
176
1
 90
1
176
1
 90
6
176
1
 90
2
176
1
 62
7
176
1
 90
5
176
1
 90
0
176
1
 90
0
176
1
290
0
176
1
 90
1
176
1
 40
0.0
176
1
 90
0
176
1
290
0
176
1
290
1
176
1
290
1
176
1
290
0
176
1
290
0
176
1
290
0
176
1
290
0
176
1
290
0
176
1
290
0
176
1
 90
50
176
1
 40
0.0
176
1
 40
1.0
176
1
 90
0
176
1
 62
18
420
0
176
1
 90
50
176
1
 90
3
176
1
 62
5
420
255
176
1
290
0
176
1
 90
50
176
1
 90
50
176
1
 90
50
176
1
290
0
176
1
 90
50
176
1
 62
256
176
0
 40
1.0
176
0
 90
2
176
1
  1
strokes_ogs.tif
176
1
290
0
176
1
 40
1.0
176
1
 40
1.0
176
1
  0
VISUALSTYLE
  5
5D
102
{ACAD_REACTORS
330
16
102
}
330
16
100
AcDbVisualStyle
  2
ColorChange
 70
16
177
3
291
1
 70
58
 90
2
176
1
 90
2
176
1
 90
0
176
1
 90
2
176
1
 40
0.6
176
1
 40
30.0
176
1
 62
7
420
16777215
176
1
 90
1
176
1
 90
4
176
1
 62
7
176
1
 62
257
176
1
 90
1
176
1
 90
1
176
1
 40
1.0
176
1
 90
8
176
1
 62
7
176
1
 40
1.0
176
1
 90
1
176
1
 90
6
176
1
 90
2
176
1
 62
7
176
1
 90
5
176
1
 90
0
176
1
 90
0
176
1
290
0
176
1
 90
1
176
1
 40
0.0
176
1
 90
0
176
1
290
0
176
1
290
1
176
1
290
1
176
1
290
0
176
1
290
0
176
1
290
0
176
1
290
0
176
1
290
0
176
1
290
0
176
1
 90
50
176
1
 40
0.0
176
1
 40
1.0
176
1
 90
0
176
1
 62
18
420
0
176
1
 90
50
176
1
 90
3
176
1
 62
5
420
255
176
1
290
0
176
1
 90
50
176
1
 90
50
176
1
 90
50
176
1
290
0
176
1
 90
50
176
1
 62
256
176
0
 40
1.0
176
0
 90
2
176
1
  1
strokes_ogs.tif
176
1
290
0
176
1
 40
1.0
176
1
 40
1.0
176
1
  0
VISUALSTYLE
  5
5E
102
{ACAD_REACTORS
330
16
102
}
330
16
100
AcDbVisualStyle
  2
Conceptual
 70
9
177
3
291
0
 70
58
 90
2
176
1
 90
2
176
1
 90
0
176
1
 90
3
176
1
 40
0.6
176
1
 40
30.0
176
1
 62
7
420
16777215
176
1
 90
1
176
1
 90
4
176
1
 62
7
176
1
 62
257
176
1
 90
1
176
1
 90
1
176
1
 40
1.0
176
1
 90
8
176
1
 62
7
176
1
 40
1.0
176
1
 90
1
176
1
 90
6
176
1
 90
2
176
1
 62
7
176
1
 90
5
176
1
 90
0
176
1
 90
0
176
1
290
0
176
1
 90
1
176
1
 40
0.0
176
1
 90
0
176
1
290
0
176
1
290
1
176
1
290
1
176
1
290
0
176
1
290
0
176
1
290
0
176
1
290
0
176
1
290
0
176
1
290
0
176
1
 90
50
176
1
 40
0.0
176
1
 40
1.0
176
1
 90
0
176
1
 62
18
420
0
176
1
 90
50
176
1
 90
3
176
1
 62
5
420
255
176
1
290
0
176
1
 90
50
176
1
 90
50
176
1
 90
50
176
1
290
0
176
1
 90
50
176
1
 62
256
176
0
 40
1.0
176
0
 90
2
176
1
  1
strokes_ogs.tif
176
1
290
0
176
1
 40
1.0
176
1
 40
1.0
176
1
  0
VISUALSTYLE
  5
5F
102
{ACAD_REACTORS
330
16
102
}
330
16
100
AcDbVisualStyle
  2
Dim
 70
11
177
3
291
1
 70
58
 90
2
176
1
 90
2
176
1
 90
0
176
1
 90
2
176
1
 40
0.6
176
1
 40
30.0
176
1
 62
7
420
16777215
176
1
 90
1
176
1
 90
4
176
1
 62
7
176
1
 62
257
176
1
 90
1
176
1
 90
1
176
1
 40
1.0
176
1
 90
8
176
1
 62
7
176
1
 40
1.0
176
1
 90
1
176
1
 90
6
176
1
 90
2
176
1
 62
7
176
1
 90
5
176
1
 90
0
176
1
 90
0
176
1
290
0
176
1
 90
1
176
1
 40
0.0
176
1
 90
0
176
1
290
0
176
1
290
1
176
1
290
1
176
1
290
0
176
1
290
0
176
1
290
0
176
1
290
0
176
1
290
0
176
1
290
0
176
1
 90
50
176
1
 40
0.0
176
1
 40
1.0
176
1
 90
0
176
1
 62
18
420
0
176
1
 90
50
176
1
 90
3
176
1
 62
5
420
255
176
1
290
0
176
1
 90
50
176
1
 90
50
176
1
 90
50
176
1
290
0
176
1
 90
50
176
1
 62
256
176
0
 40
1.0
176
0
 90
2
176
1
  1
strokes_ogs.tif
176
1
290
0
176
1
 40
1.0
176
1
 40
1.0
176
1
  0
VISUALSTYLE
  5
60
102
{ACAD_REACTORS
330
16
102
}
330
16
100
AcDbVisualStyle
  2
EdgeColorOff
 70
22
177
3
291
1
 70
58
 90
2
176
1
 90
2
176
1
 90
0
176
1
 90
2
176
1
 40
0.6
176
1
 40
30.0
176
1
 62
7
420
16777215
176
1
 90
1
176
1
 90
4
176
1
 62
7
176
1
 62
257
176
1
 90
1
176
1
 90
1
176
1
 40
1.0
176
1
 90
8
176
1
 62
7
176
1
 40
1.0
176
1
 90
1
176
1
 90
6
176
1
 90
2
176
1
 62
7
176
1
 90
5
176
1
 90
0
176
1
 90
0
176
1
290
0
176
1
 90
1
176
1
 40
0.0
176
1
 90
0
176
1
290
0
176
1
290
1
176
1
290
1
176
1
290
0
176
1
290
0
176
1
290
0
176
1
290
0
176
1
290
0
176
1
290
0
176
1
 90
50
176
1
 40
0.0
176
1
 40
1.0
176
1
 90
0
176
1
 62
18
420
0
176
1
 90
50
176
1
 90
3
176
1
 62
5
420
255
176
1
290
0
176
1
 90
50
176
1
 90
50
176
1
 90
50
176
1
290
0
176
1
 90
50
176
1
 62
256
176
0
 40
1.0
176
0
 90
2
176
1
  1
strokes_ogs.tif
176
1
290
0
176
1
 40
1.0
176
1
 40
1.0
176
1
  0
VISUALSTYLE
  5
61
102
{ACAD_REACTORS
330
16
102
}
330
16
100
AcDbVisualStyle
  2
Facepattern
 70
15
177
3
291
1
 70
58
 90
2
176
1
 90
2
176
1
 90
0
176
1
 90
2
176
1
 40
0.6
176
1
 40
30.0
176
1
 62
7
420
16777215
176
1
 90
1
176
1
 90
4
176
1
 62
7
176
1
 62
257
176
1
 90
1
176
1
 90
1
176
1
 40
1.0
176
1
 90
8
176
1
 62
7
176
1
 40
1.0
176
1
 90
1
176
1
 90
6
176
1
 90
2
176
1
 62
7
176
1
 90
5
176
1
 90
0
176
1
 90
0
176
1
290
0
176
1
 90
1
176
1
 40
0.0
176
1
 90
0
176
1
290
0
176
1
290
1
176
1
290
1
176
1
290
0
176
1
290
0
176
1
290
0
176
1
290
0
176
1
290
0
176
1
290
0
176
1
 90
50
176
1
 40
0.0
176
1
 40
1.0
176
1
 90
0
176
1
 62
18
420
0
176
1
 90
50
176
1
 90
3
176
1
 62
5
420
255
176
1
290
0
176
1
 90
50
176
1
 90
50
176
1
 90
50
176
1
290
0
176
1
 90
50
176
1
 62
256
176
0
 40
1.0
176
0
 90
2
176
1
  1
strokes_ogs.tif
176
1
290
0
176
1
 40
1.0
176
1
 40
1.0
176
1
  0
VISUALSTYLE
  5
62
102
{ACAD_REACTORS
330
16
102
}
330
16
100
AcDbVisualStyle
  2
Flat
 70
0
177
3
291
1
 70
58
 90
2
176
1
 90
2
176
1
 90
0
176
1
 90
2
176
1
 40
0.6
176
1
 40
30.0
176
1
 62
7
420
16777215
176
1
 90
1
176
1
 90
4
176
1
 62
7
176
1
 62
257
176
1
 90
1
176
1
 90
1
176
1
 40
1.0
176
1
 90
8
176
1
 62
7
176
1
 40
1.0
176
1
 90
1
176
1
 90
6
176
1
 90
2
176
1
 62
7
176
1
 90
5
176
1
 90
0
176
1
 90
0
176
1
290
0
176
1
 90
1
176
1
 40
0.0
176
1
 90
0
176
1
290
0
176
1
290
1
176
1
290
1
176
1
290
0
176
1
290
0
176
1
290
0
176
1
290
0
176
1
290
0
176
1
290
0
176
1
 90
50
176
1
 40
0.0
176
1
 40
1.0
176
1
 90
0
176
1
 62
18
420
0
176
1
 90
50
176
1
 90
3
176
1
 62
5
420
255
176
1
290
0
176
1
 90
50
176
1
 90
50
176
1
 90
50
176
1
290
0
176
1
 90
50
176
1
 62
256
176
0
 40
1.0
176
0
 90
2
176
1
  1
strokes_ogs.tif
176
1
290
0
176
1
 40
1.0
176
1
 40
1.0
176
1
  0
VISUALSTYLE
  5
63
102
{ACAD_REACTORS
330
16
102
}
330
16
100
AcDbVisualStyle
  2
FlatWithEdges
 70
1
177
3
291
1
 70
58
 90
2
176
1
 90
2
176
1
 90
0
176
1
 90
2
176
1
 40
0.6
176
1
 40
30.0
176
1
 62
7
420
16777215
176
1
 90
1
176
1
 90
4
176
1
 62
7
176
1
 62
257
176
1
 90
1
176
1
 90
1
176
1
 40
1.0
176
1
 90
8
176
1
 62
7
176
1
 40
1.0
176
1
 90
1
176
1
 90
6
176
1
 90
2
176
1
 62
7
176
1
 90
5
176
1
 90
0
176
1
 90
0
176
1
290
0
176
1
 90
1
176
1
 40
0.0
176
1
 90
0
176
1
290
0
176
1
290
1
176
1
290
1
176
1
290
0
176
1
290
0
176
1
290
0
176
1
290
0
176
1
290
0
176
1
290
0
176
1
 90
50
176
1
 40
0.0
176
1
 40
1.0
176
1
 90
0
176
1
 62
18
420
0
176
1
 90
50
176
1
 90
3
176
1
 62
5
420
255
176
1
290
0
176
1
 90
50
176
1
 90
50
176
1
 90
50
176
1
290
0
176
1
 90
50
176
1
 62
256
176
0
 40
1.0
176
0
 90
2
176
1
  1
strokes_ogs.tif
176
1
290
0
176
1
 40
1.0
176
1
 40
1.0
176
1
  0
VISUALSTYLE
  5
64
102
{ACAD_REACTORS
330
16
102
}
330
16
100
AcDbVisualStyle
  2
Gouraud
 70
2
177
3
291
1
 70
58
 90
2
176
1
 90
2
176
1
 90
0
176
1
 90
2
176
1
 40
0.6
176
1
 40
30.0
176
1
 62
7
420
16777215
176
1
 90
1
176
1
 90
4
176
1
 62
7
176
1
 62
257
176
1
 90
1
176
1
 90
1
176
1
 40
1.0
176
1
 90
8
176
1
 62
7
176
1
 40
1.0
176
1
 90
1
176
1
 90
6
176
1
 90
2
176
1
 62
7
176
1
 90
5
176
1
 90
0
176
1
 90
0
176
1
290
0
176
1
 90
1
176
1
 40
0.0
176
1
 90
0
176
1
290
0
176
1
290
1
176
1
290
1
176
1
290
0
176
1
290
0
176
1
290
0
176
1
290
0
176
1
290
0
176
1
290
0
176
1
 90
50
176
1
 40
0.0
176
1
 40
1.0
176
1
 90
0
176
1
 62
18
420
0
176
1
 90
50
176
1
 90
3
176
1
 62
5
420
255
176
1
290
0
176
1
 90
50
176
1
 90
50
176
1
 90
50
176
1
290
0
176
1
 90
50
176
1
 62
256
176
0
 40
1.0
176
0
 90
2
176
1
  1
strokes_ogs.tif
176
1
290
0
176
1
 40
1.0
176
1
 40
1.0
176
1
  0
VISUALSTYLE
  5
65
102
{ACAD_REACTORS
330
16
102
}
330
16
100
AcDbVisualStyle
  2
GouraudWithEdges
 70
3
177
3
291
1
 70
58
 90
2
176
1
 90
2
176
1
 90
0
176
1
 90
2
176
1
 40
0.6
176
1
 40
30.0
176
1
 62
7
420
16777215
176
1
 90
1
176
1
 90
4
176
1
 62
7
176
1
 62
257
176
1
 90
1
176
1
 90
1
176
1
 40
1.0
176
1
 90
8
176
1
 62
7
176
1
 40
1.0
176
1
 90
1
176
1
 90
6
176
1
 90
2
176
1
 62
7
176
1
 90
5
176
1
 90
0
176
1
 90
0
176
1
290
0
176
1
 90
1
176
1
 40
0.0
176
1
 90
0
176
1
290
0
176
1
290
1
176
1
290
1
176
1
290
0
176
1
290
0
176
1
290
0
176
1
290
0
176
1
290
0
176
1
290
0
176
1
 90
50
176
1
 40
0.0
176
1
 40
1.0
176
1
 90
0
176
1
 62
18
420
0
176
1
 90
50
176
1
 90
3
176
1
 62
5
420
255
176
1
290
0
176
1
 90
50
176
1
 90
50
176
1
 90
50
176
1
290
0
176
1
 90
50
176
1
 62
256
176
0
 40
1.0
176
0
 90
2
176
1
  1
strokes_ogs.tif
176
1
290
0
176
1
 40
1.0
176
1
 40
1.0
176
1
  0
VISUALSTYLE
  5
66
102
{ACAD_REACTORS
330
16
102
}
330
16
100
AcDbVisualStyle
  2
Hidden
 70
6
177
3
291
0
 70
58
 90
2
176
1
 90
2
176
1
 90
0
176
1
 90
1
176
1
 40
0.6
176
1
 40
30.0
176
1
 62
7
420
16777215
176
1
 90
1
176
1
 90
4
176
1
 62
7
176
1
 62
257
176
1
 90
1
176
1
 90
1
176
1
 40
1.0
176
1
 90
8
176
1
 62
7
176
1
 40
1.0
176
1
 90
1
176
1
 90
6
176
1
 90
2
176
1
 62
7
176
1
 90
5
176
1
 90
0
176
1
 90
0
176
1
290
0
176
1
 90
1
176
1
 40
0.0
176
1
 90
0
176
1
290
0
176
1
290
1
176
1
290
1
176
1
290
0
176
1
290
0
176
1
290
0
176
1
290
0
176
1
290
0
176
1
290
0
176
1
 90
50
176
1
 40
0.0
176
1
 40
1.0
176
1
 90
0
176
1
 62
18
420
0
176
1
 90
50
176
1
 90
3
176
1
 62
5
420
255
176
1
290
0
176
1
 90
50
176
1
 90
50
176
1
 90
50
176
1
290
0
176
1
 90
50
176
1
 62
256
176
0
 40
1.0
176
0
 90
2
176
1
  1
strokes_ogs.tif
176
1
290
0
176
1
 40
1.0
176
1
 40
1.0
176
1
  0
VISUALSTYLE
  5
67
102
{ACAD_REACTORS
330
16
102
}
330
16
100
AcDbVisualStyle
  2
JitterOff
 70
20
177
3
291
1
 70
58
 90
2
176
1
 90
2
176
1
 90
0
176
1
 90
2
176
1
 40
0.6
176
1
 40
30.0
176
1
 62
7
420
16777215
176
1
 90
1
176
1
 90
4
176
1
 62
7
176
1
 62
257
176
1
 90
1
176
1
 90
1
176
1
 40
1.0
176
1
 90
8
176
1
 62
7
176
1
 40
1.0
176
1
 90
1
176
1
 90
6
176
1
 90
2
176
1
 62
7
176
1
 90
5
176
1
 90
0
176
1
 90
0
176
1
290
0
176
1
 90
1
176
1
 40
0.0
176
1
 90
0
176
1
290
0
176
1
290
1
176
1
290
1
176
1
290
0
176
1
290
0
176
1
290
0
176
1
290
0
176
1
290
0
176
1
290
0
176
1
 90
50
176
1
 40
0.0
176
1
 40
1.0
176
1
 90
0
176
1
 62
18
420
0
176
1
 90
50
176
1
 90
3
176
1
 62
5
420
255
176
1
290
0
176
1
 90
50
176
1
 90
50
176
1
 90
50
176
1
290
0
176
1
 90
50
176
1
 62
256
176
0
 40
1.0
176
0
 90
2
176
1
  1
strokes_ogs.tif
176
1
290
0
176
1
 40
1.0
176
1
 40
1.0
176
1
  0
VISUALSTYLE
  5
68
102
{ACAD_REACTORS
330
16
102
}
330
16
100
AcDbVisualStyle
  2
Linepattern
 70
14
177
3
291
1
 70
58
 90
2
176
1
 90
2
176
1
 90
0
176
1
 90
2
176
1
 40
0.6
176
1
 40
30.0
176
1
 62
7
420
16777215
176
1
 90
1
176
1
 90
4
176
1
 62
7
176
1
 62
257
176
1
 90
1
176
1
 90
1
176
1
 40
1.0
176
1
 90
8
176
1
 62
7
176
1
 40
1.0
176
1
 90
1
176
1
 90
6
176
1
 90
2
176
1
 62
7
176
1
 90
5
176
1
 90
0
176
1
 90
0
176
1
290
0
176
1
 90
1
176
1
 40
0.0
176
1
 90
0
176
1
290
0
176
1
290
1
176
1
290
1
176
1
290
0
176
1
290
0
176
1
290
0
176
1
290
0
176
1
290
0
176
1
290
0
176
1
 90
50
176
1
 40
0.0
176
1
 40
1.0
176
1
 90
0
176
1
 62
18
420
0
176
1
 90
50
176
1
 90
3
176
1
 62
5
420
255
176
1
290
0
176
1
 90
50
176
1
 90
50
176
1
 90
50
176
1
290
0
176
1
 90
50
176
1
 62
256
176
0
 40
1.0
176
0
 90
2
176
1
  1
strokes_ogs.tif
176
1
290
0
176
1
 40
1.0
176
1
 40
1.0
176
1
  0
VISUALSTYLE
  5
69
102
{ACAD_REACTORS
330
16
102
}
330
16
100
AcDbVisualStyle
  2
Modeling
 70
10
177
3
291
0
 70
58
 90
2
176
1
 90
2
176
1
 90
0
176
1
 90
2
176
1
 40
0.6
176
1
 40
30.0
176
1
 62
7
420
16777215
176
1
 90
1
176
1
 90
4
176
1
 62
7
176
1
 62
257
176
1
 90
1
176
1
 90
1
176
1
 40
1.0
176
1
 90
8
176
1
 62
7
176
1
 40
1.0
176
1
 90
1
176
1
 90
6
176
1
 90
2
176
1
 62
7
176
1
 90
5
176
1
 90
0
176
1
 90
0
176
1
290
0
176
1
 90
1
176
1
 40
0.0
176
1
 90
0
176
1
290
0
176
1
290
1
176
1
290
1
176
1
290
0
176
1
290
0
176
1
290
0
176
1
290
0
176
1
290
0
176
1
290
0
176
1
 90
50
176
1
 40
0.0
176
1
 40
1.0
176
1
 90
0
176
1
 62
18
420
0
176
1
 90
50
176
1
 90
3
176
1
 62
5
420
255
176
1
290
0
176
1
 90
50
176
1
 90
50
176
1
 90
50
176
1
290
0
176
1
 90
50
176
1
 62
256
176
0
 40
1.0
176
0
 90
2
176
1
  1
strokes_ogs.tif
176
1
290
0
176
1
 40
1.0
176
1
 40
1.0
176
1
  0
VISUALSTYLE
  5
6A
102
{ACAD_REACTORS
330
16
102
}
330
16
100
AcDbVisualStyle
  2
OverhangOff
 70
21
177
3
291
1
 70
58
 90
2
176
1
 90
2
176
1
 90
0
176
1
 90
2
176
1
 40
0.6
176
1
 40
30.0
176
1
 62
7
420
16777215
176
1
 90
1
176
1
 90
4
176
1
 62
7
176
1
 62
257
176
1
 90
1
176
1
 90
1
176
1
 40
1.0
176
1
 90
8
176
1
 62
7
176
1
 40
1.0
176
1
 90
1
176
1
 90
6
176
1
 90
2
176
1
 62
7
176
1
 90
5
176
1
 90
0
176
1
 90
0
176
1
290
0
176
1
 90
1
176
1
 40
0.0
176
1
 90
0
176
1
290
0
176
1
290
1
176
1
290
1
176
1
290
0
176
1
290
0
176
1
290
0
176
1
290
0
176
1
290
0
176
1
290
0
176
1
 90
50
176
1
 40
0.0
176
1
 40
1.0
176
1
 90
0
176
1
 62
18
420
0
176
1
 90
50
176
1
 90
3
176
1
 62
5
420
255
176
1
290
0
176
1
 90
50
176
1
 90
50
176
1
 90
50
176
1
290
0
176
1
 90
50
176
1
 62
256
176
0
 40
1.0
176
0
 90
2
176
1
  1
strokes_ogs.tif
176
1
290
0
176
1
 40
1.0
176
1
 40
1.0
176
1
  0
VISUALSTYLE
  5
6B
102
{ACAD_REACTORS
330
16
102
}
330
16
100
AcDbVisualStyle
  2
Realistic
 70
8
177
3
291
0
 70
58
 90
2
176
1
 90
2
176
1
 90
0
176
1
 90
2
176
1
 40
0.6
176
1
 40
30.0
176
1
 62
7
420
16777215
176
1
 90
1
176
1
 90
4
176
1
 62
7
176
1
 62
257
176
1
 90
1
176
1
 90
1
176
1
 40
1.0
176
1
 90
8
176
1
 62
7
176
1
 40
1.0
176
1
 90
1
176
1
 90
6
176
1
 90
2
176
1
 62
7
176
1
 90
5
176
1
 90
0
176
1
 90
0
176
1
290
0
176
1
 90
1
176
1
 40
0.0
176
1
 90
0
176
1
290
0
176
1
290
1
176
1
290
1
176
1
290
0
176
1
290
0
176
1
290
0
176
1
290
0
176
1
290
0
176
1
290
0
176
1
 90
50
176
1
 40
0.0
176
1
 40
1.0
176
1
 90
0
176
1
 62
18
420
0
176
1
 90
50
176
1
 90
3
176
1
 62
5
420
255
176
1
290
0
176
1
 90
50
176
1
 90
50
176
1
 90
50
176
1
290
0
176
1
 90
50
176
1
 62
256
176
0
 40
1.0
176
0
 90
2
176
1
  1
strokes_ogs.tif
176
1
290
0
176
1
 40
1.0
176
1
 40
1.0
176
1
  0
VISUALSTYLE
  5
6C
102
{ACAD_REACTORS
330
16
102
}
330
16
100
AcDbVisualStyle
  2
Shaded
 70
27
177
3
291
0
 70
58
 90
2
176
1
 90
2
176
1
 90
0
176
1
 90
2
176
1
 40
0.6
176
1
 40
30.0
176
1
 62
7
420
16777215
176
1
 90
1
176
1
 90
4
176
1
 62
7
176
1
 62
257
176
1
 90
1
176
1
 90
1
176
1
 40
1.0
176
1
 90
8
176
1
 62
7
176
1
 40
1.0
176
1
 90
1
176
1
 90
6
176
1
 90
2
176
1
 62
7
176
1
 90
5
176
1
 90
0
176
1
 90
0
176
1
290
0
176
1
 90
1
176
1
 40
0.0
176
1
 90
0
176
1
290
0
176
1
290
1
176
1
290
1
176
1
290
0
176
1
290
0
176
1
290
0
176
1
290
0
176
1
290
0
176
1
290
0
176
1
 90
50
176
1
 40
0.0
176
1
 40
1.0
176
1
 90
0
176
1
 62
18
420
0
176
1
 90
50
176
1
 90
3
176
1
 62
5
420
255
176
1
290
0
176
1
 90
50
176
1
 90
50
176
1
 90
50
176
1
290
0
176
1
 90
50
176
1
 62
256
176
0
 40
1.0
176
0
 90
2
176
1
  1
strokes_ogs.tif
176
1
290
0
176
1
 40
1.0
176
1
 40
1.0
176
1
  0
VISUALSTYLE
  5
6D
102
{ACAD_REACTORS
330
16
102
}
330
16
100
AcDbVisualStyle
  2
Shaded with edges
 70
26
177
3
291
0
 70
58
 90
2
176
1
 90
2
176
1
 90
0
176
1
 90
2
176
1
 40
0.6
176
1
 40
30.0
176
1
 62
7
420
16777215
176
1
 90
1
176
1
 90
4
176
1
 62
7
176
1
 62
257
176
1
 90
1
176
1
 90
1
176
1
 40
1.0
176
1
 90
8
176
1
 62
7
176
1
 40
1.0
176
1
 90
1
176
1
 90
6
176
1
 90
2
176
1
 62
7
176
1
 90
5
176
1
 90
0
176
1
 90
0
176
1
290
0
176
1
 90
1
176
1
 40
0.0
176
1
 90
0
176
1
290
0
176
1
290
1
176
1
290
1
176
1
290
0
176
1
290
0
176
1
290
0
176
1
290
0
176
1
290
0
176
1
290
0
176
1
 90
50
176
1
 40
0.0
176
1
 40
1.0
176
1
 90
0
176
1
 62
18
420
0
176
1
 90
50
176
1
 90
3
176
1
 62
5
420
255
176
1
290
0
176
1
 90
50
176
1
 90
50
176
1
 90
50
176
1
290
0
176
1
 90
50
176
1
 62
256
176
0
 40
1.0
176
0
 90
2
176
1
  1
strokes_ogs.tif
176
1
290
0
176
1
 40
1.0
176
1
 40
1.0
176
1
  0
VISUALSTYLE
  5
6E
102
{ACAD_REACTORS
330
16
102
}
330
16
100
AcDbVisualStyle
  2
Shades of Gray
 70
23
177
3
291
0
 70
58
 90
2
176
1
 90
2
176
1
 90
0
176
1
 90
2
176
1
 40
0.6
176
1
 40
30.0
176
1
 62
7
420
16777215
176
1
 90
1
176
1
 90
4
176
1
 62
7
176
1
 62
257
176
1
 90
1
176
1
 90
1
176
1
 40
1.0
176
1
 90
8
176
1
 62
7
176
1
 40
1.0
176
1
 90
1
176
1
 90
6
176
1
 90
2
176
1
 62
7
176
1
 90
5
176
1
 90
0
176
1
 90
0
176
1
290
0
176
1
 90
1
176
1
 40
0.0
176
1
 90
0
176
1
290
0
176
1
290
1
176
1
290
1
176
1
290
0
176
1
290
0
176
1
290
0
176
1
290
0
176
1
290
0
176
1
290
0
176
1
 90
50
176
1
 40
0.0
176
1
 40
1.0
176
1
 90
0
176
1
 62
18
420
0
176
1
 90
50
176
1
 90
3
176
1
 62
5
420
255
176
1
290
0
176
1
 90
50
176
1
 90
50
176
1
 90
50
176
1
290
0
176
1
 90
50
176
1
 62
256
176
0
 40
1.0
176
0
 90
2
176
1
  1
strokes_ogs.tif
176
1
290
0
176
1
 40
1.0
176
1
 40
1.0
176
1
  0
VISUALSTYLE
  5
6F
102
{ACAD_REACTORS
330
16
102
}
330
16
100
AcDbVisualStyle
  2
Sketchy
 70
24
177
3
291
0
 70
58
 90
2
176
1
 90
2
176
1
 90
0
176
1
 90
1
176
1
 40
0.6
176
1
 40
30.0
176
1
 62
7
420
16777215
176
1
 90
1
176
1
 90
4
176
1
 62
7
176
1
 62
257
176
1
 90
1
176
1
 90
1
176
1
 40
1.0
176
1
 90
8
176
1
 62
7
176
1
 40
1.0
176
1
 90
1
176
1
 90
6
176
1
 90
2
176
1
 62
7
176
1
 90
5
176
1
 90
0
176
1
 90
0
176
1
290
0
176
1
 90
1
176
1
 40
0.0
176
1
 90
0
176
1
290
0
176
1
290
1
176
1
290
1
176
1
290
0
176
1
290
0
176
1
290
0
176
1
290
0
176
1
290
0
176
1
290
0
176
1
 90
50
176
1
 40
0.0
176
1
 40
1.0
176
1
 90
0
176
1
 62
18
420
0
176
1
 90
50
176
1
 90
3
176
1
 62
5
420
255
176
1
290
0
176
1
 90
50
176
1
 90
50
176
1
 90
50
176
1
290
0
176
1
 90
50
176
1
 62
256
176
0
 40
1.0
176
0
 90
2
176
1
  1
strokes_ogs.tif
176
1
290
0
176
1
 40
1.0
176
1
 40
1.0
176
1
  0
VISUALSTYLE
  5
70
102
{ACAD_REACTORS
330
16
102
}
330
16
100
AcDbVisualStyle
  2
Thicken
 70
13
177
3
291
1
 70
58
 90
2
176
1
 90
2
176
1
 90
0
176
1
 90
2
176
1
 40
0.6
176
1
 40
30.0
176
1
 62
7
420
16777215
176
1
 90
1
176
1
 90
4
176
1
 62
7
176
1
 62
257
176
1
 90
1
176
1
 90
1
176
1
 40
1.0
176
1
 90
8
176
1
 62
7
176
1
 40
1.0
176
1
 90
1
176
1
 90
6
176
1
 90
2
176
1
 62
7
176
1
 90
5
176
1
 90
0
176
1
 90
0
176
1
290
0
176
1
 90
1
176
1
 40
0.0
176
1
 90
0
176
1
290
0
176
1
290
1
176
1
290
1
176
1
290
0
176
1
290
0
176
1
290
0
176
1
290
0
176
1
290
0
176
1
290
0
176
1
 90
50
176
1
 40
0.0
176
1
 40
1.0
176
1
 90
0
176
1
 62
18
420
0
176
1
 90
50
176
1
 90
3
176
1
 62
5
420
255
176
1
290
0
176
1
 90
50
176
1
 90
50
176
1
 90
50
176
1
290
0
176
1
 90
50
176
1
 62
256
176
0
 40
1.0
176
0
 90
2
176
1
  1
strokes_ogs.tif
176
1
290
0
176
1
 40
1.0
176
1
 40
1.0
176
1
  0
VISUALSTYLE
  5
71
102
{ACAD_REACTORS
330
16
102
}
330
16
100
AcDbVisualStyle
  2
Wireframe
 70
5
177
3
291
0
 70
58
 90
2
176
1
 90
2
176
1
 90
0
176
1
 90
0
176
1
 40
0.6
176
1
 40
30.0
176
1
 62
7
420
16777215
176
1
 90
1
176
1
 90
4
176
1
 62
7
176
1
 62
257
176
1
 90
1
176
1
 90
1
176
1
 40
1.0
176
1
 90
8
176
1
 62
7
176
1
 40
1.0
176
1
 90
1
176
1
 90
6
176
1
 90
2
176
1
 62
7
176
1
 90
5
176
1
 90
0
176
1
 90
0
176
1
290
0
176
1
 90
1
176
1
 40
0.0
176
1
 90
0
176
1
290
0
176
1
290
1
176
1
290
1
176
1
290
0
176
1
290
0
176
1
290
0
176
1
290
0
176
1
290
0
176
1
290
0
176
1
 90
50
176
1
 40
0.0
176
1
 40
1.0
176
1
 90
0
176
1
 62
18
420
0
176
1
 90
50
176
1
 90
3
176
1
 62
5
420
255
176
1
290
0
176
1
 90
50
176
1
 90
50
176
1
 90
50
176
1
290
0
176
1
 90
50
176
1
 62
256
176
0
 40
1.0
176
0
 90
2
176
1
  1
strokes_ogs.tif
176
1
290
0
176
1
 40
1.0
176
1
 40
1.0
176
1
  0
VISUALSTYLE
  5
72
102
{ACAD_REACTORS
330
16
102
}
330
16
100
AcDbVisualStyle
  2
X-Ray
 70
25
177
3
291
0
 70
58
 90
2
176
1
 90
2
176
1
 90
0
176
1
 90
2
176
1
 40
0.5
176
1
 40
30.0
176
1
 62
7
420
16777215
176
1
 90
1
176
1
 90
4
176
1
 62
7
176
1
 62
257
176
1
 90
1
176
1
 90
1
176
1
 40
1.0
176
1
 90
8
176
1
 62
7
176
1
 40
1.0
176
1
 90
1
176
1
 90
6
176
1
 90
2
176
1
 62
7
176
1
 90
5
176
1
 90
0
176
1
 90
0
176
1
290
0
176
1
 90
1
176
1
 40
0.0
176
1
 90
0
176
1
290
0
176
1
290
1
176
1
290
1
176
1
290
0
176
1
290
0
176
1
290
0
176
1
290
0
176
1
290
0
176
1
290
0
176
1
 90
50
176
1
 40
0.0
176
1
 40
1.0
176
1
 90
0
176
1
 62
18
420
0
176
1
 90
50
176
1
 90
3
176
1
 62
5
420
255
176
1
290
0
176
1
 90
50
176
1
 90
50
176
1
 90
50
176
1
290
0
176
1
 90
50
176
1
 62
256
176
0
 40
1.0
176
0
 90
2
176
1
  1
strokes_ogs.tif
176
1
290
0
176
1
 40
1.0
176
1
 40
1.0
176
1
  0
DICTIONARYVAR
  5
195
330
2D
100
DictionaryVariables
280
0
  1
1.4.4 @ 2026-09-03T07:58:50.039023+00:00
  0
ENDSEC
  0
EOF
